Sequence_Name,Tag_identificator,timestamp,date_FORMAT,x_coordinate,y_coordinate,z_coordinate,activity
A02,010-000-030-096,633790230241947475,27.05.2009 14:10:24:193,3.288137435913086,,,walking
A02,010-000-030-096,633790230244109820,27.05.2009 14:10:24:410,3.724804401397705,2.37532639503479,,walking
A02,010-000-030-096,633790230246272172,27.05.2009 14:10:24:627,3.733717918395996,2.3324546813964844,,walking
A02,010-000-030-096,633790230248434521,27.05.2009 14:10:24:843,,2.341505289077759,,walking
A02,010-000-030-096,633790230250596867,27.05.2009 14:10:25:060,4.107344150543213,,,walking
A02,010-000-030-096,633790230252759221,27.05.2009 14:10:25:277,,2.555214166641236,,walking
A02,010-000-030-096,633790230254921563,27.05.2009 14:10:25:493,,,,walking
A02,010-000-030-096,633790230257083917,27.05.2009 14:10:25:710,3.8677072525024414,1.6732395887374878,,walking
A02,010-000-030-096,633790230259246278,27.05.2009 14:10:25:923,,,0.277656227350235,walking
A02,010-000-030-096,633790230261408632,27.05.2009 14:10:26:140,2.847583770751953,,-0.0811124742031097,walking
A02,010-000-030-096,633790230263570988,27.05.2009 14:10:26:357,2.722557783126831,1.801615595817566,,walking
A02,010-000-030-096,633790230265733317,27.05.2009 14:10:26:573,2.838818311691284,,,walking
A02,010-000-030-096,633790230270058024,27.05.2009 14:10:27:007,,1.7867391109466553,-0.2143760323524475,walking
A02,010-000-030-096,633790230272220374,27.05.2009 14:10:27:223,,,,walking
A02,010-000-030-096,633790230274382726,27.05.2009 14:10:27:437,2.5984253883361816,,0.123025968670845,sitting down
A02,010-000-030-096,633790230276545070,27.05.2009 14:10:27:653,,1.5363754034042358,0.345089316368103,sitting down
A02,010-000-030-096,633790230278707419,27.05.2009 14:10:27:870,3.024590492248535,1.0670348405838013,,sitting down
A02,010-000-030-096,633790230283032126,27.05.2009 14:10:28:303,2.612051010131836,,0.0274093244224786,sitting down
A02,010-000-030-096,633790230289519163,27.05.2009 14:10:28:953,2.972706079483032,,,sitting
A02,010-000-030-096,633790230291681512,27.05.2009 14:10:29:167,,,0.2956973314285278,sitting
A02,010-000-030-096,633790230293843860,27.05.2009 14:10:29:383,,,0.2974180281162262,sitting
A02,010-000-030-096,633790230296006210,27.05.2009 14:10:29:600,2.926132678985596,,0.4529765844345093,sitting
A02,010-000-030-096,633790230298168559,27.05.2009 14:10:29:817,3.0014164447784424,,0.3064934611320495,sitting
A02,010-000-030-096,633790230300330912,27.05.2009 14:10:30:033,2.9014265537261963,1.29901921749115,,sitting
A02,010-000-030-096,633790230304655593,27.05.2009 14:10:30:467,2.569296836853028,,0.1575791239738464,sitting
A02,010-000-030-096,633790230308980311,27.05.2009 14:10:30:897,,1.3046691417694092,,sitting
A02,010-000-030-096,633790230311142665,27.05.2009 14:10:31:113,,1.2811791896820068,,sitting
A02,010-000-030-096,633790230313305015,27.05.2009 14:10:31:330,,,,sitting
A02,010-000-030-096,633790230315467363,27.05.2009 14:10:31:547,,,,sitting
A02,010-000-030-096,633790230319792063,27.05.2009 14:10:31:980,2.8478593826293945,,,sitting
A02,010-000-030-096,633790230321954405,27.05.2009 14:10:32:197,,1.3154512643814087,,sitting
A02,010-000-030-096,633790230328441433,27.05.2009 14:10:32:843,2.717748641967773,1.2367281913757324,,sitting
A02,010-000-030-096,633790230332766150,27.05.2009 14:10:33:277,2.6519408226013184,1.3322240114212036,0.3657784163951874,sitting
A02,010-000-030-096,633790230334928519,27.05.2009 14:10:33:493,3.9004530906677246,1.4526000022888184,1.033764362335205,sitting
A02,010-000-030-096,633790230337090870,27.05.2009 14:10:33:710,,1.3614046573638916,0.690478503704071,sitting
A02,010-000-030-096,633790230339253219,27.05.2009 14:10:33:927,,1.459696650505066,,sitting
A02,010-000-030-096,633790230343500525,27.05.2009 14:10:34:350,2.9522414207458496,1.7068421840667725,0.3953954875469208,sitting
A02,010-000-030-096,633790230345662890,27.05.2009 14:10:34:567,,,,sitting
A02,010-000-030-096,633790230347825241,27.05.2009 14:10:34:783,2.7470624446868896,,0.3465156257152557,sitting
A02,010-000-030-096,633790230349987588,27.05.2009 14:10:35:000,2.741408586502075,1.33095383644104,0.2231268435716629,sitting
A02,010-000-030-096,633790230352149930,27.05.2009 14:10:35:213,2.8590962886810303,1.4261223077774048,0.3839145600795746,sitting
A02,010-000-030-096,633790230354312292,27.05.2009 14:10:35:430,,,,sitting
A02,010-000-030-096,633790230356474641,27.05.2009 14:10:35:647,,,0.0449713990092277,sitting
A02,010-000-030-096,633790230358636999,27.05.2009 14:10:35:863,,1.3471451997756958,0.0252155344933271,sitting
A02,010-000-030-096,633790230360799350,27.05.2009 14:10:36:080,,,,sitting
A02,010-000-030-096,633790230362961700,27.05.2009 14:10:36:297,2.8544857501983643,1.397128701210022,,sitting
A02,010-000-030-096,633790230365124049,27.05.2009 14:10:36:513,2.795802354812622,,0.0230613220483064,sitting
A02,010-000-030-096,633790230367286400,27.05.2009 14:10:36:730,2.8308820724487305,,,sitting
A02,010-000-030-096,633790230369448734,27.05.2009 14:10:36:943,,,,sitting
A02,010-000-030-096,633790230371611083,27.05.2009 14:10:37:160,,,,sitting
A02,010-000-030-096,633790230373773424,27.05.2009 14:10:37:377,2.8034379482269287,1.2928025722503662,,sitting
A02,010-000-030-096,633790230375935754,27.05.2009 14:10:37:593,2.81298303604126,,0.0060154134407639,sitting
A02,010-000-030-096,633790230378098109,27.05.2009 14:10:37:810,,,,sitting
A02,010-000-030-096,633790230380260450,27.05.2009 14:10:38:027,,,,sitting
A02,010-000-030-096,633790230382422795,27.05.2009 14:10:38:243,,1.3986070156097412,,sitting
A02,010-000-030-096,633790230386747466,27.05.2009 14:10:38:673,,1.335906744003296,,sitting
A02,010-000-030-096,633790230388909829,27.05.2009 14:10:38:890,2.833327531814575,1.4045511484146118,,sitting
A02,010-000-030-096,633790230391072168,27.05.2009 14:10:39:107,,,,sitting
A02,010-000-030-096,633790230393234508,27.05.2009 14:10:39:323,2.859135150909424,,,sitting
A02,010-000-030-096,633790230395396857,27.05.2009 14:10:39:540,,1.396524429321289,,sitting
A02,010-000-030-096,633790230397559220,27.05.2009 14:10:39:757,,,0.0924096554517746,sitting
A02,010-000-030-096,633790230399721561,27.05.2009 14:10:39:973,,,-0.0440246351063251,sitting
A02,010-000-030-096,633790230401883900,27.05.2009 14:10:40:190,2.8085711002349854,1.3191567659378052,-0.047041792422533,sitting
A02,010-000-030-096,633790230404046261,27.05.2009 14:10:40:403,,,0.0584917664527893,sitting
A02,010-000-030-096,633790230406208602,27.05.2009 14:10:40:620,,,,sitting
A02,010-000-030-096,633790230408370943,27.05.2009 14:10:40:837,2.858906984329224,,,sitting
A02,010-000-030-096,633790230410533283,27.05.2009 14:10:41:053,,,,sitting
A02,010-000-030-096,633790230412695634,27.05.2009 14:10:41:270,2.8320915699005127,1.362385392189026,-0.0290009099990129,sitting
A02,010-000-030-096,633790230414857984,27.05.2009 14:10:41:487,2.8543589115142822,,-0.0148519007489085,sitting
A02,010-000-030-096,633790230417020328,27.05.2009 14:10:41:703,,1.3817585706710815,,sitting
A02,010-000-030-096,633790230419182675,27.05.2009 14:10:41:917,,1.3957083225250244,,sitting
A02,010-000-030-096,633790230421345025,27.05.2009 14:10:42:133,2.811342477798462,,,sitting
A02,010-000-030-096,633790230423507385,27.05.2009 14:10:42:350,2.845386028289795,1.3442636728286743,,sitting
A02,010-000-030-096,633790230425669732,27.05.2009 14:10:42:567,2.858905076980591,,0.1664821356534958,sitting
A02,010-000-030-096,633790230427832084,27.05.2009 14:10:42:783,,1.4499675035476685,0.1469436734914779,sitting
A02,010-000-030-096,633790230432156801,27.05.2009 14:10:43:217,2.8448116779327397,1.3886768817901611,,sitting
A02,010-000-030-096,633790230434319161,27.05.2009 14:10:43:433,,1.394084930419922,0.2153247445821762,sitting
A02,010-000-030-096,633790230436481507,27.05.2009 14:10:43:647,,1.2359435558319092,,sitting
A02,010-000-030-096,633790230438643848,27.05.2009 14:10:43:863,2.9855785369873047,,-0.1180260255932807,sitting
A02,010-000-030-096,633790230442968546,27.05.2009 14:10:44:297,,1.3067930936813354,,standing up from sitting
A02,010-000-030-096,633790230445130897,27.05.2009 14:10:44:513,,,0.5608816742897034,standing up from sitting
A02,010-000-030-096,633790230447293259,27.05.2009 14:10:44:730,,1.282013773918152,0.219623178243637,standing up from sitting
A02,010-000-030-096,633790230449455608,27.05.2009 14:10:44:947,3.5701677799224854,1.456335425376892,,standing up from sitting
A02,010-000-030-096,633790230453780311,27.05.2009 14:10:45:377,,1.0649302005767822,0.3991454541683197,walking
A02,010-000-030-096,633790230455942668,27.05.2009 14:10:45:593,,1.124485969543457,,walking
A02,010-000-030-096,633790230460267366,27.05.2009 14:10:46:027,2.4507040977478027,,0.110103540122509,walking
A02,010-000-030-096,633790230462429708,27.05.2009 14:10:46:243,,,0.2270878702402115,walking
A02,010-000-030-096,633790230464592046,27.05.2009 14:10:46:460,,1.2252188920974731,,walking
A02,010-000-030-096,633790230466754406,27.05.2009 14:10:46:677,2.332894325256348,1.5777570009231567,0.5729500651359558,walking
A02,010-000-030-096,633790230468916761,27.05.2009 14:10:46:893,2.566861629486084,,0.2617576420307159,walking
A02,010-000-030-096,633790230471079108,27.05.2009 14:10:47:107,,1.2864603996276855,,walking
A02,010-000-030-096,633790230473241464,27.05.2009 14:10:47:323,,1.551735758781433,,walking
A02,010-000-030-096,633790230475403805,27.05.2009 14:10:47:540,2.7955591678619385,,,walking
A02,010-000-030-096,633790230477566137,27.05.2009 14:10:47:757,,,,walking
A02,010-000-030-096,633790230479728488,27.05.2009 14:10:47:973,,,,walking
A02,010-000-030-096,633790230481890840,27.05.2009 14:10:48:190,3.0930302143096924,1.0650372505187988,0.0559072829782962,walking
A02,010-000-030-096,633790230484053190,27.05.2009 14:10:48:407,,1.4511194229125977,,walking
A02,010-000-030-096,633790230486215552,27.05.2009 14:10:48:620,,,,walking
A02,010-000-030-096,633790230488377903,27.05.2009 14:10:48:837,2.5318846702575684,1.3984612226486206,,walking
A02,010-000-030-096,633790230490540262,27.05.2009 14:10:49:053,,0.8206804990768433,0.2143785059452057,walking
A02,010-000-030-096,633790230492702613,27.05.2009 14:10:49:270,2.6136128902435303,1.0916423797607422,0.2203645855188369,walking
A02,010-000-030-096,633790230494864966,27.05.2009 14:10:49:487,,1.468974232673645,,walking
A02,010-000-030-096,633790230497027312,27.05.2009 14:10:49:703,,,-0.0368563160300254,walking
A02,010-000-030-096,633790230499189655,27.05.2009 14:10:49:920,2.371652603149414,,0.2799417674541473,walking
A02,010-000-030-096,633790230501352018,27.05.2009 14:10:50:137,2.535885810852051,,0.0449753068387508,falling
A02,010-000-030-096,633790230503514369,27.05.2009 14:10:50:350,2.6283652782440186,,,falling
A02,010-000-030-096,633790230505676728,27.05.2009 14:10:50:567,3.3284835815429688,,,falling
A02,010-000-030-096,633790230507839077,27.05.2009 14:10:50:783,,,,falling
A02,010-000-030-096,633790230510001428,27.05.2009 14:10:51:000,2.998199701309204,,0.4101229310035705,falling
A02,010-000-030-096,633790230512163770,27.05.2009 14:10:51:217,,1.4887436628341677,0.1825525313615799,falling
A02,010-000-030-096,633790230514326119,27.05.2009 14:10:51:433,3.5055899620056152,,0.7150626182556152,falling
A02,010-000-030-096,633790230516488472,27.05.2009 14:10:51:650,,,0.6575524210929871,lying
A02,010-000-030-096,633790230518650823,27.05.2009 14:10:51:867,3.192856550216675,,,lying
A02,010-000-030-096,633790230520813172,27.05.2009 14:10:52:080,3.517673969268799,0.8516715168952942,,lying
A02,010-000-030-096,633790230522975532,27.05.2009 14:10:52:297,3.593695878982544,,-0.0829054415225982,lying
A02,010-000-030-096,633790230525137898,27.05.2009 14:10:52:513,3.4860668182373047,,-0.1080417335033416,lying
A02,010-000-030-096,633790230527300254,27.05.2009 14:10:52:730,,,-0.1750191152095794,lying
A02,010-000-030-096,633790230529462610,27.05.2009 14:10:52:947,3.5568645000457764,,,lying
A02,010-000-030-096,633790230531624955,27.05.2009 14:10:53:163,,,-0.061082400381565,lying
A02,010-000-030-096,633790230533787300,27.05.2009 14:10:53:380,,0.9291303753852844,-0.0860099643468856,lying
A02,010-000-030-096,633790230535949647,27.05.2009 14:10:53:593,,1.381129503250122,0.3259033858776092,lying
A02,010-000-030-096,633790230538112005,27.05.2009 14:10:53:810,,,,lying
A02,010-000-030-096,633790230540274359,27.05.2009 14:10:54:027,,1.3086085319519043,,lying
A02,010-000-030-096,633790230542436711,27.05.2009 14:10:54:243,3.384063959121704,1.0875146389007568,,lying
A02,010-000-030-096,633790230544599063,27.05.2009 14:10:54:460,,1.565928936004639,,lying
A02,010-000-030-096,633790230546761412,27.05.2009 14:10:54:677,2.975184440612793,1.6904077529907229,,lying
A02,010-000-030-096,633790230548923742,27.05.2009 14:10:54:893,3.2865114212036133,1.7336605787277222,0.5331239104270935,lying
A02,010-000-030-096,633790230551086086,27.05.2009 14:10:55:110,,,,lying
A02,010-000-030-096,633790230553248428,27.05.2009 14:10:55:323,,1.6400415897369385,,lying
A02,010-000-030-096,633790230555410774,27.05.2009 14:10:55:540,3.333530902862549,,,lying
A02,010-000-030-096,633790230557573129,27.05.2009 14:10:55:757,3.399038791656494,,-0.0874455869197845,lying
A02,010-000-030-096,633790230559735496,27.05.2009 14:10:55:973,,,0.0910866037011146,lying
A02,010-000-030-096,633790230561897846,27.05.2009 14:10:56:190,3.3952572345733643,,0.0111317913979291,lying
A02,010-000-030-096,633790230564060192,27.05.2009 14:10:56:407,3.373011350631714,,,lying
A02,010-000-030-096,633790230566222544,27.05.2009 14:10:56:623,,,,lying
A02,010-000-030-096,633790230568384896,27.05.2009 14:10:56:840,,1.3713685274124146,,lying
A02,010-000-030-096,633790230570547235,27.05.2009 14:10:57:053,3.233149528503418,1.2618439197540283,0.3266230821609497,lying
A02,010-000-030-096,633790230572709589,27.05.2009 14:10:57:270,,1.2658729553222656,,lying
A02,010-000-030-096,633790230574871949,27.05.2009 14:10:57:487,3.2455759048461914,1.338267803192139,,lying
A02,010-000-030-096,633790230577034295,27.05.2009 14:10:57:703,3.3423285484313965,,,lying
A02,010-000-030-096,633790230579196643,27.05.2009 14:10:57:920,,0.9609789252281188,,lying
A02,010-000-030-096,633790230581358984,27.05.2009 14:10:58:137,,1.209586501121521,0.5624342560768127,lying
A02,010-000-030-096,633790230583521335,27.05.2009 14:10:58:353,3.4459388256073,1.2109336853027344,,lying
A02,010-000-030-096,633790230585683680,27.05.2009 14:10:58:570,,1.2895960807800293,,lying
A02,010-000-030-096,633790230587846029,27.05.2009 14:10:58:783,,,,lying
A02,010-000-030-096,633790230590008381,27.05.2009 14:10:59:000,3.408118486404419,,,lying
A02,010-000-030-096,633790230592170715,27.05.2009 14:10:59:217,3.182374954223633,,0.2745170593261719,lying
A02,010-000-030-096,633790230594333061,27.05.2009 14:10:59:433,,,,lying
A02,010-000-030-096,633790230596495415,27.05.2009 14:10:59:650,,,0.3031131029129028,lying
A02,010-000-030-096,633790230598657757,27.05.2009 14:10:59:867,,,0.1166326850652694,lying
A02,010-000-030-096,633790230600820103,27.05.2009 14:11:00:083,3.374584674835205,,,lying
A02,010-000-030-096,633790230602982457,27.05.2009 14:11:00:297,3.374054193496704,1.346409559249878,0.3005649149417877,lying
A02,010-000-030-096,633790230605144797,27.05.2009 14:11:00:513,,,,lying
A02,010-000-030-096,633790230607307143,27.05.2009 14:11:00:730,,1.3130340576171875,0.2499892264604568,lying
A02,010-000-030-096,633790230609469493,27.05.2009 14:11:00:947,3.430171489715576,1.3427377939224243,,lying
A02,010-000-030-096,633790230611631837,27.05.2009 14:11:01:163,,,0.3464247584342956,lying
A02,010-000-030-096,633790230613794172,27.05.2009 14:11:01:380,,1.3984237909317017,,lying
A02,010-000-030-096,633790230615956524,27.05.2009 14:11:01:597,3.255226850509644,,0.3853123784065246,lying
A02,010-000-030-096,633790230618118881,27.05.2009 14:11:01:813,,,,lying
A02,010-000-030-096,633790230620281241,27.05.2009 14:11:02:027,3.2508351802825928,1.2352136373519895,0.3402038216590881,lying
A02,010-000-030-096,633790230622443596,27.05.2009 14:11:02:243,,1.2236162424087524,,lying
A02,010-000-030-096,633790230624605941,27.05.2009 14:11:02:460,3.235900402069092,1.1815640926361084,0.3744109570980072,lying
A02,010-000-030-096,633790230626768289,27.05.2009 14:11:02:677,3.2508440017700195,,0.3610239326953888,lying
A02,010-000-030-096,633790230628930638,27.05.2009 14:11:02:893,,1.1306403875350952,,lying
A02,010-000-030-096,633790230631092985,27.05.2009 14:11:03:110,,,0.3717511594295501,lying
A02,010-000-030-096,633790230633255331,27.05.2009 14:11:03:327,,1.149039387702942,0.4097273647785187,lying
A02,010-000-030-096,633790230635417689,27.05.2009 14:11:03:543,3.2761831283569336,,0.3279580771923065,lying
A02,010-000-030-096,633790230637580036,27.05.2009 14:11:03:757,,,0.4150848090648651,lying
A02,010-000-030-096,633790230639742375,27.05.2009 14:11:03:973,3.219508647918701,,0.3189583420753479,lying
A02,010-000-030-096,633790230641904717,27.05.2009 14:11:04:190,,1.250901222229004,0.4249679446220398,lying
A02,010-000-030-096,633790230644067060,27.05.2009 14:11:04:407,3.210750102996826,1.2476624250411987,0.3971153497695923,lying
A02,010-000-030-096,633790230646229405,27.05.2009 14:11:04:623,3.19856071472168,1.1992650032043457,,lying
A02,010-000-030-096,633790230648391755,27.05.2009 14:11:04:840,3.232975482940674,1.2185763120651243,0.4279576539993286,lying
A02,010-000-030-096,633790230650554107,27.05.2009 14:11:05:057,,,,lying
A02,010-000-030-096,633790230652716465,27.05.2009 14:11:05:270,3.212057590484619,1.2169296741485596,0.4265700876712799,lying
A02,010-000-030-096,633790230654878809,27.05.2009 14:11:05:487,,,,lying
A02,010-000-030-096,633790230657041161,27.05.2009 14:11:05:703,,,,lying
A02,010-000-030-096,633790230659203510,27.05.2009 14:11:05:920,3.21868896484375,1.2350778579711914,,lying
A02,010-000-030-096,633790230661365871,27.05.2009 14:11:06:137,3.2213621139526367,1.200383186340332,,lying
A02,010-000-030-096,633790230663528231,27.05.2009 14:11:06:353,3.220910787582397,,0.4240791499614715,lying
A02,010-000-030-096,633790230665603178,27.05.2009 14:11:06:560,3.2397286891937256,1.2155274152755735,,lying
A02,010-000-030-096,633790230667765530,27.05.2009 14:11:06:777,,1.1863203048706057,,lying
A02,010-000-030-096,633790230669927879,27.05.2009 14:11:06:993,3.3447391986846924,,0.383996844291687,lying
A02,010-000-030-096,633790230672090240,27.05.2009 14:11:07:210,3.385709524154663,1.322017788887024,0.2964833080768585,lying
A02,010-000-030-096,633790230674252588,27.05.2009 14:11:07:427,3.345661401748657,,,lying
A02,010-000-030-096,633790230676414937,27.05.2009 14:11:07:640,,1.5241670608520508,0.2508318722248077,lying
A02,010-000-030-096,633790230678577284,27.05.2009 14:11:07:857,,,,lying
A02,010-000-030-096,633790230680739642,27.05.2009 14:11:08:073,,1.3858197927474976,0.2768184542655945,standing up from lying
A02,010-000-030-096,633790230682901991,27.05.2009 14:11:08:290,,,,standing up from lying
A02,010-000-030-096,633790230685064345,27.05.2009 14:11:08:507,,,,standing up from lying
A02,010-000-030-096,633790230687226699,27.05.2009 14:11:08:723,,,,standing up from lying
A02,010-000-030-096,633790230689389063,27.05.2009 14:11:08:940,,,0.1125291660428047,standing up from lying
A02,010-000-030-096,633790230691551420,27.05.2009 14:11:09:157,,,-0.0056009772233664,standing up from lying
A02,010-000-030-096,633790230693713772,27.05.2009 14:11:09:370,,,0.0302604623138904,standing up from lying
A02,010-000-030-096,633790230695876115,27.05.2009 14:11:09:587,,,,standing up from lying
A02,010-000-030-096,633790230698038465,27.05.2009 14:11:09:803,3.0342347621917725,,,standing up from lying
A02,010-000-030-096,633790230700200812,27.05.2009 14:11:10:020,3.5378143787384038,1.4126429557800293,,standing up from lying
A02,010-000-030-096,633790230702363174,27.05.2009 14:11:10:237,3.26397967338562,,0.0976557061076164,standing up from lying
A02,010-000-030-096,633790230704525525,27.05.2009 14:11:10:453,3.23792028427124,1.1202645301818848,-0.0408843606710433,standing up from lying
A02,010-000-030-096,633790230706687882,27.05.2009 14:11:10:670,3.08181381225586,1.241953730583191,,standing up from lying
A02,010-000-030-096,633790230708850238,27.05.2009 14:11:10:887,,,-0.3671295940876007,standing up from lying
A02,010-000-030-096,633790230711012593,27.05.2009 14:11:11:100,,1.088632583618164,0.1363864243030548,walking
A02,010-000-030-096,633790230713174934,27.05.2009 14:11:11:317,3.02646541595459,1.2065035104751587,0.2261174470186233,walking
A02,010-000-030-096,633790230715337296,27.05.2009 14:11:11:533,2.9877517223358154,1.3714996576309204,0.3725428283214569,walking
A02,010-000-030-096,633790230717499644,27.05.2009 14:11:11:750,,1.3555598258972168,0.2879769206047058,walking
A02,010-000-030-096,633790230719661991,27.05.2009 14:11:11:967,,1.3239704370498655,0.3542476296424866,walking
A02,010-000-030-096,633790230721824343,27.05.2009 14:11:12:183,,,,walking
A02,010-000-030-096,633790230723986680,27.05.2009 14:11:12:400,,,,walking
A02,010-000-030-096,633790230726149032,27.05.2009 14:11:12:613,3.314244747161865,,,walking
A02,010-000-030-096,633790230728311370,27.05.2009 14:11:12:830,,1.6122782230377195,-0.0148491393774747,walking
A02,010-000-030-096,633790230730473717,27.05.2009 14:11:13:047,,2.2685434818267822,0.1841842383146286,walking
A02,010-000-030-096,633790230732636069,27.05.2009 14:11:13:263,2.925821304321289,,0.0760995373129844,walking
A02,010-000-030-096,633790230734798414,27.05.2009 14:11:13:480,,,,walking
A02,010-000-030-096,633790230736960760,27.05.2009 14:11:13:697,,,,walking
A02,010-000-030-096,633790230739123107,27.05.2009 14:11:13:913,2.746793746948242,2.044062852859497,,walking
A02,010-000-030-096,633790230741285446,27.05.2009 14:11:14:130,2.297410249710083,2.217860460281372,,lying down
A02,010-000-030-096,633790230743447792,27.05.2009 14:11:14:343,,,,lying down
A02,010-000-030-096,633790230745610135,27.05.2009 14:11:14:560,,2.119116306304932,0.1948863118886947,lying down
A02,010-000-030-096,633790230747772482,27.05.2009 14:11:14:777,,2.093456983566284,0.327510803937912,lying down
A02,010-000-030-096,633790230749934833,27.05.2009 14:11:14:993,,,0.3348755836486816,lying down
A02,010-000-030-096,633790230754259514,27.05.2009 14:11:15:427,2.007399082183838,,0.1445633918046951,lying down
A02,010-000-030-096,633790230756421863,27.05.2009 14:11:15:643,1.9966561794281008,,0.2824087142944336,lying down
A02,010-000-030-096,633790230758584220,27.05.2009 14:11:15:860,2.122450351715088,,0.3029676079750061,lying down
A02,010-000-030-096,633790230760746577,27.05.2009 14:11:16:073,2.04377818107605,,,lying down
A02,010-000-030-096,633790230762908924,27.05.2009 14:11:16:290,,,,lying down
A02,010-000-030-096,633790230765071265,27.05.2009 14:11:16:507,,,0.3188214302062988,lying down
A02,010-000-030-096,633790230767233618,27.05.2009 14:11:16:723,2.217496395111084,1.568390965461731,0.1729986369609832,lying down
A02,010-000-030-096,633790230769395966,27.05.2009 14:11:16:940,,,,lying down
A02,010-000-030-096,633790230771558309,27.05.2009 14:11:17:157,2.0146138668060303,1.8570016622543333,,lying down
A02,010-000-030-096,633790230775883000,27.05.2009 14:11:17:587,2.1214823722839355,,,lying down
A02,010-000-030-096,633790230778045356,27.05.2009 14:11:17:803,2.024364709854126,,0.2693508267402649,lying
A02,010-000-030-096,633790230780207711,27.05.2009 14:11:18:020,1.836066007614136,1.8953434228897093,0.5225327610969543,lying
A02,010-000-030-096,633790230782370067,27.05.2009 14:11:18:237,,,,lying
A02,010-000-030-096,633790230784532414,27.05.2009 14:11:18:453,2.6133391857147217,,0.1279160529375076,lying
A02,010-000-030-096,633790230786694759,27.05.2009 14:11:18:670,2.5318760871887207,2.0817580223083496,,lying
A02,010-000-030-096,633790230788857115,27.05.2009 14:11:18:887,2.164731025695801,,0.380803495645523,lying
A02,010-000-030-096,633790230791019463,27.05.2009 14:11:19:103,2.2650160789489746,1.958953619003296,,lying
A02,010-000-030-096,633790230793181809,27.05.2009 14:11:19:317,2.0833935737609863,2.074225187301636,0.2525297701358795,lying
A02,010-000-030-096,633790230795344149,27.05.2009 14:11:19:533,2.057788848876953,2.047945022583008,,lying
A02,010-000-030-096,633790230797506512,27.05.2009 14:11:19:750,2.1244168281555176,,0.3252461850643158,lying
A02,010-000-030-096,633790230799668856,27.05.2009 14:11:19:967,2.02625584602356,,0.2987282574176788,lying
A02,010-000-030-096,633790230801831221,27.05.2009 14:11:20:183,,,0.2778467535972595,lying
A02,010-000-030-096,633790230803993572,27.05.2009 14:11:20:400,,,,lying
A02,010-000-030-096,633790230806155933,27.05.2009 14:11:20:617,,2.196600914001465,0.3412505686283111,lying
A02,010-000-030-096,633790230808318285,27.05.2009 14:11:20:833,2.024498462677002,2.153468608856201,0.3469810783863067,lying
A02,010-000-030-096,633790230810480629,27.05.2009 14:11:21:047,,2.0926530361175537,0.3060499727725982,lying
A02,010-000-030-096,633790230812642974,27.05.2009 14:11:21:263,,,0.3560477793216705,lying
A02,010-000-030-096,633790230814805330,27.05.2009 14:11:21:480,,,,lying
A02,010-000-030-096,633790230816967675,27.05.2009 14:11:21:697,,,0.307757705450058,lying
A02,010-000-030-096,633790230819130015,27.05.2009 14:11:21:913,2.0799400806427,,0.3059833347797394,lying
A02,010-000-030-096,633790230821292371,27.05.2009 14:11:22:130,2.319617509841919,,0.3953577280044555,lying
A02,010-000-030-096,633790230823454727,27.05.2009 14:11:22:347,,,0.5167302489280701,lying
A02,010-000-030-096,633790230825617101,27.05.2009 14:11:22:563,2.260955572128296,,0.3113499283790588,lying
A02,010-000-030-096,633790230827779444,27.05.2009 14:11:22:777,2.33008337020874,,0.4462634623050689,lying
A02,010-000-030-096,633790230829941797,27.05.2009 14:11:22:993,2.4556257724761963,2.181117296218872,0.4265463948249817,lying
A02,010-000-030-096,633790230832104141,27.05.2009 14:11:23:210,,2.163881301879883,0.3235944509506225,lying
A02,010-000-030-096,633790230834266477,27.05.2009 14:11:23:427,,2.477593183517456,0.7948297262191772,lying
A02,010-000-030-096,633790230836428831,27.05.2009 14:11:23:643,2.56841254234314,2.287414312362671,0.5650323629379272,lying
A02,010-000-030-096,633790230838591181,27.05.2009 14:11:23:860,2.557096242904663,2.30571722984314,0.4405293762683868,lying
A02,010-000-030-096,633790230840753527,27.05.2009 14:11:24:077,,,0.4886464476585388,lying
A02,010-000-030-096,633790230842915862,27.05.2009 14:11:24:290,2.570765256881714,2.2209627628326416,,lying
A02,010-000-030-096,633790230845078208,27.05.2009 14:11:24:507,,,,lying
A02,010-000-030-096,633790230847240558,27.05.2009 14:11:24:723,2.5443553924560547,,0.5107985138893127,lying
A02,010-000-030-096,633790230849402900,27.05.2009 14:11:24:940,,2.2836854457855225,,lying
A02,010-000-030-096,633790230851565260,27.05.2009 14:11:25:157,2.439894914627075,2.3491311073303223,,lying
A02,010-000-030-096,633790230853727605,27.05.2009 14:11:25:373,2.4557435512542725,,0.5118240714073181,lying
A02,010-000-030-096,633790230855889960,27.05.2009 14:11:25:590,2.5108509063720703,2.289088010787964,0.4573701322078705,lying
A02,010-000-030-096,633790230858052304,27.05.2009 14:11:25:807,2.568504810333252,2.234982490539551,,lying
A02,010-000-030-096,633790230860214638,27.05.2009 14:11:26:020,2.5016894340515137,2.311611652374268,0.5221166014671326,lying
A02,010-000-030-096,633790230862376994,27.05.2009 14:11:26:237,,2.297095537185669,0.4512931108474731,lying
A02,010-000-030-096,633790230864539340,27.05.2009 14:11:26:453,,,,lying
A02,010-000-030-096,633790230866701687,27.05.2009 14:11:26:670,2.51918625831604,2.265566349029541,0.523639976978302,lying
A02,010-000-030-096,633790230868864042,27.05.2009 14:11:26:887,2.665241479873657,2.077587604522705,,lying
A02,010-000-030-096,633790230871026381,27.05.2009 14:11:27:103,,,,lying
A02,010-000-030-096,633790230873188724,27.05.2009 14:11:27:320,,2.3656773567199707,,lying
A02,010-000-030-096,633790230875351072,27.05.2009 14:11:27:537,,2.2360520362854004,0.4348239004611969,lying
A02,010-000-030-096,633790230877513424,27.05.2009 14:11:27:750,2.4790685176849365,,0.5072867274284363,lying
A02,010-000-030-096,633790230879675784,27.05.2009 14:11:27:967,2.644630193710327,2.10982346534729,,lying
A02,010-000-030-096,633790230881838139,27.05.2009 14:11:28:183,,2.2856123447418213,,lying
A02,010-000-030-096,633790230884000499,27.05.2009 14:11:28:400,2.6662797927856445,,0.3981236517429352,lying
A02,010-000-030-096,633790230888325202,27.05.2009 14:11:28:833,,,,lying
A02,010-000-030-096,633790230890487547,27.05.2009 14:11:29:050,,2.301327705383301,0.5262148976325989,lying
A02,010-000-030-096,633790230892649891,27.05.2009 14:11:29:263,2.5541558265686035,,,lying
A02,010-000-030-096,633790230894812235,27.05.2009 14:11:29:480,,,,lying
A02,010-000-030-096,633790230896974583,27.05.2009 14:11:29:697,,,,lying
A02,010-000-030-096,633790230899136933,27.05.2009 14:11:29:913,2.5801825523376465,2.2258009910583496,0.4921007752418518,lying
A02,010-000-030-096,633790230901299280,27.05.2009 14:11:30:130,2.553384304046631,2.234890937805176,0.4478373825550079,lying
A02,010-000-030-096,633790230903461639,27.05.2009 14:11:30:347,2.570758104324341,2.243372678756714,0.5496523976325989,lying
A02,010-000-030-096,633790230905623991,27.05.2009 14:11:30:563,2.550928831100464,,,lying
A02,010-000-030-096,633790230907786334,27.05.2009 14:11:30:780,,,,lying
A02,010-000-030-096,633790230909948697,27.05.2009 14:11:30:993,,2.2981882095336914,,lying
A02,010-000-030-096,633790230912111035,27.05.2009 14:11:31:210,,2.234276056289673,0.5271778106689453,lying
A02,010-000-030-096,633790230914273380,27.05.2009 14:11:31:427,,,0.3674667179584503,lying
A02,010-000-030-096,633790230916435728,27.05.2009 14:11:31:643,,2.0455973148345947,,lying
A02,010-000-030-096,633790230918598076,27.05.2009 14:11:31:860,,2.0526318550109863,,lying
A02,010-000-030-096,633790230920760426,27.05.2009 14:11:32:077,2.576889753341675,,0.4189347922801971,lying
A02,010-000-030-096,633790230922922778,27.05.2009 14:11:32:293,,,,lying
A02,010-000-030-096,633790230925085134,27.05.2009 14:11:32:510,,,,lying
A02,010-000-030-096,633790230927247500,27.05.2009 14:11:32:723,,,,lying
A02,010-000-030-096,633790230929409846,27.05.2009 14:11:32:940,2.36822772026062,2.343644618988037,,lying
A02,010-000-030-096,633790230931572181,27.05.2009 14:11:33:157,2.6032299995422363,,0.6199500560760498,lying
A02,010-000-030-096,633790230933734528,27.05.2009 14:11:33:373,2.600815773010254,2.215667963027954,,lying
A02,010-000-030-096,633790230935896876,27.05.2009 14:11:33:590,,,0.4270405769348144,standing up from lying
A02,010-000-030-096,633790230938059237,27.05.2009 14:11:33:807,,2.1868250370025635,0.5093662738800049,standing up from lying
A02,010-000-030-096,633790230940221575,27.05.2009 14:11:34:023,2.2876994609832764,1.658842921257019,,standing up from lying
A02,010-000-030-096,633790230942383928,27.05.2009 14:11:34:240,1.9527060985565183,1.965406060218811,0.2020614594221115,standing up from lying
A02,010-000-030-096,633790230944546263,27.05.2009 14:11:34:453,,1.712299942970276,,standing up from lying
A02,010-000-030-096,633790230946708613,27.05.2009 14:11:34:670,,1.6024131774902344,0.0078151617199182,standing up from lying
A02,010-000-030-096,633790230948870941,27.05.2009 14:11:34:887,1.9857584238052368,,,standing up from lying
A02,010-000-030-096,633790230951033291,27.05.2009 14:11:35:103,,1.8427854776382449,0.2358330339193344,standing up from lying
A02,010-000-030-096,633790230953195646,27.05.2009 14:11:35:320,2.1131703853607178,,,standing up from lying
A02,010-000-030-096,633790230955358004,27.05.2009 14:11:35:537,,,,standing up from lying
A02,010-000-030-096,633790230957520345,27.05.2009 14:11:35:753,,,0.0572122521698474,standing up from lying
A02,010-000-030-096,633790230959682689,27.05.2009 14:11:35:967,,,0.118594653904438,standing up from lying
A02,010-000-030-096,633790230961845038,27.05.2009 14:11:36:183,,,0.286754310131073,standing up from lying
A02,010-000-030-096,633790230964007393,27.05.2009 14:11:36:400,2.1400880813598637,,,standing up from lying
A02,010-000-030-096,633790230966169746,27.05.2009 14:11:36:617,2.1747829914093018,,,walking
A02,010-000-030-096,633790230968332097,27.05.2009 14:11:36:833,,1.7733691930770874,,walking
A02,010-000-030-096,633790230970494453,27.05.2009 14:11:37:050,,1.466027855873108,,walking
A02,010-000-030-096,633790230972656808,27.05.2009 14:11:37:267,,1.5610768795013428,0.2152408361434936,walking
A02,010-000-030-096,633790230974819162,27.05.2009 14:11:37:483,2.634636640548706,,,walking
A02,010-000-030-096,633790230976981525,27.05.2009 14:11:37:697,2.785850524902344,1.880719780921936,,walking
A02,010-000-030-096,633790230979056784,27.05.2009 14:11:37:907,,1.7206735610961914,,walking
A02,010-000-030-096,633790230981219141,27.05.2009 14:11:38:123,,,0.1155195981264114,walking
A02,010-000-030-096,633790230983381485,27.05.2009 14:11:38:337,2.671696662902832,1.9276329278945925,0.3852151036262512,walking
A02,010-000-030-096,633790230985543842,27.05.2009 14:11:38:553,,,0.150969311594963,walking
A02,010-000-030-096,633790230987706180,27.05.2009 14:11:38:770,,,,walking
A02,010-000-030-096,633790230989868536,27.05.2009 14:11:38:987,,0.99590402841568,0.6409592628479004,walking
A02,010-000-030-096,633790230992030883,27.05.2009 14:11:39:203,,,0.4612783193588257,walking
A02,010-000-030-096,633790230994193246,27.05.2009 14:11:39:420,3.5859766006469727,,,walking
A02,010-000-030-096,633790230996355596,27.05.2009 14:11:39:637,,1.492609977722168,0.4440138936042785,walking
A02,010-000-030-096,633790230998517938,27.05.2009 14:11:39:853,3.5812551975250244,1.4596216678619385,0.2677017152309418,walking
A02,010-000-030-096,633790231000680285,27.05.2009 14:11:40:067,3.5647165775299072,1.5084213018417358,,walking
A02,010-000-030-096,633790231002842629,27.05.2009 14:11:40:283,3.322184562683105,,,walking
A02,010-000-030-096,633790231005004976,27.05.2009 14:11:40:500,,1.2239480018615725,0.8009960055351257,falling
A02,010-000-030-096,633790231007167326,27.05.2009 14:11:40:717,3.6766321659088135,,,falling
A02,010-000-030-096,633790231009329685,27.05.2009 14:11:40:933,,1.2848619222640991,,falling
A02,010-000-030-096,633790231011492039,27.05.2009 14:11:41:150,3.587587356567383,,,falling
A02,010-000-030-096,633790231013654381,27.05.2009 14:11:41:367,,,,falling
A02,010-000-030-096,633790231015816734,27.05.2009 14:11:41:583,3.470416307449341,,,falling
A02,010-000-030-096,633790231017979087,27.05.2009 14:11:41:797,,,,lying
A02,010-000-030-096,633790231020141435,27.05.2009 14:11:42:013,3.654798030853272,,0.4570126831531524,lying
A02,010-000-030-096,633790231022303790,27.05.2009 14:11:42:230,,,,lying
A02,010-000-030-096,633790231024466127,27.05.2009 14:11:42:447,,1.2265969514846802,,lying
A02,010-000-030-096,633790231026628473,27.05.2009 14:11:42:663,3.646488904953003,,0.5089515447616577,lying
A02,010-000-030-096,633790231028790812,27.05.2009 14:11:42:880,,,,lying
A02,010-000-030-096,633790231030953163,27.05.2009 14:11:43:097,,1.1151726245880127,,lying
A02,010-000-030-096,633790231033115509,27.05.2009 14:11:43:310,,,,lying
A02,010-000-030-096,633790231035277841,27.05.2009 14:11:43:527,3.693430423736572,1.1584988832473757,0.4892458319664001,lying
A02,010-000-030-096,633790231037440181,27.05.2009 14:11:43:743,3.6467537879943848,1.1566532850265503,0.5120075941085815,lying
A02,010-000-030-096,633790231039602532,27.05.2009 14:11:43:960,,1.1606987714767456,,lying
A02,010-000-030-096,633790231041764884,27.05.2009 14:11:44:177,,,,lying
A02,010-000-030-096,633790231043927232,27.05.2009 14:11:44:393,,1.1598572731018066,,lying
A02,010-000-030-096,633790231046089594,27.05.2009 14:11:44:610,,,,lying
A02,010-000-030-096,633790231048251947,27.05.2009 14:11:44:827,,1.1431657075881958,,lying
A02,010-000-030-096,633790231050414295,27.05.2009 14:11:45:040,,,0.4898495376110077,lying
A02,010-000-030-096,633790231052576644,27.05.2009 14:11:45:257,3.6594529151916495,1.142224669456482,,lying
A02,010-000-030-096,633790231054738986,27.05.2009 14:11:45:473,,1.1712591648101809,0.4783921539783478,lying
A02,010-000-030-096,633790231056901332,27.05.2009 14:11:45:690,3.669846773147583,,,lying
A02,010-000-030-096,633790231059063679,27.05.2009 14:11:45:907,,,,lying
A02,010-000-030-096,633790231061226042,27.05.2009 14:11:46:123,3.6674818992614746,1.1080368757247925,,lying
A02,010-000-030-096,633790231065550730,27.05.2009 14:11:46:557,3.668642282485962,,,lying
A02,010-000-030-096,633790231067713087,27.05.2009 14:11:46:770,,,,lying
A02,010-000-030-096,633790231069875444,27.05.2009 14:11:46:987,3.623134613037109,,,lying
A02,010-000-030-096,633790231072037807,27.05.2009 14:11:47:203,,1.1580438613891602,,lying
A02,010-000-030-096,633790231074200160,27.05.2009 14:11:47:420,,1.157496213912964,,lying
A02,010-000-030-096,633790231076362499,27.05.2009 14:11:47:637,,,0.4623317420482635,lying
A02,010-000-030-096,633790231078524847,27.05.2009 14:11:47:853,3.6486074924468994,,,lying
A02,010-000-030-096,633790231080687189,27.05.2009 14:11:48:070,,,,lying
A02,010-000-030-096,633790231082849541,27.05.2009 14:11:48:283,,,0.4281588494777679,lying
A02,010-000-030-096,633790231085011896,27.05.2009 14:11:48:500,,1.162142038345337,,lying
A02,010-000-030-096,633790231087174245,27.05.2009 14:11:48:717,,1.1353645324707031,0.4428957104682922,lying
A02,010-000-030-096,633790231089336589,27.05.2009 14:11:48:933,,,0.5073661804199219,lying
A02,010-000-030-096,633790231091498935,27.05.2009 14:11:49:150,3.6704764366149902,1.1033568382263184,0.4222247004508972,lying
A02,010-000-030-096,633790231093661273,27.05.2009 14:11:49:367,3.675043821334839,,,lying
A02,010-000-030-096,633790231095823623,27.05.2009 14:11:49:583,,,0.4824351966381073,lying
A02,010-000-030-096,633790231097985970,27.05.2009 14:11:49:800,3.661635398864746,1.1331045627593994,,lying
A02,010-000-030-096,633790231100148319,27.05.2009 14:11:50:013,3.669910430908203,1.1555224657058716,0.5068467259407043,lying
A02,010-000-030-096,633790231102310671,27.05.2009 14:11:50:230,,,,lying
A02,010-000-030-096,633790231104473013,27.05.2009 14:11:50:447,,,0.4472635388374328,lying
A02,010-000-030-096,633790231106635361,27.05.2009 14:11:50:663,3.660062074661255,1.1364643573760986,,lying
A02,010-000-030-096,633790231108797712,27.05.2009 14:11:50:880,,1.1376726627349854,0.4442983865737915,lying
A02,010-000-030-096,633790231110960071,27.05.2009 14:11:51:097,3.666075229644776,,,lying
A02,010-000-030-096,633790231113122424,27.05.2009 14:11:51:313,,1.156834602355957,0.4344384968280792,lying
A02,010-000-030-096,633790231115284789,27.05.2009 14:11:51:530,,1.1561834812164309,,lying
A02,010-000-030-096,633790231117447133,27.05.2009 14:11:51:743,3.673433303833008,,0.4515008926391601,lying
A02,010-000-030-096,633790231119609480,27.05.2009 14:11:51:960,,1.1392111778259275,0.5177427530288696,lying
A02,010-000-030-096,633790231121771843,27.05.2009 14:11:52:177,,1.1345984935760498,,lying
A02,010-000-030-096,633790231123934198,27.05.2009 14:11:52:393,3.61508059501648,1.1666959524154663,,lying
A02,010-000-030-096,633790231126096547,27.05.2009 14:11:52:610,3.654975414276123,1.1525729894638062,0.4253014624118805,lying
A02,010-000-030-096,633790231128258889,27.05.2009 14:11:52:827,,1.1186914443969729,0.437015026807785,lying
A02,010-000-030-096,633790231130421229,27.05.2009 14:11:53:043,3.679077863693237,,0.4204108119010925,lying
A02,010-000-030-096,633790231132583570,27.05.2009 14:11:53:260,,1.1202001571655271,0.4674996435642242,lying
A02,010-000-030-096,633790231134745910,27.05.2009 14:11:53:473,,1.157248616218567,,lying
A02,010-000-030-096,633790231136908258,27.05.2009 14:11:53:690,3.5956428050994877,1.2157864570617676,,lying
A02,010-000-030-096,633790231139070598,27.05.2009 14:11:53:907,3.663982629776001,1.1402926445007324,,lying
A02,010-000-030-096,633790231141232939,27.05.2009 14:11:54:123,3.684036254882813,,0.4687131941318512,lying
A02,010-000-030-096,633790231143395305,27.05.2009 14:11:54:340,3.667712688446045,1.138555645942688,0.4500413537025451,lying
A02,010-000-030-096,633790231145557660,27.05.2009 14:11:54:557,,,0.474272221326828,lying
A02,010-000-030-096,633790231147720014,27.05.2009 14:11:54:773,,1.1564736366271973,0.4717001318931579,lying
A02,010-000-030-096,633790231149882362,27.05.2009 14:11:54:987,,1.165894865989685,0.4272141456604004,lying
A02,010-000-030-096,633790231152044700,27.05.2009 14:11:55:203,,1.1598587036132812,,lying
A02,010-000-030-096,633790231154207053,27.05.2009 14:11:55:420,,1.1537686586380005,0.4896847605705261,lying
A02,010-000-030-096,633790231156369400,27.05.2009 14:11:55:637,3.677537202835083,,0.5000567436218262,lying
A02,010-000-030-096,633790231158531750,27.05.2009 14:11:55:853,3.6520702838897705,1.1103419065475464,0.523239016532898,lying
A02,010-000-030-096,633790231160694094,27.05.2009 14:11:56:070,3.5426459312438965,,0.2987359762191772,lying
A02,010-000-030-096,633790231162856447,27.05.2009 14:11:56:287,3.5581326484680176,,,lying
A02,010-000-030-096,633790231165018783,27.05.2009 14:11:56:503,3.6829488277435294,,,lying
A02,010-000-030-096,633790231167181125,27.05.2009 14:11:56:717,3.7779388427734375,,,standing up from lying
A02,010-000-030-096,633790231169343467,27.05.2009 14:11:56:933,3.871190071105957,1.0063680410385132,0.2226537317037582,standing up from lying
A02,010-000-030-096,633790231171505813,27.05.2009 14:11:57:150,,,,standing up from lying
A02,010-000-030-096,633790231173668168,27.05.2009 14:11:57:367,,0.6364265084266663,,standing up from lying
A02,010-000-030-096,633790231175830512,27.05.2009 14:11:57:583,,,0.226609319448471,standing up from lying
A02,010-000-030-096,633790231177992867,27.05.2009 14:11:57:800,,,0.161918818950653,standing up from lying
A02,010-000-030-096,633790231180155214,27.05.2009 14:11:58:017,3.5703768730163574,0.844416618347168,,standing up from lying
A02,010-000-030-096,633790231182317568,27.05.2009 14:11:58:233,,,,standing up from lying
A02,010-000-030-096,633790231184479913,27.05.2009 14:11:58:447,,,,standing up from lying
A02,010-000-030-096,633790231186642270,27.05.2009 14:11:58:663,3.682039260864258,1.2475411891937256,0.3009797930717468,standing up from lying
A02,010-000-030-096,633790231188804618,27.05.2009 14:11:58:880,,,,standing up from lying
A02,010-000-030-096,633790231190966981,27.05.2009 14:11:59:097,3.837783336639404,1.169732928276062,,standing up from lying
A02,010-000-030-096,633790231193129344,27.05.2009 14:11:59:313,3.9051105976104736,,,standing up from lying
A02,010-000-030-096,633790231195291695,27.05.2009 14:11:59:530,,1.4960438013076782,0.4190768599510193,standing up from lying
A02,010-000-030-096,633790231197454045,27.05.2009 14:11:59:747,3.702857732772827,,0.2079768627882003,standing up from lying
A02,010-000-030-096,633790231199616397,27.05.2009 14:11:59:960,,,0.3877321183681488,standing up from lying
A02,010-000-030-096,633790231201778738,27.05.2009 14:12:00:177,,,,walking
A02,010-000-030-096,633790231203941102,27.05.2009 14:12:00:393,3.479344606399536,1.2736079692840576,0.4652694463729858,walking
A02,010-000-030-096,633790231206103464,27.05.2009 14:12:00:610,3.4121601581573486,0.4787566661834717,-0.5202933549880981,walking
A02,010-000-030-096,633790231208265812,27.05.2009 14:12:00:827,,1.993552565574646,,walking
A02,010-000-030-096,633790231210428159,27.05.2009 14:12:01:043,,2.211630344390869,,walking
A02,010-000-030-096,633790231212590507,27.05.2009 14:12:01:260,3.197514295578003,,,walking
A02,010-000-030-096,633790231214752856,27.05.2009 14:12:01:477,,2.01558780670166,,walking
A02,010-000-030-096,633790231216915212,27.05.2009 14:12:01:690,3.153975009918213,,,walking
A02,010-000-030-096,633790231219077560,27.05.2009 14:12:01:907,2.959301710128784,2.02799129486084,,walking
A02,010-000-030-096,633790231221239914,27.05.2009 14:12:02:123,,2.0321497917175293,,walking
A02,010-000-030-096,633790231223402260,27.05.2009 14:12:02:340,2.347496509552002,2.1121387481689453,0.1457129716873169,walking
A02,010-000-030-096,633790231225564612,27.05.2009 14:12:02:557,,2.166658639907837,0.1322638988494873,walking
A02,010-000-030-096,633790231229889297,27.05.2009 14:12:02:990,2.340761184692383,2.105430126190185,,walking
A02,010-000-030-096,633790231232051649,27.05.2009 14:12:03:207,2.4375975131988525,2.012047290802002,0.1864958107471466,walking
A02,010-000-030-096,633790231234214000,27.05.2009 14:12:03:420,,1.9175165891647337,,walking
A02,010-000-030-096,633790231236376358,27.05.2009 14:12:03:637,,,,walking
A02,010-000-030-096,633790231238538713,27.05.2009 14:12:03:853,2.555464744567871,,,walking
A02,010-000-030-096,633790231240701055,27.05.2009 14:12:04:070,,1.117832899093628,,walking
A02,010-000-030-096,633790231242863408,27.05.2009 14:12:04:287,2.756389141082764,1.156222939491272,,walking
A02,010-000-030-096,633790231245025751,27.05.2009 14:12:04:503,2.9039292335510254,,,walking
A02,010-000-030-096,633790231247188099,27.05.2009 14:12:04:720,,,0.2274495959281921,walking
A02,010-000-030-096,633790231249350445,27.05.2009 14:12:04:937,,1.5459611415863037,0.3801201283931732,walking
A02,010-000-030-096,633790231251512798,27.05.2009 14:12:05:150,3.073018312454224,,,walking
A02,010-000-030-096,633790231253675134,27.05.2009 14:12:05:367,2.926903486251831,1.3749159574508667,,walking
A02,010-000-030-096,633790231255837477,27.05.2009 14:12:05:583,,,0.5029823780059814,walking
A02,010-000-030-096,633790231257999812,27.05.2009 14:12:05:800,3.2057902812957764,,0.4830873310565948,sitting down
A02,010-000-030-096,633790231260162150,27.05.2009 14:12:06:017,3.205250740051269,,0.1708528101444244,sitting down
A02,010-000-030-096,633790231262324506,27.05.2009 14:12:06:233,3.3212602138519287,1.5140376091003418,0.3297674357891083,sitting
A02,010-000-030-096,633790231264486857,27.05.2009 14:12:06:450,,,0.3623941540718078,sitting
A02,010-000-030-096,633790231266649211,27.05.2009 14:12:06:663,3.2038381099700928,1.4302396774291992,,sitting
A02,010-000-030-096,633790231268811562,27.05.2009 14:12:06:880,3.1772615909576416,,,sitting
A02,010-000-030-096,633790231270973913,27.05.2009 14:12:07:097,3.22055459022522,1.3856277465820312,0.5982810854911804,sitting
A02,010-000-030-096,633790231273136258,27.05.2009 14:12:07:313,3.1750617027282715,1.3860752582550049,0.5850555300712585,sitting
A02,010-000-030-096,633790231275298597,27.05.2009 14:12:07:530,3.1792516708374023,,,sitting
A02,010-000-030-096,633790231277460945,27.05.2009 14:12:07:747,,1.4274029731750488,0.5833415389060974,sitting
A02,010-000-030-096,633790231279623287,27.05.2009 14:12:07:963,,1.437829613685608,,sitting
A02,010-000-030-096,633790231281785638,27.05.2009 14:12:08:180,3.19533371925354,,0.5558527112007141,sitting
A02,010-000-030-096,633790231283947986,27.05.2009 14:12:08:393,3.171577215194702,,,sitting
A02,010-000-030-096,633790231286110346,27.05.2009 14:12:08:610,,,0.4963350892066955,sitting
A02,010-000-030-096,633790231288272682,27.05.2009 14:12:08:827,,,0.4821668565273285,sitting
A02,010-000-030-096,633790231290435036,27.05.2009 14:12:09:043,,,0.5409651398658752,sitting
A02,010-000-030-096,633790231292597379,27.05.2009 14:12:09:260,3.1801767349243164,1.3836134672164917,,sitting
A02,010-000-030-096,633790231294759737,27.05.2009 14:12:09:477,3.197288990020752,1.4100418090820312,0.5302461981773376,sitting
A02,010-000-030-096,633790231296922081,27.05.2009 14:12:09:693,3.197829008102417,,,sitting
A02,010-000-030-096,633790231299084424,27.05.2009 14:12:09:910,,1.37892484664917,,sitting
A02,010-000-030-096,633790231301246770,27.05.2009 14:12:10:123,,,0.5030797123908997,sitting
A02,010-000-030-096,633790231303409120,27.05.2009 14:12:10:340,3.1965816020965576,,0.5345659255981445,sitting
A02,010-000-030-096,633790231305571471,27.05.2009 14:12:10:557,3.216882705688477,,0.4982340335845947,sitting
A02,010-000-030-096,633790231307733828,27.05.2009 14:12:10:773,,,,sitting
A02,010-000-030-096,633790231309896177,27.05.2009 14:12:10:990,3.172351598739624,,0.4690166711807251,sitting
A02,010-000-030-096,633790231312058529,27.05.2009 14:12:11:207,,1.381394863128662,0.5690258741378784,sitting
A02,010-000-030-096,633790231314220887,27.05.2009 14:12:11:423,,1.4103509187698364,0.4708708226680755,sitting
A02,010-000-030-096,633790231316383227,27.05.2009 14:12:11:637,,,,sitting
A02,010-000-030-096,633790231318545586,27.05.2009 14:12:11:853,,,,sitting
A02,010-000-030-096,633790231320707949,27.05.2009 14:12:12:070,,,0.5834976434707642,sitting
A02,010-000-030-096,633790231322870300,27.05.2009 14:12:12:287,,1.4381402730941772,,sitting
A02,010-000-030-096,633790231325032651,27.05.2009 14:12:12:503,3.174556016921997,,,sitting
A02,010-000-030-096,633790231327194993,27.05.2009 14:12:12:720,3.181734085083008,1.3802530765533447,,sitting
A02,010-000-030-096,633790231329357345,27.05.2009 14:12:12:937,,,0.4677286148071289,sitting
A02,010-000-030-096,633790231331519691,27.05.2009 14:12:13:153,3.1965317726135254,1.4060784578323364,0.5207763314247131,sitting
A02,010-000-030-096,633790231333682051,27.05.2009 14:12:13:367,,,0.5441150665283203,sitting
A02,010-000-030-096,633790231335844398,27.05.2009 14:12:13:583,3.198638677597046,,,sitting
A02,010-000-030-096,633790231338006736,27.05.2009 14:12:13:800,3.1839935779571533,,,sitting
A02,010-000-030-096,633790231340169085,27.05.2009 14:12:14:017,,,,sitting
A02,010-000-030-096,633790231342331434,27.05.2009 14:12:14:233,3.218237400054932,,,sitting
A02,010-000-030-096,633790231344493789,27.05.2009 14:12:14:450,3.1776669025421143,,,sitting
A02,010-000-030-096,633790231346656141,27.05.2009 14:12:14:667,,,,sitting
A02,010-000-030-096,633790231348818485,27.05.2009 14:12:14:883,,,0.4961759448051452,sitting
A02,010-000-030-096,633790231350980833,27.05.2009 14:12:15:097,,,0.4709729254245758,sitting
A02,010-000-030-096,633790231353143197,27.05.2009 14:12:15:313,,1.3791013956069946,0.5520040988922119,sitting
A02,010-000-030-096,633790231355305552,27.05.2009 14:12:15:530,3.172694206237793,1.3818801641464231,,sitting
A02,010-000-030-096,633790231357467897,27.05.2009 14:12:15:747,,1.3823693990707395,0.4508265852928161,sitting
A02,010-000-030-096,633790231361707003,27.05.2009 14:12:16:170,3.1801743507385254,,,sitting
A02,010-000-030-096,633790231363869351,27.05.2009 14:12:16:387,3.1750638484954834,,,sitting
A02,010-000-030-096,633790231366031692,27.05.2009 14:12:16:603,,1.3386871814727783,,sitting
A02,010-000-030-096,633790231368194036,27.05.2009 14:12:16:820,3.193624258041382,,,sitting
A02,010-000-030-096,633790231370356397,27.05.2009 14:12:17:037,3.2109336853027344,1.4429409503936768,0.5713914036750793,sitting
A02,010-000-030-096,633790231372518746,27.05.2009 14:12:17:253,,1.380380153656006,,sitting
A02,010-000-030-096,633790231374681085,27.05.2009 14:12:17:467,,,0.4692642092704773,sitting
A02,010-000-030-096,633790231376843441,27.05.2009 14:12:17:683,3.170032024383545,,,sitting
A02,010-000-030-096,633790231379005801,27.05.2009 14:12:17:900,,,,sitting
A02,010-000-030-096,633790231381168166,27.05.2009 14:12:18:117,3.191917181015014,1.433857798576355,0.4983041882514953,sitting
A02,010-000-030-096,633790231383330507,27.05.2009 14:12:18:333,,1.4306946992874146,,sitting
A02,010-000-030-096,633790231385492848,27.05.2009 14:12:18:550,3.1728315353393555,,,sitting
A02,010-000-030-096,633790231387655186,27.05.2009 14:12:18:767,,1.3854893445968628,,sitting
A02,010-000-030-096,633790231389817523,27.05.2009 14:12:18:983,3.1961169242858887,1.4141478538513184,,sitting
A02,010-000-030-096,633790231391979875,27.05.2009 14:12:19:197,3.195853471755981,,0.504585325717926,sitting
A02,010-000-030-096,633790231394142221,27.05.2009 14:12:19:413,,,,sitting
A02,010-000-030-096,633790231396304574,27.05.2009 14:12:19:630,,,,sitting
A02,010-000-030-096,633790231398466932,27.05.2009 14:12:19:847,,,,sitting
A02,010-000-030-096,633790231400629290,27.05.2009 14:12:20:063,3.154835700988769,1.381057858467102,0.5416333079338074,sitting
A02,010-000-030-096,633790231402791628,27.05.2009 14:12:20:280,,,0.4995323121547699,sitting
A02,010-000-030-096,633790231404953958,27.05.2009 14:12:20:497,,,0.4460313618183136,sitting
A02,010-000-030-096,633790231407116318,27.05.2009 14:12:20:710,3.1744132041931152,,0.5204719305038452,sitting
A02,010-000-030-096,633790231409278667,27.05.2009 14:12:20:927,3.1772022247314453,1.3790700435638428,0.520925760269165,sitting
A02,010-000-030-096,633790231411441022,27.05.2009 14:12:21:143,3.1914570331573486,1.409650802612305,0.5824213624000549,sitting
A02,010-000-030-096,633790231413603365,27.05.2009 14:12:21:360,3.177330732345581,,0.5077443718910217,sitting
A02,010-000-030-096,633790231415765697,27.05.2009 14:12:21:577,,,,sitting
A02,010-000-030-096,633790231417928047,27.05.2009 14:12:21:793,3.2027413845062256,1.4270254373550415,,sitting
A02,010-000-030-096,633790231420090396,27.05.2009 14:12:22:010,,,,sitting
A02,010-000-030-096,633790231422252754,27.05.2009 14:12:22:227,3.195039749145508,,,sitting
A02,010-000-030-096,633790231424415110,27.05.2009 14:12:22:440,,1.4275054931640625,0.6633791923522949,sitting
A02,010-000-030-096,633790231426577470,27.05.2009 14:12:22:657,3.205049514770508,,0.5778533816337585,sitting
A02,010-000-030-096,633790231428739814,27.05.2009 14:12:22:873,,,0.7589259743690491,sitting
A02,010-000-030-096,633790231430902169,27.05.2009 14:12:23:090,3.7461678981781006,0.7163148522377014,,sitting
A02,010-000-030-096,633790231433064509,27.05.2009 14:12:23:307,3.635741710662842,0.8062757253646851,0.2757061421871185,sitting
A02,010-000-030-096,633790231435226840,27.05.2009 14:12:23:523,,,,sitting
A02,010-000-030-096,633790231437389177,27.05.2009 14:12:23:740,,1.014082431793213,0.3165873885154724,sitting
A02,010-000-030-096,633790231443876204,27.05.2009 14:12:24:387,3.5537374019622803,0.9111918807029724,0.337542176246643,sitting
A02,010-000-030-096,633790231446038559,27.05.2009 14:12:24:603,,,,sitting
A02,010-000-030-096,633790231448200902,27.05.2009 14:12:24:820,,0.7951217293739319,0.3282848596572876,falling
A02,010-000-030-096,633790231450363241,27.05.2009 14:12:25:037,3.780898571014404,,0.4178138673305511,sitting on the ground
A02,010-000-030-096,633790231452525599,27.05.2009 14:12:25:253,,1.0041314363479614,,sitting on the ground
A02,010-000-030-096,633790231454687957,27.05.2009 14:12:25:470,,,0.4480915367603302,sitting on the ground
A02,010-000-030-096,633790231456850312,27.05.2009 14:12:25:687,3.9540998935699454,,,sitting on the ground
A02,010-000-030-096,633790231459012660,27.05.2009 14:12:25:900,4.118227005004883,1.3121094703674316,,sitting on the ground
A02,010-000-030-096,633790231461175014,27.05.2009 14:12:26:117,,1.2038429975509644,,sitting on the ground
A02,010-000-030-096,633790231463337373,27.05.2009 14:12:26:333,,1.1601014137268066,,sitting on the ground
A02,010-000-030-096,633790231465499718,27.05.2009 14:12:26:550,,1.1699814796447754,,sitting on the ground
A02,010-000-030-096,633790231467662058,27.05.2009 14:12:26:767,4.192831516265869,1.1788254976272583,0.0906446129083633,sitting on the ground
A02,010-000-030-096,633790231469824418,27.05.2009 14:12:26:983,,,,sitting on the ground
A02,010-000-030-096,633790231471986770,27.05.2009 14:12:27:200,4.1691203117370605,,,sitting on the ground
A02,010-000-030-096,633790231474149123,27.05.2009 14:12:27:413,4.18322229385376,1.2205841541290283,0.1531708091497421,sitting on the ground
A02,010-000-030-096,633790231476311469,27.05.2009 14:12:27:630,,1.104134440422058,0.2164001166820526,sitting on the ground
A02,010-000-030-096,633790231478473814,27.05.2009 14:12:27:847,,,,sitting on the ground
A02,010-000-030-096,633790231480636172,27.05.2009 14:12:28:063,4.216605186462402,,,sitting on the ground
A02,010-000-030-096,633790231482798518,27.05.2009 14:12:28:280,4.176104068756104,,0.0874000936746597,sitting on the ground
A02,010-000-030-096,633790231484960866,27.05.2009 14:12:28:497,4.143956661224365,,0.2481115758419037,sitting on the ground
A02,010-000-030-096,633790231487123213,27.05.2009 14:12:28:713,,1.195885419845581,,sitting on the ground
A02,010-000-030-096,633790231491447909,27.05.2009 14:12:29:143,4.14152193069458,1.1426069736480713,,sitting on the ground
A02,010-000-030-096,633790231493610253,27.05.2009 14:12:29:360,4.185459613800049,,,sitting on the ground
A02,010-000-030-096,633790231495772612,27.05.2009 14:12:29:577,,1.1088786125183103,0.0723823830485344,sitting on the ground
A02,010-000-030-096,633790231497934973,27.05.2009 14:12:29:793,,,0.0442107878625392,sitting on the ground
A02,010-000-030-096,633790231500097322,27.05.2009 14:12:30:010,4.160956382751465,,0.2666463553905487,sitting on the ground
A02,010-000-030-096,633790231502259674,27.05.2009 14:12:30:227,,1.1637203693389893,,sitting on the ground
A02,010-000-030-096,633790231504422026,27.05.2009 14:12:30:443,4.167231559753418,1.150409698486328,,sitting on the ground
A02,010-000-030-096,633790231506584382,27.05.2009 14:12:30:660,,,0.2344330549240112,sitting on the ground
A02,010-000-030-096,633790231508746740,27.05.2009 14:12:30:873,4.185657978057861,1.1459929943084717,0.2004112750291824,sitting on the ground
A02,010-000-030-096,633790231510909079,27.05.2009 14:12:31:090,,,,sitting on the ground
A02,010-000-030-096,633790231513071422,27.05.2009 14:12:31:307,4.144960880279541,,,sitting on the ground
A02,010-000-030-096,633790231515233767,27.05.2009 14:12:31:523,4.164697170257568,,0.2310168594121933,sitting on the ground
A02,010-000-030-096,633790231517396122,27.05.2009 14:12:31:740,4.140936851501465,1.1814955472946167,0.2555414736270904,sitting on the ground
A02,010-000-030-096,633790231519558472,27.05.2009 14:12:31:957,4.173892974853516,1.1472651958465576,0.2451511472463607,sitting on the ground
A02,010-000-030-096,633790231521720828,27.05.2009 14:12:32:173,4.159143447875977,1.1735477447509766,0.2555570006370544,sitting on the ground
A02,010-000-030-096,633790231523883184,27.05.2009 14:12:32:387,4.198663234710693,1.1531049013137815,,sitting on the ground
A02,010-000-030-096,633790231526045523,27.05.2009 14:12:32:603,4.173803329467773,,0.2552326917648315,sitting on the ground
A02,010-000-030-096,633790231528207884,27.05.2009 14:12:32:820,4.136887073516846,1.1677772998809814,,sitting on the ground
A02,010-000-030-096,633790231530370225,27.05.2009 14:12:33:037,,1.1658416986465454,,sitting on the ground
A02,010-000-030-096,633790231532532579,27.05.2009 14:12:33:253,,1.1862423419952393,0.2579047679901123,sitting on the ground
A02,010-000-030-096,633790231534694924,27.05.2009 14:12:33:470,,,0.1248890236020088,sitting on the ground
A02,010-000-030-096,633790231536857272,27.05.2009 14:12:33:687,4.108042240142822,1.1203993558883667,,sitting on the ground
A02,010-000-030-096,633790231539019630,27.05.2009 14:12:33:903,4.227459907531738,,,sitting on the ground
A02,010-000-030-096,633790231541181983,27.05.2009 14:12:34:117,4.196394443511963,,,sitting on the ground
A02,010-000-030-096,633790231543344335,27.05.2009 14:12:34:333,4.158295631408691,,0.2082640975713729,sitting on the ground
A02,010-000-030-096,633790231545506693,27.05.2009 14:12:34:550,,,,sitting on the ground
A02,010-000-030-096,633790231547669038,27.05.2009 14:12:34:767,4.175541877746582,,0.2000639587640762,sitting on the ground
A02,010-000-030-096,633790231549831378,27.05.2009 14:12:34:983,,,0.003193476004526,sitting on the ground
A02,010-000-030-096,633790231551993720,27.05.2009 14:12:35:200,4.190596580505371,1.207864761352539,0.0668698772788047,sitting on the ground
A02,010-000-030-096,633790231554156076,27.05.2009 14:12:35:417,,,0.2209314703941345,sitting on the ground
A02,010-000-030-096,633790231556318419,27.05.2009 14:12:35:633,,,0.2404486238956451,sitting on the ground
A02,010-000-030-096,633790231558480765,27.05.2009 14:12:35:847,4.1878437995910645,1.216812014579773,,sitting on the ground
A02,010-000-030-096,633790231560643117,27.05.2009 14:12:36:063,,1.2492691278457642,0.0131812514737248,sitting on the ground
A02,010-000-030-096,633790231562805457,27.05.2009 14:12:36:280,,,,sitting on the ground
A02,010-000-030-096,633790231564967813,27.05.2009 14:12:36:497,,1.1875735521316528,0.0382665954530239,sitting on the ground
A02,010-000-030-096,633790231567130169,27.05.2009 14:12:36:713,4.236072063446045,,-0.00800103507936,sitting on the ground
A02,010-000-030-096,633790231569292524,27.05.2009 14:12:36:930,4.217473983764648,,,sitting on the ground
A02,010-000-030-096,633790231571454875,27.05.2009 14:12:37:147,4.173858642578125,,,sitting on the ground
A02,010-000-030-096,633790231573617220,27.05.2009 14:12:37:363,,,0.2304727584123611,sitting on the ground
A02,010-000-030-096,633790231577941911,27.05.2009 14:12:37:793,,1.182856798171997,0.2111254334449768,sitting on the ground
A02,010-000-030-096,633790231580022534,27.05.2009 14:12:38:003,,,0.1907087862491607,sitting on the ground
A02,010-000-030-096,633790231582184884,27.05.2009 14:12:38:220,,1.1747641563415527,0.2029112577438354,sitting on the ground
A02,010-000-030-096,633790231584347223,27.05.2009 14:12:38:433,,1.090315580368042,0.2165791392326355,sitting on the ground
A02,010-000-030-096,633790231586509573,27.05.2009 14:12:38:650,,1.1566259860992432,,sitting on the ground
A02,010-000-030-096,633790231588671926,27.05.2009 14:12:38:867,,,0.1910177022218704,sitting on the ground
A02,010-000-030-096,633790231590834278,27.05.2009 14:12:39:083,,,0.1437116712331771,sitting on the ground
A02,010-000-030-096,633790231592996629,27.05.2009 14:12:39:300,4.1748247146606445,1.17165207862854,,sitting on the ground
A02,010-000-030-096,633790231595158978,27.05.2009 14:12:39:517,,,0.2266651690006256,sitting on the ground
A02,010-000-030-096,633790231597321327,27.05.2009 14:12:39:733,1.6038678884506226,1.4834623336791992,,sitting on the ground
A02,010-000-030-096,633790231599483674,27.05.2009 14:12:39:950,,1.184545397758484,,sitting on the ground
A02,010-000-030-096,633790231601646025,27.05.2009 14:12:40:163,,,,sitting on the ground
A02,010-000-030-096,633790231603808376,27.05.2009 14:12:40:380,,1.1704035997390747,,sitting on the ground
A02,010-000-030-096,633790231605970710,27.05.2009 14:12:40:597,4.227601528167725,,,sitting on the ground
A02,010-000-030-096,633790231608133064,27.05.2009 14:12:40:813,,,,sitting on the ground
A02,010-000-030-096,633790231610295408,27.05.2009 14:12:41:030,4.387744903564453,1.5430262088775637,0.4095171988010406,standing up from sitting on the ground
A02,010-000-030-096,633790231612457742,27.05.2009 14:12:41:247,,1.484461545944214,,standing up from sitting on the ground
A02,010-000-030-096,633790231614620073,27.05.2009 14:12:41:463,4.385432243347168,1.4021062850952148,,standing up from sitting on the ground
A02,010-000-030-096,633790231616782428,27.05.2009 14:12:41:677,4.284260749816895,,-0.0364392884075641,standing up from sitting on the ground
A02,010-000-030-096,633790231618944768,27.05.2009 14:12:41:893,,,0.5316052436828613,standing up from sitting on the ground
A02,010-000-030-096,633790231621107112,27.05.2009 14:12:42:110,,,0.5985358357429504,standing up from sitting on the ground
A02,010-000-030-096,633790231623269460,27.05.2009 14:12:42:327,3.7615036964416495,,,standing up from sitting on the ground
A02,010-000-030-096,633790231625431805,27.05.2009 14:12:42:543,,1.7729313373565674,0.5343352556228638,standing up from sitting on the ground
A02,010-000-030-096,633790231627594138,27.05.2009 14:12:42:760,,1.8830101490020752,0.2943835854530334,standing up from sitting on the ground
A02,010-000-030-096,633790231629756489,27.05.2009 14:12:42:977,,1.825575590133667,0.4187597036361694,standing up from sitting on the ground
A02,010-000-030-096,633790231631918826,27.05.2009 14:12:43:193,3.7905755043029785,,,standing up from sitting on the ground
A02,010-000-030-096,633790231634081176,27.05.2009 14:12:43:407,3.705484628677368,1.761677622795105,0.3634459972381592,standing up from sitting on the ground
A02,010-000-030-096,633790231636243534,27.05.2009 14:12:43:623,3.916830539703369,1.7666857242584229,0.071341186761856,standing up from sitting on the ground
A02,010-000-030-096,633790231638405884,27.05.2009 14:12:43:840,,1.821595907211304,0.280066579580307,standing up from sitting on the ground
A02,010-000-030-096,633790231640568219,27.05.2009 14:12:44:057,3.868060111999512,1.8019932508468628,,standing up from sitting on the ground
A02,010-000-030-096,633790231642730570,27.05.2009 14:12:44:273,3.85856556892395,1.8491144180297847,,walking
A02,010-000-030-096,633790231644892927,27.05.2009 14:12:44:490,3.8992323875427246,,0.1430407762527465,walking
A02,010-000-030-096,633790231647055287,27.05.2009 14:12:44:707,,2.3672540187835693,,walking
A02,010-000-030-096,633790231649217631,27.05.2009 14:12:44:923,3.089275360107422,2.5035579204559326,,walking
A02,010-000-030-096,633790231651379994,27.05.2009 14:12:45:137,,2.0393431186676025,,walking
A02,010-000-030-096,633790231653542342,27.05.2009 14:12:45:353,3.0710432529449463,2.231186389923096,0.2646589577198028,walking
A02,010-000-030-096,633790231655704690,27.05.2009 14:12:45:570,,,0.4029963910579681,walking
A02,010-000-030-096,633790231657867034,27.05.2009 14:12:45:787,,2.2076070308685303,,walking
A02,010-000-030-096,633790231660029378,27.05.2009 14:12:46:003,2.427596092224121,2.0207860469818115,,walking
A02,010-000-030-096,633790231662191737,27.05.2009 14:12:46:220,,2.1612448692321777,0.2262807190418243,walking
A02,010-000-030-096,633790231664354100,27.05.2009 14:12:46:437,,,0.3596903383731842,walking
A02,010-000-030-096,633790231666516451,27.05.2009 14:12:46:650,,,,lying down
A02,010-000-030-096,633790231668678796,27.05.2009 14:12:46:867,2.385448455810547,1.839930772781372,,lying down
A02,010-000-030-096,633790231673003500,27.05.2009 14:12:47:300,,,,lying down
A02,010-000-030-096,633790231675165844,27.05.2009 14:12:47:517,2.563895463943481,1.970628261566162,0.4947246611118316,lying down
A02,010-000-030-096,633790231677328185,27.05.2009 14:12:47:733,2.619845390319824,,0.4412543773651123,lying down
A02,010-000-030-096,633790231679490525,27.05.2009 14:12:47:950,,,0.4824969172477722,lying
A02,010-000-030-096,633790231681652880,27.05.2009 14:12:48:167,,2.2397751808166504,1.528223991394043,lying
A02,010-000-030-096,633790231683815223,27.05.2009 14:12:48:380,,2.228221654891968,0.6281003952026367,lying
A02,010-000-030-096,633790231685977585,27.05.2009 14:12:48:597,2.747289657592773,,0.6270456314086914,lying
A02,010-000-030-096,633790231688139921,27.05.2009 14:12:48:813,,,,lying
A02,010-000-030-096,633790231690302280,27.05.2009 14:12:49:030,,,0.700904369354248,lying
A02,010-000-030-096,633790231692464635,27.05.2009 14:12:49:247,2.4352521896362305,,0.3029029965400696,lying
A02,010-000-030-096,633790231694626988,27.05.2009 14:12:49:463,2.442640542984009,1.831432819366455,0.3196900486946106,lying
A02,010-000-030-096,633790231705438749,27.05.2009 14:12:50:543,,,,lying
A02,010-000-030-096,633790231711925801,27.05.2009 14:12:51:193,,,,lying
A02,010-000-030-096,633790231714088160,27.05.2009 14:12:51:410,,2.318044900894165,,lying
A02,010-000-030-096,633790231722737566,27.05.2009 14:12:52:273,2.72986388206482,,,lying
A02,010-000-030-096,633790231724899926,27.05.2009 14:12:52:490,2.7252659797668457,,,lying
A02,010-000-030-096,633790231727062276,27.05.2009 14:12:52:707,2.743446111679077,2.275702476501465,,lying
A02,010-000-030-096,633790231733549309,27.05.2009 14:12:53:353,2.747400283813477,,,lying
A02,010-000-030-096,633790231735711667,27.05.2009 14:12:53:570,,1.8053432703018188,,lying
A02,010-000-030-096,633790231737874026,27.05.2009 14:12:53:787,2.7733397483825684,,0.5481745600700378,lying
A02,010-000-030-096,633790231740036382,27.05.2009 14:12:54:003,2.437748908996582,1.8610228300094604,,lying
A02,010-000-030-096,633790231742198737,27.05.2009 14:12:54:220,2.736480236053467,2.318456649780273,0.5057704448699951,lying
A02,010-000-030-096,633790231744361075,27.05.2009 14:12:54:437,2.4501888751983643,1.846402764320373,0.2460692077875137,lying
A02,010-000-030-096,633790231746523425,27.05.2009 14:12:54:653,2.4533185958862305,1.8472437858581543,0.2886575758457184,lying
A02,010-000-030-096,633790231750848121,27.05.2009 14:12:55:083,,,,lying
A02,010-000-030-096,633790231753010468,27.05.2009 14:12:55:300,2.732012987136841,,0.6302372217178345,lying
A02,010-000-030-096,633790231755172829,27.05.2009 14:12:55:517,,,0.3154167234897613,lying
A02,010-000-030-096,633790231757335194,27.05.2009 14:12:55:733,,,0.3295153379440307,lying
A02,010-000-030-096,633790231761659888,27.05.2009 14:12:56:167,,,,lying
A02,010-000-030-096,633790231768146944,27.05.2009 14:12:56:813,2.429257869720459,1.848515629768372,,lying
A02,010-000-030-096,633790231770309287,27.05.2009 14:12:57:030,2.4555790424346924,,0.3094567954540252,lying
A02,010-000-030-096,633790231772471630,27.05.2009 14:12:57:247,2.743520498275757,,,lying
A02,010-000-030-096,633790231774633976,27.05.2009 14:12:57:463,,2.484774351119995,,lying
A02,010-000-030-096,633790231776796327,27.05.2009 14:12:57:680,2.438342332839966,1.859169363975525,,lying
A02,010-000-030-096,633790231781121010,27.05.2009 14:12:58:113,2.71903395652771,2.2676258087158203,,lying
A02,010-000-030-096,633790231783198842,27.05.2009 14:12:58:320,,1.8220893144607544,0.2979353070259094,lying
A02,010-000-030-096,633790231785361176,27.05.2009 14:12:58:537,2.7578272819519043,2.2784080505371094,0.5617011785507202,lying
A02,010-000-030-096,633790231787523531,27.05.2009 14:12:58:753,,,,lying
A02,010-000-030-096,633790231789685879,27.05.2009 14:12:58:970,2.6698875427246094,2.237069845199585,0.4069038033485412,lying
A02,010-000-030-096,633790231791848228,27.05.2009 14:12:59:183,2.723781108856201,2.2829678058624268,0.6327528357505798,lying
A02,010-000-030-096,633790231794010577,27.05.2009 14:12:59:400,,1.829648733139038,0.3199983835220337,lying
A02,010-000-030-096,633790231796172933,27.05.2009 14:12:59:617,2.4296534061431885,,,lying
A02,010-000-030-096,633790231798335285,27.05.2009 14:12:59:833,,2.274276733398437,,lying
A02,010-000-030-096,633790231800497626,27.05.2009 14:13:00:050,2.7347121238708496,,0.5813883543014526,lying
A02,010-000-030-096,633790231802659973,27.05.2009 14:13:00:267,,1.8575738668441768,0.2954387664794922,lying
A02,010-000-030-096,633790231806984657,27.05.2009 14:13:00:700,,2.319830179214477,0.5771389603614807,lying
A02,010-000-030-096,633790231809147007,27.05.2009 14:13:00:913,2.441476583480835,1.8289438486099243,0.315689355134964,lying
A02,010-000-030-096,633790231811309366,27.05.2009 14:13:01:130,,,,lying
A02,010-000-030-096,633790231813471726,27.05.2009 14:13:01:347,2.7197606563568115,,0.6009818315505981,lying
A02,010-000-030-096,633790231815634081,27.05.2009 14:13:01:563,,,,lying
A02,010-000-030-096,633790231817796423,27.05.2009 14:13:01:780,2.433429002761841,,,lying
A02,010-000-030-096,633790231819958764,27.05.2009 14:13:01:997,,,,lying
A02,010-000-030-096,633790231824283451,27.05.2009 14:13:02:430,,,0.631748616695404,lying
A02,010-000-030-096,633790231826445796,27.05.2009 14:13:02:643,2.474323272705078,,,lying
A02,010-000-030-096,633790231828608148,27.05.2009 14:13:02:860,,1.937911033630371,,lying
A02,010-000-030-096,633790231830770489,27.05.2009 14:13:03:077,2.454811811447144,1.9333552122116089,0.4801673889160156,lying
A02,010-000-030-096,633790231832932844,27.05.2009 14:13:03:293,2.684990644454956,2.263360023498535,0.5540692210197449,standing up from lying
A02,010-000-030-096,633790231835095191,27.05.2009 14:13:03:510,2.481792688369751,1.96429455280304,0.5974242091178894,standing up from lying
A02,010-000-030-096,633790231837390192,27.05.2009 14:13:03:740,2.3604230880737305,,,standing up from lying
A02,010-000-030-096,633790231839552536,27.05.2009 14:13:03:957,2.0810673236846924,1.7557986974716189,,standing up from lying
A02,010-000-030-096,633790231841614933,27.05.2009 14:13:04:160,2.1289379596710205,,,standing up from lying
A02,010-000-030-096,633790231843777271,27.05.2009 14:13:04:377,2.0456433296203613,,,standing up from lying
A02,010-000-030-096,633790231845939610,27.05.2009 14:13:04:593,2.2568514347076416,1.6499477624893188,0.2931583821773529,standing up from lying
A02,010-000-030-096,633790231848101961,27.05.2009 14:13:04:810,2.125972270965576,1.8777920007705688,0.3572630584239959,standing up from lying
A02,010-000-030-096,633790231850264310,27.05.2009 14:13:05:027,1.820582389831543,2.286805391311645,-0.1156536415219307,standing up from lying
A02,010-000-030-096,633790231852426649,27.05.2009 14:13:05:243,1.8655093908309937,2.1321499347686768,0.0535227730870246,standing up from lying
A02,010-000-030-096,633790231854589001,27.05.2009 14:13:05:460,,,,standing up from lying
A02,010-000-030-096,633790231856751340,27.05.2009 14:13:05:677,,2.2536497116088867,,standing up from lying
A02,010-000-030-096,633790231858913692,27.05.2009 14:13:05:890,,,0.393907368183136,standing up from lying
A02,010-000-030-096,633790231861076035,27.05.2009 14:13:06:107,1.995479702949524,,0.4260064959526062,walking
A02,010-000-030-096,633790231863238391,27.05.2009 14:13:06:323,,,,walking
A02,010-000-030-096,633790231865400729,27.05.2009 14:13:06:540,,,0.177687793970108,walking
A02,010-000-030-096,633790231867563086,27.05.2009 14:13:06:757,2.043893575668335,,,walking
A02,010-000-030-096,633790231869725433,27.05.2009 14:13:06:973,2.3153531551361084,1.8341619968414309,0.195467323064804,walking
A02,010-000-030-096,633790231871887780,27.05.2009 14:13:07:190,2.336277723312378,1.7646663188934326,,walking
A02,010-000-030-096,633790231874050128,27.05.2009 14:13:07:407,,1.5868977308273315,,walking
A02,010-000-030-096,633790231876212485,27.05.2009 14:13:07:620,2.213953733444214,1.6591064929962158,0.5327402949333191,lying down
A02,010-000-030-096,633790231878374830,27.05.2009 14:13:07:837,,,0.3255020081996918,lying down
A02,010-000-030-096,633790231880537198,27.05.2009 14:13:08:053,2.0146844387054443,,,lying down
A02,010-000-030-096,633790231882699557,27.05.2009 14:13:08:270,2.327549457550049,,,lying down
A02,010-000-030-096,633790231884861914,27.05.2009 14:13:08:487,,,,lying down
A02,010-000-030-096,633790231887024257,27.05.2009 14:13:08:703,2.5491981506347656,,0.0051624728366732,lying down
A02,010-000-030-096,633790231889186605,27.05.2009 14:13:08:920,2.383329391479492,1.6856071949005127,,lying down
A02,010-000-030-096,633790231891348947,27.05.2009 14:13:09:133,,,-0.2243127077817917,lying down
A02,010-000-030-096,633790231893511308,27.05.2009 14:13:09:350,2.2512285709381104,1.84957218170166,0.0094438269734382,on all fours
A02,010-000-030-096,633790231895673666,27.05.2009 14:13:09:567,,1.7755587100982666,,on all fours
A02,010-000-030-096,633790231897836018,27.05.2009 14:13:09:783,2.2778544425964355,,,on all fours
A02,010-000-030-096,633790231899998356,27.05.2009 14:13:10:000,,,,on all fours
A02,010-000-030-096,633790231902160703,27.05.2009 14:13:10:217,,1.1941591501235962,0.2803268134593963,on all fours
A02,010-000-030-096,633790231906485397,27.05.2009 14:13:10:650,,,0.3337548077106476,on all fours
A02,010-000-030-096,633790231908647739,27.05.2009 14:13:10:863,2.072869777679444,1.5381700992584229,0.2169423848390579,on all fours
A02,010-000-030-096,633790231910810087,27.05.2009 14:13:11:080,2.244173765182495,1.150156855583191,,on all fours
A02,010-000-030-096,633790231912972443,27.05.2009 14:13:11:297,,1.245812177658081,,on all fours
A02,010-000-030-096,633790231915134794,27.05.2009 14:13:11:513,,1.421369552612305,-0.0431632250547409,on all fours
A02,010-000-030-096,633790231917297157,27.05.2009 14:13:11:730,2.0674808025360107,,-0.0433406308293342,on all fours
A02,010-000-030-096,633790231919459504,27.05.2009 14:13:11:947,,1.4349970817565918,,on all fours
A02,010-000-030-096,633790231921621857,27.05.2009 14:13:12:163,,,0.1051813215017318,on all fours
A02,010-000-030-096,633790231923784208,27.05.2009 14:13:12:380,,,-0.1626974791288375,on all fours
A02,010-000-030-096,633790231925946555,27.05.2009 14:13:12:593,2.007500410079956,,0.2704949975013733,on all fours
A02,010-000-030-096,633790231928108898,27.05.2009 14:13:12:810,,,,on all fours
A02,010-000-030-096,633790231930271253,27.05.2009 14:13:13:027,,1.4028990268707275,,on all fours
A02,010-000-030-096,633790231932433595,27.05.2009 14:13:13:243,,0.3825998902320862,-0.2011004090309143,on all fours
A02,010-000-030-096,633790231934595947,27.05.2009 14:13:13:460,2.408095598220825,1.4155758619308472,,on all fours
A02,010-000-030-096,633790231936758314,27.05.2009 14:13:13:677,,,-0.1048430725932121,on all fours
A02,010-000-030-096,633790231938920650,27.05.2009 14:13:13:893,2.245305299758911,1.9613574743270876,,on all fours
A02,010-000-030-096,633790231941082998,27.05.2009 14:13:14:107,2.447725534439087,0.7392151355743408,-0.5717426538467407,on all fours
A02,010-000-030-096,633790231943245347,27.05.2009 14:13:14:323,,,,on all fours
A02,010-000-030-096,633790231945407704,27.05.2009 14:13:14:540,,1.3226720094680786,-0.0764442384243011,on all fours
A02,010-000-030-096,633790231947570038,27.05.2009 14:13:14:757,,1.490193486213684,0.3868551850318908,on all fours
A02,010-000-030-096,633790231949732377,27.05.2009 14:13:14:973,,,0.0188001282513141,on all fours
A02,010-000-030-096,633790231951894730,27.05.2009 14:13:15:190,2.361913681030273,0.521479070186615,,on all fours
A02,010-000-030-096,633790231954057088,27.05.2009 14:13:15:407,,1.9956419467926023,1.0591951608657837,on all fours
A02,010-000-030-096,633790231956219419,27.05.2009 14:13:15:623,2.4324162006378174,1.5761237144470217,,on all fours
A02,010-000-030-096,633790231958381761,27.05.2009 14:13:15:837,2.2243096828460693,,0.0910453051328659,on all fours
A02,010-000-030-096,633790231960544117,27.05.2009 14:13:16:053,2.823256731033325,,,on all fours
A02,010-000-030-096,633790231962706447,27.05.2009 14:13:16:270,2.115363597869873,,0.1396262049674987,on all fours
A02,010-000-030-096,633790231964868788,27.05.2009 14:13:16:487,,,-0.1359561532735824,on all fours
A02,010-000-030-096,633790231967031139,27.05.2009 14:13:16:703,1.858420491218567,,-0.4266903400421142,on all fours
A02,010-000-030-096,633790231969193487,27.05.2009 14:13:16:920,,1.5836037397384644,0.2268003225326538,on all fours
A02,010-000-030-096,633790231971355844,27.05.2009 14:13:17:137,,1.6512218713760376,,on all fours
A02,010-000-030-096,633790231973518202,27.05.2009 14:13:17:353,,1.3319382667541504,0.3808551728725433,on all fours
A02,010-000-030-096,633790231975680543,27.05.2009 14:13:17:567,2.092522144317627,,,lying
A02,010-000-030-096,633790231977842880,27.05.2009 14:13:17:783,2.398033857345581,,0.0954152792692184,lying
A02,010-000-030-096,633790231980005214,27.05.2009 14:13:18:000,2.283056735992432,,,lying
A02,010-000-030-096,633790231982167562,27.05.2009 14:13:18:217,2.087363004684448,,,lying
A02,010-000-030-096,633790231984329914,27.05.2009 14:13:18:433,2.2981603145599365,,0.2027388513088226,lying
A02,010-000-030-096,633790231986492256,27.05.2009 14:13:18:650,,,,lying
A02,010-000-030-096,633790231988654606,27.05.2009 14:13:18:867,2.419776678085327,1.2457529306411743,0.0736723318696022,lying
A02,010-000-030-096,633790231990816959,27.05.2009 14:13:19:083,,1.2884056568145752,0.1103290468454361,lying
A02,010-000-030-096,633790231992979299,27.05.2009 14:13:19:297,,,0.0818183273077011,lying
A02,010-000-030-096,633790231995141660,27.05.2009 14:13:19:513,2.2477943897247314,1.0012861490249634,-0.0165004711598157,lying
A02,010-000-030-096,633790231997304003,27.05.2009 14:13:19:730,,,0.0190855953842401,lying
A02,010-000-030-096,633790231999379124,27.05.2009 14:13:19:937,,1.0721784830093384,,lying
A02,010-000-030-096,633790232001541466,27.05.2009 14:13:20:153,,,-0.0412795059382915,lying
A02,010-000-030-096,633790232003703806,27.05.2009 14:13:20:370,,1.2331892251968384,,lying
A02,010-000-030-096,633790232005866175,27.05.2009 14:13:20:587,,1.2840044498443604,,lying
A02,010-000-030-096,633790232008028528,27.05.2009 14:13:20:803,2.3293423652648926,1.30846107006073,,lying
A02,010-000-030-096,633790232010190877,27.05.2009 14:13:21:020,2.199791431427002,1.242621898651123,0.2272658944129943,lying
A02,010-000-030-096,633790232012353235,27.05.2009 14:13:21:237,2.357271909713745,1.212417721748352,0.1453955769538879,lying
A02,010-000-030-096,633790232014515583,27.05.2009 14:13:21:450,2.419677972793579,,,lying
A02,010-000-030-096,633790232016677933,27.05.2009 14:13:21:667,2.491189956665039,1.4540210962295532,-0.0964462906122207,lying
A02,010-000-030-096,633790232018840286,27.05.2009 14:13:21:883,2.348105907440185,,,lying
A02,010-000-030-096,633790232021002634,27.05.2009 14:13:22:100,,1.266219139099121,0.2359040379524231,lying
A02,010-000-030-096,633790232023164985,27.05.2009 14:13:22:317,,,,lying
A02,010-000-030-096,633790232025327326,27.05.2009 14:13:22:533,,1.2809269428253174,,lying
A02,010-000-030-096,633790232027489670,27.05.2009 14:13:22:750,2.345163106918335,1.169572114944458,0.1719345599412918,lying
A02,010-000-030-096,633790232029652013,27.05.2009 14:13:22:967,2.353574514389038,1.176039457321167,0.0813264474272728,lying
A02,010-000-030-096,633790232031814359,27.05.2009 14:13:23:180,,,0.1240940764546394,lying
A02,010-000-030-096,633790232033976700,27.05.2009 14:13:23:397,2.378641366958618,,0.1033233031630516,lying
A02,010-000-030-096,633790232036139033,27.05.2009 14:13:23:613,,,0.1784425377845764,lying
A02,010-000-030-096,633790232038301380,27.05.2009 14:13:23:830,2.3507699966430664,,0.021875649690628,lying
A02,010-000-030-096,633790232040463728,27.05.2009 14:13:24:047,,1.4778354167938232,,lying
A02,010-000-030-096,633790232042626083,27.05.2009 14:13:24:263,,1.3958169221878052,,standing up from lying
A02,010-000-030-096,633790232044788438,27.05.2009 14:13:24:480,,,0.1369150280952453,standing up from lying
A02,010-000-030-096,633790232046950793,27.05.2009 14:13:24:697,,1.5147852897644043,,standing up from lying
A02,010-000-030-096,633790232049113142,27.05.2009 14:13:24:910,,1.1789848804473877,,standing up from lying
A02,010-000-030-096,633790232051275496,27.05.2009 14:13:25:127,,0.989871084690094,-0.0605950392782688,standing up from lying
A02,010-000-030-096,633790232053437832,27.05.2009 14:13:25:343,2.476645946502685,1.033635139465332,,standing up from lying
A02,010-000-030-096,633790232055600175,27.05.2009 14:13:25:560,2.11088228225708,,,standing up from lying
A02,010-000-030-096,633790232057762524,27.05.2009 14:13:25:777,,,,standing up from lying
A02,010-000-030-096,633790232059924860,27.05.2009 14:13:25:993,2.2056851387023926,1.4684510231018066,,standing up from lying
A02,010-000-030-096,633790232062087209,27.05.2009 14:13:26:210,2.342284202575684,1.6885087490081787,0.1988047510385513,standing up from lying
A02,010-000-030-096,633790232064249559,27.05.2009 14:13:26:423,,,,standing up from lying
A02,010-000-030-096,633790232066411906,27.05.2009 14:13:26:640,,1.3855159282684326,,standing up from lying
A02,010-000-030-096,633790232068574273,27.05.2009 14:13:26:857,2.040975332260132,,-0.1279410272836685,standing up from lying
A02,010-000-030-096,633790232070736624,27.05.2009 14:13:27:073,2.2698235511779785,1.6999309062957764,,standing up from lying
A02,010-000-030-096,633790232072898959,27.05.2009 14:13:27:290,2.3036792278289795,,0.019501406699419,standing up from lying
A02,010-000-030-096,633790232075061304,27.05.2009 14:13:27:507,1.95894992351532,,,walking
A02,010-000-030-096,633790232077223654,27.05.2009 14:13:27:723,1.8999748229980469,1.128093957901001,0.0997948721051216,walking
A02,010-000-030-096,633790232079386008,27.05.2009 14:13:27:940,,,,walking
A02,010-000-030-096,633790232081548370,27.05.2009 14:13:28:153,,1.2608906030654907,,walking
A02,010-000-030-096,633790232083710721,27.05.2009 14:13:28:370,2.666667938232422,1.8376401662826536,,walking
A02,010-000-030-096,633790232085873076,27.05.2009 14:13:28:587,3.096546173095703,2.133655548095703,,walking
A02,010-000-030-096,633790232088035427,27.05.2009 14:13:28:803,3.1002705097198486,,,walking
A02,010-000-030-096,633790232090197771,27.05.2009 14:13:29:020,2.962364673614502,2.142656087875366,,walking
A02,010-000-030-096,633790232092360124,27.05.2009 14:13:29:237,,,,walking
A02,010-000-030-096,633790232094522476,27.05.2009 14:13:29:453,2.7430591583251958,,-0.2365251928567886,walking
A02,010-000-030-096,633790232096684826,27.05.2009 14:13:29:670,,1.776663899421692,-0.0261868741363286,walking
A02,010-000-030-096,633790232098847164,27.05.2009 14:13:29:883,3.307419538497925,1.4117729663848877,0.055049855262041,walking
A02,010-000-030-096,633790232101009500,27.05.2009 14:13:30:100,3.641357183456421,,0.5333722829818726,walking
A02,010-000-030-096,633790232103171847,27.05.2009 14:13:30:317,3.500227212905884,,,walking
A02,010-000-030-096,633790232105334203,27.05.2009 14:13:30:533,,1.7941118478775024,0.4936712980270386,walking
