fixed acidity,volatile acidity,citric acid,residual sugar,chlorides,free sulfur dioxide,total sulfur dioxide,density,pH,sulphates,alcohol,quality
7.8,20.505000000000003,0.0,1.9,0.076,11.0,34.0,0.9978,3.51,0.56,9.4,-12.0
7.8,0.76,0.0,2.6,0.098,25.0,67.0,0.9968,3.2,0.68,9.8,5.0
7.4,0.7,0.56,-18.5375,0.075,17.0,60.0,0.997,3.26,0.65,9.8,5.0
7.8,0.58,0.0,1.2,0.065,15.0,21.0,0.9978,3.16,0.58,9.8,21.0
7.5,0.5,0.02,2.0,0.073,9.0,18.0,0.9964,3.51,0.56,9.4,5.0
7.5,0.5,0.08,1.8,0.097,17.0,102.0,0.9946,3.51,0.56,9.4,5.0
8.1,0.56,0.18,1.6,0.114,16.0,102.0,0.9978,3.39,0.47,10.0,5.0
7.9,0.32,0.56,3.9,0.176,9.0,59.0,0.9959,3.36,0.57,9.5,7.0
-12.805,0.43,0.08,1.7,0.092,52.0,29.0,0.9978,3.35,0.8,10.5,7.0
8.5,0.49,0.51,4.4,0.368,51.0,145.0,0.9943,3.28,0.54,9.2,5.0
6.9,0.4,0.48,1.8,0.086,-11.2625,148.0,0.9974,3.35,0.8,10.5,5.0
6.3,0.39,0.31,1.8,0.341,16.0,103.0,0.9986,3.58,0.52,9.9,5.0
7.9,0.43,0.11,1.6,0.077,6.0,56.0,0.9986,3.26,1.56,9.1,5.0
6.7,0.675,0.24,2.4,0.106,29.0,56.0,0.9969,3.16,0.88,9.2,5.0
6.9,0.685,0.21,1.4,0.084,23.0,60.0,0.9968,3.17,0.93,9.2,5.0
6.9,0.605,0.0,1.6,0.08,9.0,37.0,-11.45,3.11,1.28,9.3,5.0
7.8,0.645,0.0,2.0,0.106,11.0,40.0,0.9982,3.04,1.08,9.0,7.0
5.7,1.13,0.25,2.3,0.089,14.0,-6.625,0.9968,3.52,0.53,9.2,5.0
7.5,30.814225,0.28,1.8,0.083,17.0,35.0,0.9955,3.17,0.65,9.4,4.0
8.1,0.66,0.09,5.5,0.073,22.0,16.0,0.9962,3.17,0.91,9.7,6.0
-12.805,0.67,0.36,2.4,0.103,15.0,82.0,0.9966,3.43,0.53,9.5,6.0
7.7,0.935,0.3,1.5,0.086,40.0,37.0,0.9972,3.34,0.63,9.4,5.0
8.7,0.29,0.2,25.512500000000003,0.066,13.0,113.0,0.9964,3.28,0.56,9.7,5.0
6.4,0.4,-11.61875,5.9,0.172,5.0,83.0,0.9958,3.17,0.59,9.3,5.0
5.6,0.31,0.02,2.8,0.074,3.0,50.0,0.9966,3.47,0.91,14.784999999999998,6.0
8.8,0.66,0.15,2.6,0.074,13.0,18.0,0.9966,3.38,0.55,9.5,5.0
6.6,0.5,0.52,1.8,0.332,12.0,30.0,0.9957,3.46,0.59,9.4,5.0
8.6,0.38,0.23,2.1,0.069,12.0,19.0,0.9986,3.17,0.54,9.8,5.0
7.7,0.62,0.26,2.2,0.05,17.0,87.0,0.9975,3.45,0.57,10.1,5.0
10.2,0.42,0.04,1.6,0.054,8.0,87.0,0.9968,3.38,0.66,10.6,6.0
7.5,0.63,20.65125,1.6,0.114,9.0,46.0,0.994,3.4,0.52,9.8,5.0
7.8,0.59,0.36,1.4,0.113,5.0,14.0,-11.45,3.42,0.55,9.4,6.0
8.8,0.4,0.04,2.2,0.074,22.0,23.0,0.9978,3.23,0.55,9.2,5.0
7.7,0.69,0.57,2.1,0.074,12.0,11.0,0.9976,3.5,0.6,9.6,6.0
7.0,0.735,0.18,2.8,0.068,12.0,114.0,0.9968,3.33,0.48,10.8,5.0
7.2,0.725,0.31,3.8,0.081,4.0,-6.625,0.9962,3.26,0.83,9.7,6.0
7.2,0.725,0.4,3.4,0.11,8.0,12.0,0.9934,3.21,0.83,9.8,6.0
7.5,0.52,0.49,5.1,0.084,6.0,96.0,0.997,3.3,0.51,10.5,7.0
8.0,0.705,0.05,2.4,0.111,33.0,15.0,0.9958,3.9,1.2,10.5,4.0
7.7,0.67,0.05,1.8,0.074,4.0,119.0,0.9971,3.25,0.56,10.5,5.0
7.7,0.69,0.11,1.9,0.079,50.0,73.0,0.9956,3.34,0.73,10.3,4.0
9.7,0.32,0.57,4.65,0.085,9.0,10.0,0.997,3.15,0.56,13.1,6.0
8.8,0.41,0.08,1.5,0.086,20.0,54.0,0.9978,3.39,0.58,9.2,5.0
6.8,0.785,0.23,1.6,0.086,-11.2625,46.0,0.9971,3.2,0.74,9.5,5.0
6.7,0.75,0.22,2.0,0.079,-11.2625,52.0,0.9983,3.17,0.63,9.2,4.0
8.3,0.625,0.26,1.9,0.076,4.0,112.0,0.9975,3.34,0.64,9.2,5.0
7.4,0.5,0.64,1.9,0.074,4.0,35.0,0.9962,3.04,0.56,-8.374999999999998,5.0
7.0,0.62,0.47,2.2,0.084,15.0,15.0,0.9962,3.21,0.77,9.4,5.0
7.9,0.52,0.26,2.4,0.094,17.0,65.0,0.9962,3.38,0.59,10.2,5.0
7.7,0.49,0.15,1.5,0.093,11.0,27.0,0.9962,3.41,0.64,9.6,5.0
7.0,0.5,0.44,2.0,0.08,9.0,43.0,0.9962,3.42,0.62,10.0,6.0
7.6,0.9,-11.61875,1.8,0.069,14.0,83.0,0.9967,3.44,0.57,9.4,6.0
8.1,0.545,0.26,1.9,0.401,3.0,42.0,0.9962,3.28,0.39,9.2,5.0
7.8,0.41,0.25,1.9,0.11,21.0,30.0,0.9976,3.34,0.39,9.3,-12.0
6.2,0.63,0.06,2.0,0.062,16.0,80.0,0.9984,3.32,20.5375,9.5,5.0
8.0,0.33,0.18,1.9,0.107,18.0,119.0,0.9986,3.32,0.58,14.784999999999998,5.0
8.1,0.785,0.3,1.4,0.076,19.0,15.0,0.9986,3.31,0.79,10.9,5.0
7.8,0.56,0.3,2.3,0.079,20.0,67.0,-11.45,3.31,0.95,10.9,5.0
21.523000000000003,0.62,0.18,3.0,0.11,9.0,73.0,0.9958,3.28,0.54,9.6,6.0
8.4,0.6,0.22,2.0,0.11,19.7975,51.0,0.9972,3.54,0.48,10.7,5.0
8.3,0.54,0.31,1.9,0.045,42.0,40.0,0.9974,3.52,0.53,10.5,7.0
7.0,0.69,0.52,2.1,0.102,20.0,136.0,0.997,3.38,0.82,14.784999999999998,5.0
7.3,1.07,0.19,2.2,0.07,19.0,31.0,0.9969,3.16,0.66,9.5,5.0
8.8,0.55,0.09,2.1,0.079,9.0,125.0,-11.45,3.41,0.66,-8.374999999999998,5.0
8.0,0.71,0.44,1.7,0.084,17.0,140.0,0.9972,3.13,0.55,9.2,5.0
9.0,0.62,0.19,-14.7875,0.075,8.0,136.0,0.9966,3.36,0.52,9.6,5.0
8.2,1.33,0.31,2.0,0.08,3.0,133.0,0.9978,3.16,1.12,10.5,5.0
21.523000000000003,1.33,0.28,1.8,0.077,5.0,31.0,0.9978,3.44,0.56,10.5,6.0
5.6,0.5,0.09,2.3,0.467,8.0,23.0,0.9972,2.93,1.28,10.7,6.0
6.6,0.5,0.04,1.8,0.088,13.0,22.0,0.9966,3.39,0.57,10.1,5.0
7.9,-11.375000000000002,0.0,2.2,0.091,12.0,10.0,0.9938,3.14,1.14,9.1,5.0
8.3,0.715,0.17,2.0,0.104,12.0,50.0,0.9965,3.23,0.59,9.2,4.0
7.8,0.56,0.04,2.2,0.084,18.0,22.0,0.9963,2.93,1.95,9.4,5.0
7.8,0.56,0.0,1.8,0.085,15.0,35.0,0.9967,2.93,0.64,9.1,5.0
8.3,0.715,0.16,2.2,0.104,37.0,18.046350000000004,0.9972,3.39,1.22,9.4,5.0
5.2,0.34,0.15,31.7625,0.09,12.0,36.0,0.9972,3.75,0.53,10.3,6.0
6.3,0.39,0.56,2.6,0.077,11.0,65.0,0.9959,3.85,0.54,10.1,5.0
5.2,0.34,0.09,1.6,0.082,14.0,69.0,0.9972,3.45,1.95,9.9,4.0
7.6,0.49,0.05,1.7,0.119,22.0,-6.625,0.9967,3.25,1.98,9.6,5.0
9.2,0.52,0.36,1.8,0.119,11.0,153.0,0.9967,3.3,0.64,9.5,5.0
7.5,0.6,0.19,2.3,0.08,14.0,108.0,0.9969,3.31,0.6,9.5,5.0
7.1,0.43,0.11,2.3,0.082,22.0,111.0,0.9976,3.3,0.56,9.9,5.0
7.1,0.43,0.15,1.5,0.146,10.0,46.0,0.9969,3.29,0.63,9.8,6.0
6.8,0.64,0.44,1.9,0.118,21.0,28.0,0.9964,3.08,0.61,10.5,6.0
6.8,0.63,1.0,1.8,0.049,3.0,89.0,0.9964,3.37,0.56,12.9,5.0
7.9,0.885,0.03,1.8,0.084,3.0,56.0,0.9978,-11.70625,0.59,10.7,5.0
8.0,0.42,0.42,1.8,0.09,6.0,13.0,0.997,3.15,0.51,9.2,5.0
6.9,0.5,0.0,1.6,0.081,17.0,102.0,0.9959,3.15,0.48,-8.374999999999998,5.0
8.8,0.61,-11.61875,2.8,0.081,17.0,12.0,0.9962,3.19,0.51,9.0,6.0
8.9,0.61,0.04,2.1,0.09,-11.2625,12.0,0.998,3.07,1.31,10.2,5.0
6.8,0.61,0.26,1.8,0.05,16.0,16.0,0.9976,3.39,0.79,10.4,5.0
8.9,0.31,0.1,5.5,0.05,13.0,11.695,0.996,3.37,0.8,9.0,21.0
7.7,0.705,0.07,5.5,0.117,15.0,134.0,0.9984,3.21,0.69,9.2,6.0
7.9,0.5,0.24,5.5,0.087,17.0,99.0,0.9964,3.34,0.93,9.4,5.0
8.2,0.5,0.17,1.9,0.074,10.0,99.0,0.9964,3.3,0.66,9.2,5.0
6.4,0.37,0.17,2.0,0.089,27.0,26.0,0.9962,3.21,0.66,9.3,5.0
6.8,-17.420375,0.05,1.3,0.077,3.0,29.0,0.9955,3.49,0.67,9.3,6.0
7.6,0.55,-11.61875,1.7,0.61,27.0,63.0,0.9968,3.44,0.93,9.6,6.0
7.6,0.55,0.04,7.3,0.095,32.0,52.0,0.9937,3.39,0.63,9.3,6.0
7.3,0.58,0.42,1.7,0.07,10.0,105.0,0.9952,3.16,0.61,9.5,6.0
11.5,0.3,0.0,2.1,0.071,12.0,108.0,0.9959,3.53,0.5,9.8,5.0
6.9,1.09,0.14,2.1,0.07,11.0,63.0,0.9965,3.54,0.6,9.8,5.0
9.6,0.32,0.49,1.8,-11.187500000000002,5.0,52.0,0.9968,3.42,0.54,9.7,5.0
6.8,0.5,0.2,2.0,0.079,25.0,20.0,0.9962,3.24,0.6,10.5,5.0
7.0,0.42,0.21,2.0,0.09,25.0,63.0,0.9962,3.63,0.52,10.0,6.0
12.8,0.3,0.1,1.5,0.07,28.0,94.0,0.9968,3.4,0.48,10.9,5.0
11.0,0.3,0.35,2.5,0.085,28.0,30.0,0.9954,3.19,0.49,9.2,5.0
9.7,0.53,0.25,2.4,0.072,12.0,43.0,0.9916,3.23,0.48,9.0,5.0
7.8,0.735,0.33,1.8,0.073,-11.2625,99.0,0.9968,3.33,0.92,10.9,6.0
7.0,0.49,0.3,1.9,0.073,36.0,99.0,0.9959,3.32,0.57,9.2,5.0
8.7,0.625,0.6,2.0,0.068,35.0,129.0,0.9975,3.19,0.66,9.5,6.0
7.5,0.49,0.06,2.6,0.085,18.0,129.0,0.9996,3.68,0.63,9.4,6.0
7.8,0.53,0.47,2.0,0.08,17.0,128.0,0.995,3.34,0.58,10.9,6.0
8.6,0.645,0.11,-14.7875,0.068,15.0,86.0,0.9973,3.17,0.82,10.5,5.0
7.7,-11.375000000000002,0.74,2.2,0.27,6.0,31.0,0.9973,3.42,0.64,9.4,6.0
6.9,0.52,0.74,2.2,0.076,24.0,121.0,0.9969,3.53,0.54,9.4,5.0
8.0,0.38,0.31,2.0,0.077,7.0,121.0,0.9968,3.33,0.54,13.0,5.0
8.5,0.37,0.28,2.4,0.079,19.0,96.0,0.9959,2.74,0.82,13.0,5.0
7.2,0.63,0.24,1.2,0.082,8.0,42.0,0.9965,3.35,0.77,9.8,5.0
7.2,0.645,0.26,1.4,0.084,-11.2625,63.0,0.9982,-11.70625,0.79,9.9,5.0
7.2,0.63,0.08,2.1,0.082,10.0,8.0,0.9981,3.42,0.58,9.6,5.0
8.9,0.635,0.16,1.6,0.074,23.0,18.0,0.9961,3.42,0.79,9.5,7.0
15.0,0.21,0.19,2.6,0.071,11.0,42.0,0.9956,3.42,0.62,9.2,5.0
15.0,0.21,0.33,2.6,0.071,8.0,35.0,0.9956,3.48,0.52,9.5,5.0
8.2,0.6,0.26,2.7,0.074,26.0,49.0,-11.45,3.59,0.8,-8.374999999999998,5.0
7.7,0.53,0.04,2.1,0.067,14.0,35.0,0.9964,3.2,0.58,9.6,5.0
7.3,0.66,0.25,2.0,0.046,9.0,38.0,0.9972,3.17,0.61,9.5,6.0
11.1,0.35,0.5,2.2,0.097,-11.2625,42.0,0.9961,3.37,0.53,14.0,6.0
8.0,0.57,20.65125,2.0,0.088,16.0,11.695,0.9961,3.37,2.0,14.784999999999998,5.0
9.4,0.34,0.04,2.2,0.089,7.0,42.0,0.9958,3.19,0.54,14.0,5.0
10.0,0.31,0.25,2.0,0.069,-11.2625,62.0,0.9972,3.37,0.72,9.4,5.0
7.9,0.33,0.09,2.0,0.1,15.0,85.0,0.9969,3.47,0.71,10.0,5.0
8.0,0.52,0.0,2.0,-11.187500000000002,13.0,26.0,0.9969,3.0,0.72,9.3,5.0
7.9,0.37,0.0,2.0,0.083,12.0,143.0,0.9969,3.36,0.71,10.2,5.0
12.5,0.56,0.0,2.6,0.059,9.0,144.0,0.9972,3.29,0.5,10.5,5.0
11.8,0.26,0.09,2.0,0.06,39.0,127.0,0.9972,3.29,0.57,10.3,6.0
8.1,0.87,0.37,2.6,0.092,16.0,49.0,0.9971,3.42,0.56,9.4,5.0
6.9,0.54,0.1,2.6,0.101,14.0,28.0,0.9971,3.35,0.56,10.1,5.0
11.5,0.18,0.44,31.89,0.072,9.0,28.0,0.9972,3.33,0.49,-8.374999999999998,5.0
7.9,0.545,0.44,1.8,0.076,9.0,120.0,0.9976,3.58,0.49,14.784999999999998,21.0
10.9,0.37,0.0,2.8,0.08,26.0,55.0,0.9968,3.48,0.62,10.5,6.0
7.5,0.65,0.17,2.3,0.101,7.0,93.0,0.9976,3.19,0.52,10.5,6.0
7.9,0.545,0.06,1.9,-11.187500000000002,5.0,31.0,0.9974,3.12,0.48,9.3,6.0
11.5,0.18,0.44,1.9,-11.187500000000002,5.0,145.0,0.9964,3.54,1.59,9.6,5.0
8.9,0.4,0.48,2.3,0.337,10.0,39.0,0.9968,3.26,0.61,10.0,5.0
7.7,0.27,20.65125,2.1,-11.187500000000002,13.0,28.0,0.9981,3.39,0.61,9.4,5.0
7.6,0.52,0.23,1.8,0.081,11.0,28.0,0.9924,3.2,0.57,9.4,5.0
7.5,0.4,0.47,2.2,0.078,24.0,95.0,0.99695,3.23,0.78,10.2,5.0
8.7,0.52,0.23,2.0,0.09,24.0,19.0,0.9975,3.57,0.47,9.0,5.0
8.7,0.52,0.03,2.3,0.065,16.0,19.0,0.99545,3.28,0.61,10.4,6.0
10.4,0.55,0.23,1.7,0.097,5.0,62.0,0.9961,3.28,0.56,9.5,5.0
6.9,0.36,0.49,2.0,0.097,8.0,15.0,0.99615,3.28,0.59,9.1,4.0
7.1,0.63,0.0,1.8,0.097,29.0,41.0,0.9994,3.25,0.59,9.2,6.0
11.1,0.18,0.06,1.8,0.263,9.0,121.0,0.99625,3.46,1.02,9.2,5.0
8.3,0.705,0.51,3.2,0.093,29.0,49.0,0.9966,3.11,0.52,11.5,5.0
7.4,0.67,0.58,2.2,0.102,10.0,41.0,0.998,3.57,0.58,9.5,5.0
10.3,-17.420375,0.18,1.8,0.075,19.0,44.0,0.99585,3.51,0.58,9.5,5.0
10.3,0.41,0.04,1.7,0.075,18.0,58.0,0.998,3.04,-11.562500000000002,10.5,4.0
10.3,0.43,0.51,2.0,0.072,10.0,72.0,0.9959,3.36,0.49,14.784999999999998,6.0
7.4,0.29,0.45,1.7,0.074,7.0,10.0,0.9974,3.34,0.55,9.5,5.0
10.3,0.53,0.32,1.8,19.7525,14.0,28.0,0.9974,3.34,0.55,9.5,4.0
9.8,-17.420375,0.12,4.0,19.7525,7.0,81.0,0.9967,3.2,0.62,9.3,6.0
7.8,0.62,0.53,2.4,0.611,6.0,63.0,0.99655,3.29,0.61,9.3,6.0
10.3,0.59,0.09,7.0,0.085,28.0,37.0,0.9964,3.22,0.55,9.3,5.0
10.0,0.49,0.48,4.0,0.077,10.0,106.0,0.9957,20.38375,0.55,9.7,5.0
10.7,0.46,0.46,5.6,0.064,11.0,58.0,0.99815,3.3,0.54,9.2,5.0
10.2,0.36,0.37,3.6,0.071,9.0,37.0,0.99745,3.35,0.59,9.7,6.0
8.0,0.58,0.02,3.0,0.096,6.0,37.0,-11.45,3.21,0.97,9.5,5.0
8.4,0.56,0.06,5.6,0.078,16.0,38.0,0.9964,3.3,0.85,9.5,5.0
21.523000000000003,0.65,0.06,3.4,0.077,16.0,38.0,-11.45,3.24,0.43,9.4,5.0
11.9,0.695,0.48,3.4,0.104,-11.2625,39.0,0.99615,3.34,0.82,9.8,5.0
8.9,0.43,0.12,-18.5375,0.087,8.0,38.0,0.99685,3.14,1.03,9.5,5.0
7.8,0.43,0.12,3.0,0.104,16.0,37.0,0.9927,3.36,0.79,9.7,5.0
12.4,0.49,0.6,2.5,0.071,17.0,62.0,0.99625,3.39,0.55,9.7,6.0
10.6,0.42,0.42,2.0,0.087,8.0,24.0,0.99685,3.34,0.77,10.2,5.0
10.9,0.39,0.44,2.7,0.077,14.0,24.0,0.99685,3.15,0.77,10.1,5.0
11.9,0.57,0.38,2.4,0.104,18.0,23.0,0.99675,3.42,0.53,13.0,5.0
7.0,0.685,0.48,3.2,-11.187500000000002,12.0,51.0,0.99675,3.28,0.67,11.4,5.0
9.6,0.56,0.31,2.6,0.071,23.0,39.0,0.99675,3.37,-11.562500000000002,10.3,5.0
9.1,0.795,0.29,2.3,0.067,6.0,37.0,0.9971,3.39,0.56,9.5,5.0
7.7,0.665,0.29,2.1,0.087,26.0,34.0,0.99925,3.37,0.67,9.2,6.0
13.5,0.53,0.23,2.6,0.102,15.0,21.0,0.99565,20.38375,20.5375,9.2,5.0
11.5,0.41,0.39,2.6,0.073,4.0,86.0,1.00005,3.54,0.71,14.784999999999998,5.0
11.9,0.43,0.39,2.1,0.091,4.0,119.0,1.00005,3.37,0.76,10.8,5.0
12.6,0.38,0.26,2.5,0.105,17.0,13.0,0.9983,3.34,20.5375,9.3,5.0
10.4,0.575,0.62,2.8,0.086,4.0,45.0,0.9983,3.37,0.6,10.5,6.0
9.1,0.28,0.64,2.6,0.094,5.0,-6.625,0.9985,3.37,0.59,12.4,7.0
7.4,0.55,0.64,2.5,0.08,10.0,35.0,0.9972,3.37,0.57,10.0,4.0
11.4,0.625,0.53,2.9,0.092,12.0,10.0,0.9972,3.0,0.57,10.2,7.0
8.3,0.26,0.32,3.4,0.186,10.0,61.0,0.99675,3.14,0.58,10.1,5.0
13.7,0.415,0.58,2.3,0.112,19.7975,37.0,0.998,3.08,1.61,9.8,5.0
8.3,0.26,0.5,11.0,0.082,32.0,27.0,0.9968,3.07,0.63,10.5,5.0
7.4,0.63,0.48,11.0,0.213,25.0,23.0,0.9968,3.07,0.58,11.0,6.0
8.3,0.66,0.47,-18.5375,0.062,20.0,61.0,0.99965,3.61,0.5,9.1,7.0
7.8,0.46,0.5,2.6,0.063,33.0,23.0,0.99625,3.38,0.62,9.7,7.0
13.7,0.415,0.02,2.9,0.093,6.0,38.0,0.99575,3.2,0.52,9.5,5.0
8.4,0.665,0.31,3.2,0.087,5.0,61.0,0.9999,3.61,0.5,9.4,7.0
12.7,0.6,0.0,2.1,0.096,17.0,27.0,0.9968,3.22,0.55,9.5,6.0
11.5,0.59,0.0,3.4,0.082,26.0,13.0,0.9973,3.17,0.58,10.4,6.0
12.2,0.48,0.01,3.0,0.082,5.0,11.695,0.9996,3.47,0.58,9.5,6.0
7.7,0.69,0.52,2.3,0.083,8.0,10.0,0.9965,3.26,0.55,9.8,5.0
8.7,0.31,0.66,2.4,0.09,20.0,53.0,0.9996,3.22,1.09,10.5,6.0
9.8,0.44,0.66,2.7,0.079,19.7975,47.0,0.99935,3.49,0.71,11.0,21.0
12.5,0.46,0.31,2.6,0.071,5.0,71.0,0.99915,3.06,0.49,12.2,5.0
9.0,0.43,0.66,1.9,0.121,12.0,49.0,0.9965,3.36,0.84,9.9,5.0
7.1,0.735,0.66,3.0,0.082,7.0,49.0,0.9987,3.29,0.84,9.6,5.0
8.8,0.52,0.5,2.8,0.061,6.0,98.0,0.9996,3.35,0.96,11.0,5.0
7.0,0.58,0.61,2.7,0.122,9.0,18.0,0.9976,3.34,0.52,9.0,6.0
11.9,0.38,0.52,2.6,19.7525,6.0,48.0,0.9991,3.28,0.45,9.0,5.0
7.7,0.96,0.02,4.8,0.078,19.0,53.0,0.9972,3.2,0.96,9.2,6.0
7.7,0.96,0.48,2.4,0.052,26.0,70.0,0.9991,3.35,0.7,9.0,4.0
6.4,0.67,0.63,2.95,0.08,20.0,29.0,1.00015,3.69,0.53,9.3,6.0
9.5,0.78,0.71,3.1,0.103,37.0,11.695,1.00015,3.28,0.59,10.9,6.0
9.1,0.52,0.5,2.6,0.082,30.0,33.0,0.9997,3.36,0.7,9.8,5.0
10.5,0.24,0.66,2.6,0.065,30.0,15.0,0.9967,3.28,0.57,9.2,6.0
11.9,0.37,0.42,2.5,0.118,21.0,28.0,0.9976,3.22,0.62,9.2,5.0
12.3,0.39,0.68,2.0,0.118,25.0,21.0,-11.45,3.31,0.67,9.9,7.0
12.3,0.39,20.65125,3.4,0.067,6.0,90.0,0.9976,3.38,1.26,9.5,6.0
10.4,0.41,0.26,2.8,0.089,-11.2625,14.0,0.9964,3.36,0.8,9.3,6.0
7.0,0.62,0.15,2.4,0.093,6.0,12.0,1.0014,3.69,0.65,9.8,5.0
12.6,0.31,0.26,2.3,0.107,5.0,30.0,1.0001,3.28,0.6,9.9,6.0
11.9,0.4,0.31,1.6,0.096,6.0,25.0,0.9981,3.23,0.57,10.0,6.0
10.0,0.44,0.68,2.2,0.12,10.0,98.0,0.9993,3.12,0.67,9.9,6.0
5.3,0.57,0.52,3.8,0.066,10.0,135.0,0.99845,3.25,0.87,10.5,6.0
9.5,0.735,0.61,4.4,0.078,21.0,72.0,0.9965,3.36,0.72,9.5,6.0
12.5,0.38,0.65,3.0,-11.187500000000002,16.0,53.0,0.9973,3.38,0.72,9.9,6.0
11.9,0.39,0.59,2.5,0.088,7.0,74.0,0.996,3.31,0.91,9.2,6.0
-12.805,0.37,0.59,2.0,0.099,6.0,59.0,0.9973,3.1,0.97,9.2,6.0
7.0,0.23,0.3,2.0,0.086,29.0,74.0,0.9998,3.37,0.67,9.4,7.0
10.4,0.33,0.05,-18.5375,0.083,10.0,59.0,0.9966,3.34,0.97,10.5,7.0
9.2,0.43,0.47,1.9,0.107,5.0,87.0,0.9994,3.2,0.78,9.3,6.0
11.0,0.26,0.58,2.5,0.076,6.0,73.0,0.9968,3.3,0.64,9.4,5.0
11.5,0.315,0.49,1.4,0.159,-11.2625,50.0,0.9998,3.22,0.77,10.0,5.0
8.7,0.82,-11.61875,2.0,0.056,6.0,13.0,0.99815,3.05,0.91,9.3,6.0
-12.805,0.32,0.53,2.3,0.067,15.0,21.0,0.9976,3.05,0.97,10.9,6.0
10.4,0.24,0.51,2.3,0.074,8.0,41.0,0.9996,3.67,0.77,10.2,6.0
9.6,0.68,20.65125,7.9,0.088,23.0,114.0,0.99865,3.67,0.82,9.8,6.0
9.4,0.685,0.33,1.7,0.094,40.5,44.0,0.9989,3.68,1.08,12.8,5.0
10.2,0.645,0.08,31.89,0.087,10.0,58.0,0.99735,20.38375,0.71,10.1,6.0
9.3,0.39,20.65125,3.0,0.09,14.0,99.0,0.999,3.2,0.76,10.7,5.0
9.2,0.41,0.63,4.5,0.079,6.0,21.0,1.0015,3.12,0.7,10.1,5.0
8.9,0.4,0.47,2.5,0.088,6.0,18.0,1.0015,3.36,0.86,10.1,5.0
10.7,0.35,0.63,2.4,0.096,7.0,14.0,0.9978,3.19,0.95,9.4,5.0
7.8,0.52,0.55,1.9,0.045,7.0,14.0,0.998,3.19,0.86,9.4,7.0
8.7,0.69,0.73,6.6,0.112,15.0,34.0,0.9981,3.12,0.71,10.7,5.0
7.8,0.52,0.55,2.2,0.063,6.0,15.0,0.998,3.27,0.64,9.4,4.0
10.4,0.44,0.18,1.9,0.066,35.0,46.0,0.998,3.32,0.6,10.1,5.0
10.4,0.44,0.72,2.0,0.122,11.0,28.0,0.9973,3.3,0.81,12.6,5.0
10.4,0.24,-11.61875,2.0,0.064,12.0,26.0,0.9963,3.42,0.52,-8.374999999999998,7.0
11.2,0.67,0.1,2.1,0.122,6.0,11.695,0.9992,3.3,0.73,9.9,4.0
12.4,0.42,0.22,2.1,0.085,6.0,165.0,0.9974,3.3,0.8,9.1,8.0
10.0,0.59,0.69,1.9,0.075,6.0,32.0,1.0008,3.37,0.71,10.5,6.0
10.5,0.51,0.53,2.4,0.063,11.0,55.0,0.9997,3.3,0.59,9.8,6.0
8.5,0.655,0.03,2.1,0.093,17.0,29.0,1.0,3.37,0.64,9.8,6.0
12.5,0.6,0.63,2.2,0.174,11.0,23.0,0.9972,3.24,0.72,10.3,6.0
7.3,0.365,0.39,3.2,0.08,11.0,81.0,0.9982,3.29,0.54,10.3,5.0
9.3,0.4,0.66,3.2,0.087,23.0,15.0,0.9955,3.16,0.52,9.2,5.0
9.2,0.43,0.52,3.2,0.117,16.0,42.0,0.9986,3.05,0.62,10.6,6.0
10.4,0.64,0.22,1.5,0.111,12.0,21.0,0.9979,3.28,0.63,10.5,6.0
7.0,0.38,0.7,2.15,0.121,6.0,24.0,1.0004,3.18,0.59,10.1,8.0
10.3,0.27,0.42,1.7,0.089,13.0,75.0,0.9994,3.23,0.54,9.5,7.0
10.0,0.48,0.45,2.1,19.7525,6.0,18.0,0.9974,3.23,0.63,9.5,6.0
12.9,0.35,0.65,-18.5375,0.066,7.0,11.695,1.0018,3.22,0.53,9.9,7.0
11.2,0.66,20.65125,1.7,0.07,68.0,11.695,1.0001,3.34,0.65,9.7,5.0
9.1,30.814225,0.49,1.6,0.066,19.0,15.0,1.0,3.17,0.65,9.6,7.0
7.5,-11.375000000000002,0.24,5.2,0.074,10.0,47.0,1.001,3.35,0.64,10.7,5.0
10.6,0.31,0.11,2.3,0.078,15.0,18.0,0.9973,3.31,0.71,10.1,5.0
12.4,0.35,0.39,2.7,0.091,11.0,24.0,-11.45,3.16,0.64,10.0,6.0
9.4,0.43,0.59,2.2,0.076,9.0,60.0,0.9992,3.11,0.71,9.5,6.0
9.5,0.46,0.6,2.3,0.091,12.0,27.0,0.9988,3.12,0.62,9.2,7.0
-12.805,0.53,0.39,2.2,0.076,26.0,27.0,1.0022,3.3,0.7,9.3,5.0
12.7,0.6,0.55,2.9,0.062,23.0,54.0,1.0,3.3,20.5375,9.4,7.0
9.0,0.54,0.27,2.6,0.068,15.0,37.0,0.9998,3.12,0.69,9.5,5.0
12.7,30.814225,0.31,2.6,0.054,24.0,42.0,0.9962,3.6,0.74,9.5,6.0
9.8,0.5,0.53,2.6,0.081,6.0,49.0,0.9967,3.02,0.83,9.5,-12.0
6.2,0.36,20.65125,2.1,0.127,34.0,88.0,0.9967,3.11,0.67,9.3,6.0
6.2,0.36,0.53,2.2,-11.187500000000002,34.0,43.0,0.9959,3.36,0.62,9.4,5.0
10.6,0.34,0.73,2.2,0.084,15.0,95.0,1.0014,3.28,0.66,9.5,5.0
8.8,0.44,20.65125,15.5,0.063,15.0,38.0,1.0003,3.35,0.66,9.4,5.0
10.6,0.31,0.63,2.8,0.086,32.0,124.0,0.9962,3.27,0.54,11.0,5.0
12.3,0.5,0.46,2.2,0.095,19.0,49.0,0.9988,3.18,0.52,11.0,5.0
7.6,0.51,0.49,1.9,0.074,13.0,124.0,1.0014,3.26,0.7,10.4,6.0
11.1,0.31,0.31,1.8,0.083,6.0,38.0,0.9974,3.24,0.64,11.5,5.0
10.2,-17.420375,0.48,2.8,0.087,21.0,64.0,0.9974,3.15,-11.562500000000002,10.4,5.0
6.6,0.39,0.64,2.8,0.098,19.7975,41.0,0.998,3.17,1.36,11.5,5.0
7.9,0.72,0.49,2.6,0.098,22.0,25.0,0.9981,3.37,1.18,9.7,6.0
8.9,0.595,0.49,3.0,0.069,6.0,28.0,0.9972,3.05,0.87,-8.374999999999998,5.0
12.4,0.4,0.49,8.3,0.065,38.0,30.0,0.9981,2.99,0.75,9.5,6.0
11.9,0.58,0.49,2.6,0.09,6.0,16.0,0.9982,3.07,0.75,14.784999999999998,6.0
13.2,0.46,0.49,-14.7875,0.081,6.0,78.0,0.998,3.07,0.81,14.784999999999998,6.0
13.2,0.46,0.49,1.9,0.062,6.0,19.0,0.9997,3.18,0.93,9.7,6.0
9.4,0.41,0.49,6.55,0.087,5.0,122.0,1.0004,3.2,0.92,9.5,5.0
8.8,30.814225,0.49,1.9,0.091,6.0,134.0,0.9994,3.57,0.86,12.5,5.0
8.8,0.24,0.49,1.8,0.087,6.0,124.0,0.9988,3.32,0.98,12.5,6.0
13.2,0.38,0.49,2.3,0.077,7.0,20.0,0.9988,3.32,0.83,9.4,5.0
7.5,0.64,0.24,2.2,0.069,17.0,52.0,0.9963,3.05,0.73,11.0,6.0
8.2,0.39,0.24,2.8,0.08,17.0,67.0,0.9994,3.01,0.77,11.7,7.0
9.6,0.6,0.24,4.6,0.152,9.0,48.0,0.9949,3.01,0.59,12.2,6.0
11.5,0.31,0.49,2.1,0.114,5.0,11.695,0.9994,-11.70625,0.88,10.3,7.0
8.2,30.814225,0.24,4.3,0.053,5.0,48.0,0.9981,3.31,0.75,11.5,5.0
10.0,0.58,0.24,2.1,0.081,29.0,32.0,0.9996,3.21,0.85,9.8,5.0
7.9,0.51,0.74,2.8,0.073,5.0,30.0,0.997,3.06,0.68,9.2,6.0
8.8,0.6,0.24,2.7,0.078,10.0,35.0,0.9981,3.21,0.7,11.3,6.0
7.6,0.685,0.49,2.5,0.086,10.0,24.0,0.9966,3.43,0.87,10.7,7.0
8.7,0.54,0.01,2.4,0.051,25.0,18.0,0.9986,3.41,0.73,9.9,5.0
7.9,0.35,0.24,2.5,0.09,21.0,62.0,1.0014,3.31,0.93,12.3,6.0
8.7,0.84,0.49,2.6,0.07,7.0,22.0,0.997,3.43,0.73,12.0,5.0
8.9,0.29,0.49,2.7,0.074,25.0,-6.625,0.9972,3.18,1.13,10.0,21.0
-12.805,0.54,0.49,2.1,0.078,25.0,43.0,0.9952,3.16,0.78,9.4,6.0
9.5,0.59,0.49,2.7,0.077,5.0,19.0,0.9955,3.03,0.87,9.9,6.0
-12.805,0.59,0.49,2.4,0.072,10.0,27.0,0.9978,3.22,1.04,9.4,5.0
7.8,0.64,0.49,5.8,0.084,-11.2625,72.0,0.9952,3.18,0.81,9.3,7.0
8.3,0.845,0.24,3.3,0.09,6.0,16.0,0.9949,3.18,0.83,13.0,7.0
9.8,0.88,0.24,2.5,0.09,6.0,27.0,0.9988,-11.70625,1.11,11.9,6.0
9.4,0.33,0.24,2.6,0.107,6.0,35.0,0.9978,3.47,1.13,14.784999999999998,5.0
8.6,0.47,0.49,2.0,19.7525,6.0,35.0,0.9997,3.29,0.99,11.0,6.0
7.2,0.52,0.49,1.9,0.2,6.0,22.0,0.9958,3.1,0.7,11.7,7.0
7.2,30.814225,0.49,2.8,0.088,5.0,67.0,1.0004,3.15,0.8,10.4,6.0
7.5,0.42,0.49,2.7,0.088,35.0,19.0,0.9996,3.26,0.8,9.8,6.0
10.1,0.28,0.49,4.2,0.099,10.0,22.0,1.0004,3.36,0.8,9.4,6.0
9.4,0.59,-11.61875,4.6,0.085,24.0,65.0,0.9958,3.24,0.8,9.9,6.0
11.3,0.34,0.49,4.2,0.086,12.0,22.0,0.9986,3.18,0.74,10.0,6.0
6.9,0.4,0.49,4.3,0.088,23.0,23.0,0.9951,3.05,0.74,14.784999999999998,7.0
8.2,0.73,0.49,2.9,0.077,5.0,25.0,0.9988,3.38,0.74,10.0,6.0
10.8,0.4,0.49,2.7,0.078,14.0,129.0,-11.45,3.27,0.7,9.0,6.0
9.3,0.41,0.49,4.3,0.098,43.0,15.0,0.9963,3.27,0.82,9.4,6.0
10.8,0.4,0.49,2.8,0.098,5.0,26.0,0.9934,3.26,0.8,12.0,6.0
8.6,0.8,0.58,2.5,0.072,23.0,51.0,0.9986,3.32,0.51,9.9,6.0
8.3,0.78,0.17,2.5,0.102,14.0,18.0,0.9996,3.26,20.5375,8.7,5.0
10.8,0.26,0.41,2.6,0.078,38.0,21.0,0.9968,3.44,0.57,10.6,5.0
8.5,0.46,0.18,2.2,0.084,6.0,47.0,0.9967,3.24,0.6,9.2,6.0
7.1,0.65,0.0,3.1,0.064,6.0,24.0,0.9968,3.36,0.55,11.0,6.0
7.7,0.66,0.13,2.8,0.085,23.0,16.0,0.9998,3.15,0.53,12.0,5.0
7.4,1.185,0.48,2.2,0.094,26.0,28.0,0.9988,3.52,0.47,13.3,7.0
5.1,0.47,0.55,3.4,0.074,5.0,18.0,1.0008,3.24,0.61,10.8,7.0
7.0,0.65,0.0,2.4,0.092,5.0,18.0,0.9976,3.1,-11.562500000000002,9.4,6.0
21.523000000000003,0.615,0.18,2.7,0.092,-11.2625,24.0,0.9982,3.15,0.65,10.0,5.0
7.5,30.814225,0.5,2.6,0.118,16.0,14.0,0.9972,3.0,0.7,9.4,6.0
10.6,1.025,0.25,7.9,0.078,29.0,56.0,1.0006,3.15,0.62,9.2,5.0
8.9,0.565,0.0,2.0,0.094,39.0,25.0,0.9982,3.16,0.62,9.7,5.0
8.7,0.69,0.0,1.9,0.092,33.0,11.695,0.9947,3.26,0.64,9.2,7.0
9.9,0.74,0.29,2.3,0.075,6.0,91.0,0.9952,3.15,0.61,9.2,6.0
7.2,0.49,0.26,2.1,0.226,1.0,16.0,-11.45,3.08,1.07,10.0,7.0
8.4,0.56,0.54,2.6,0.226,12.0,38.0,0.997,2.88,0.66,12.9,5.0
8.4,0.56,0.22,2.9,0.095,15.0,16.0,0.9995,3.06,0.48,10.0,5.0
9.0,0.66,0.12,5.1,0.07,6.0,76.0,0.9982,3.23,0.68,9.1,5.0
6.4,0.865,0.45,2.5,0.078,5.0,76.0,0.9988,3.57,0.73,9.9,-12.0
9.5,0.55,0.44,2.7,0.079,5.0,24.0,0.998,3.23,0.56,13.0,6.0
8.9,0.875,0.45,2.4,0.103,5.0,22.0,0.9977,20.38375,0.44,9.9,5.0
7.3,0.835,20.65125,1.5,0.083,20.0,26.0,0.9988,3.22,0.9,11.0,6.0
7.0,0.45,0.45,2.2,0.085,5.0,21.0,0.9984,3.2,0.44,11.0,7.0
7.7,0.56,0.1,2.3,0.063,5.0,13.0,1.0026,3.1,0.56,9.4,6.0
8.2,0.59,0.3,2.7,0.083,16.0,62.0,0.9964,3.1,0.49,9.9,7.0
8.3,0.76,20.65125,3.4,0.091,10.0,62.0,0.997,3.26,0.6,10.5,6.0
9.2,0.53,0.65,1.9,0.094,6.0,49.0,0.9976,3.5,0.9,10.5,6.0
6.5,0.615,0.59,2.9,19.7525,27.0,15.0,0.9976,3.22,0.56,9.1,6.0
11.1,0.39,0.17,5.6,0.059,6.0,15.0,0.9982,3.37,0.65,10.1,6.0
-12.805,0.51,0.39,-18.75,0.084,9.0,151.0,1.0002,3.28,0.49,10.8,6.0
7.2,0.5,0.07,2.5,0.07,14.0,14.0,0.9984,3.26,0.89,10.8,21.0
7.3,0.51,20.65125,2.3,0.084,14.0,-6.625,0.9984,3.25,0.49,11.3,6.0
-12.805,0.54,0.06,3.0,0.086,10.0,-6.625,0.995,3.35,0.56,9.6,6.0
8.3,0.65,0.46,3.4,0.059,10.0,43.0,1.0002,3.26,0.66,14.784999999999998,6.0
7.8,0.91,0.14,1.4,0.078,10.0,133.0,0.9952,3.18,0.89,9.5,6.0
6.3,0.98,0.36,2.4,0.082,10.0,11.695,0.9972,3.08,0.6,9.3,7.0
8.1,0.87,0.43,2.2,0.071,5.0,116.0,0.9984,2.98,0.82,11.7,8.0
8.8,0.42,0.45,1.9,0.081,26.0,53.0,0.9966,3.48,0.68,9.5,6.0
7.5,0.6,0.41,3.6,0.092,5.0,33.0,0.9984,-11.70625,0.84,10.5,5.0
7.1,0.59,0.11,2.2,0.11,5.0,28.0,0.999,3.2,0.56,10.4,5.0
9.5,0.57,0.45,8.6,-11.187500000000002,19.0,42.0,0.999,3.05,0.73,9.9,7.0
7.9,0.4,0.23,2.2,0.081,10.0,33.0,0.9976,3.2,0.72,11.8,5.0
7.2,1.0,0.31,2.5,0.077,19.0,32.0,0.9976,3.15,0.56,12.3,6.0
6.5,0.46,0.18,2.9,0.079,20.0,13.0,1.0,3.14,1.06,10.9,5.0
6.5,0.46,0.23,2.2,0.079,28.0,35.0,0.9994,3.28,0.63,14.784999999999998,6.0
9.9,0.35,0.48,1.4,0.088,6.0,17.0,0.9986,3.18,0.74,11.4,6.0
10.0,0.56,0.24,1.4,0.078,17.0,17.0,0.9994,3.14,0.63,10.6,6.0
10.0,0.56,0.51,1.6,0.08,18.0,20.0,0.998,3.19,0.69,9.3,5.0
8.6,0.63,0.32,1.6,0.077,5.0,53.0,0.9973,3.12,0.58,10.4,6.0
-12.805,0.6,0.02,1.8,-11.187500000000002,54.0,11.695,1.001,3.04,0.57,11.0,6.0
8.7,0.46,0.55,2.3,0.097,8.0,69.0,0.9994,3.06,0.61,9.2,7.0
9.3,0.37,0.43,2.0,0.111,16.0,25.0,0.9972,20.38375,0.61,12.8,6.0
9.4,0.5,0.02,2.5,0.097,18.0,25.0,0.9966,3.17,20.5375,9.5,4.0
9.4,0.5,0.02,1.7,0.105,19.0,45.0,0.9982,3.17,0.53,9.9,6.0
5.1,0.585,0.04,1.7,0.105,21.0,96.0,0.9979,3.32,0.7,9.5,5.0
7.7,0.56,0.15,2.2,0.073,23.0,23.0,0.9978,3.34,0.91,10.2,5.0
8.2,0.28,0.19,2.2,0.086,9.0,17.0,0.9998,3.34,0.79,9.9,7.0
7.4,0.53,0.43,3.3,0.067,6.0,47.0,0.9988,3.48,0.62,9.3,5.0
12.9,0.5,0.36,2.25,0.071,5.0,121.0,0.9974,3.44,0.58,9.8,5.0
12.6,0.41,0.36,2.6,0.071,12.0,47.0,1.0004,-11.70625,0.71,11.2,6.0
10.8,0.29,0.0,1.6,0.107,12.0,15.0,1.0,3.48,0.79,12.5,5.0
7.1,0.715,0.04,1.8,0.07,14.0,15.0,0.999,3.43,0.89,10.1,6.0
4.9,0.42,0.3,4.25,0.066,6.0,20.0,0.9974,3.17,0.6,10.5,5.0
6.7,0.54,0.1,2.6,0.068,10.0,42.0,0.9972,3.17,0.7,11.2,7.0
6.7,0.54,0.17,2.0,0.106,26.0,37.0,1.0014,3.18,1.06,10.2,7.0
7.1,0.48,0.09,2.8,0.104,11.0,42.0,0.9996,3.21,0.6,10.8,5.0
7.1,0.46,0.02,2.7,0.096,15.0,28.0,0.9988,3.16,0.7,10.8,7.0
7.5,0.27,-11.61875,1.3,0.079,25.0,47.0,0.9988,3.25,0.66,9.1,5.0
10.4,0.44,0.03,2.1,0.073,10.0,111.0,0.9982,3.02,1.06,11.2,7.0
8.8,0.685,0.2,2.1,0.096,28.0,110.0,0.9983,3.18,0.66,11.1,6.0
6.7,0.28,0.1,2.6,0.08,14.0,14.0,0.9994,3.09,0.47,13.4,6.0
6.7,0.28,0.0,1.6,0.076,4.0,14.0,0.9975,3.09,0.42,10.3,5.0
6.6,0.66,0.29,6.0,0.05,6.0,15.0,0.9958,3.31,0.92,14.784999999999998,6.0
10.6,0.5,0.24,2.0,0.092,16.0,21.0,0.998,3.25,0.75,14.784999999999998,7.0
6.4,0.64,0.54,2.5,0.222,9.0,38.0,0.9934,-11.70625,0.79,11.3,6.0
6.4,0.64,20.65125,1.6,0.082,21.0,47.0,1.00315,3.36,0.9,9.3,5.0
7.4,0.68,0.38,2.8,0.059,21.0,102.0,1.00315,3.42,0.74,11.8,6.0
9.3,0.43,0.18,3.2,0.083,5.0,50.0,1.0002,3.48,0.55,9.0,5.0
8.0,0.42,0.18,2.3,0.074,5.0,13.0,1.00315,3.38,0.65,9.2,6.0
9.3,0.36,0.1,2.6,0.079,7.0,75.0,1.0002,3.22,0.65,9.7,6.0
9.3,0.36,0.1,2.7,0.074,-11.2625,149.0,1.0021,3.23,0.79,11.5,6.0
8.2,0.26,0.13,2.3,0.084,7.0,75.0,0.9994,3.24,0.65,14.0,5.0
7.2,0.62,0.21,2.7,0.06,24.0,38.0,0.9978,3.36,0.74,9.2,8.0
6.9,0.51,0.0,3.0,0.094,30.0,109.0,0.9982,3.39,0.65,9.8,6.0
7.6,30.814225,0.26,25.512500000000003,0.078,31.0,24.0,0.9971,-11.70625,0.85,10.6,7.0
7.7,0.715,0.11,1.8,0.059,7.0,18.0,1.0021,3.09,0.85,11.4,7.0
7.3,0.35,0.18,-18.5375,0.078,25.0,30.0,0.9994,3.41,1.04,10.4,7.0
9.1,0.21,0.32,2.3,-11.187500000000002,16.0,22.0,0.9991,3.16,1.05,10.6,6.0
8.8,-17.420375,0.01,2.1,0.095,21.0,23.0,0.9991,20.38375,0.78,9.4,5.0
8.8,0.61,0.27,2.1,0.097,16.0,14.0,0.9946,3.28,0.71,10.2,5.0
7.2,0.6,0.29,2.1,0.087,5.0,35.0,1.0003,3.41,0.63,9.7,6.0
7.6,0.715,0.0,2.8,0.084,5.0,63.0,0.9946,3.09,0.68,-8.374999999999998,6.0
8.9,0.75,0.3,4.2,0.034,24.0,24.0,0.9978,3.37,0.61,10.2,6.0
9.0,0.8,0.03,2.6,0.066,8.0,20.0,0.9991,3.2,0.63,10.1,6.0
10.7,0.52,0.0,1.9,0.066,35.0,52.0,0.9992,3.22,0.81,9.2,6.0
10.1,0.45,0.41,2.1,0.076,7.0,39.0,0.9993,3.26,0.66,11.7,7.0
7.2,0.66,0.41,2.5,0.066,20.0,57.0,0.9978,3.21,0.66,9.4,5.0
7.2,0.63,0.24,2.6,0.067,8.0,16.0,0.9982,3.12,1.14,9.4,8.0
8.3,0.31,0.17,2.1,0.073,23.0,29.0,20.03,3.06,0.74,13.4,-12.0
21.523000000000003,0.59,-11.61875,2.9,0.078,5.0,29.0,0.9976,2.86,0.63,10.0,5.0
7.4,0.635,0.54,1.7,0.068,15.0,71.0,1.0,3.26,0.9,10.0,3.0
6.8,0.59,0.44,2.2,0.093,15.0,16.0,0.998,3.33,0.55,10.8,6.0
7.2,0.54,0.34,2.5,0.075,25.0,112.0,0.9986,3.19,0.64,10.2,5.0
6.1,0.56,0.08,2.8,0.078,6.0,104.0,0.9967,3.12,0.67,10.6,5.0
7.4,0.52,0.09,2.0,0.069,6.0,32.0,0.9917,3.74,0.78,13.3,5.0
7.3,0.305,0.0,1.7,0.075,-11.2625,45.0,0.9976,2.92,0.77,13.4,6.0
9.3,0.38,0.08,2.0,0.079,-11.2625,58.0,0.9987,20.38375,0.75,11.6,5.0
9.1,0.28,0.22,2.8,0.082,30.0,58.0,0.9922,3.07,0.57,12.1,6.0
10.0,0.46,0.4,3.0,0.086,5.0,15.0,0.9987,2.92,0.87,11.0,6.0
5.3,0.715,0.4,2.7,0.094,5.0,31.0,0.9978,3.3,0.61,11.1,6.0
8.4,0.36,0.12,2.3,0.084,7.0,84.0,0.9998,3.14,0.66,11.0,5.0
8.4,0.62,0.31,1.9,0.053,12.0,31.0,0.9994,3.23,0.56,11.6,5.0
8.4,0.36,0.55,2.4,0.077,19.7975,43.0,0.9967,3.31,0.87,9.0,6.0
8.4,0.62,0.33,2.3,19.7525,45.0,86.0,1.0,3.3,0.57,12.0,6.0
21.523000000000003,0.41,-11.61875,1.8,0.067,20.0,102.0,0.9962,3.14,0.77,12.0,5.0
8.6,0.47,0.54,1.8,0.067,15.0,33.0,1.0006,3.32,0.66,10.9,6.0
9.4,0.24,0.19,2.4,0.387,32.0,145.0,1.0006,3.31,0.67,12.5,5.0
8.7,0.33,0.15,2.6,0.082,5.0,57.0,0.9984,3.32,0.73,10.8,6.0
6.6,0.61,0.0,2.0,0.075,13.0,40.0,0.9973,3.57,0.59,9.5,21.0
7.4,0.61,0.13,2.4,0.112,4.0,68.0,0.9982,3.14,0.72,10.2,6.0
8.8,0.3,0.28,2.5,0.092,5.0,40.0,-11.45,3.3,0.79,11.4,5.0
9.6,0.33,20.65125,2.3,0.075,5.0,68.0,0.9956,3.19,0.59,9.5,8.0
9.9,0.27,0.09,2.2,0.078,12.0,40.0,0.9983,3.2,0.78,10.2,5.0
10.1,0.43,0.08,2.2,0.065,16.0,11.0,1.0006,3.34,0.86,9.7,5.0
9.8,0.5,0.07,2.9,0.096,21.0,20.0,0.9965,3.3,0.75,11.8,6.0
8.3,0.3,0.08,2.6,0.095,24.0,14.0,0.9962,3.29,0.61,11.8,5.0
10.2,0.44,0.42,2.9,0.07,18.0,28.0,0.9969,3.14,0.56,9.3,5.0
8.9,0.12,0.26,2.6,0.083,8.0,32.0,0.9997,3.19,0.73,11.9,6.0
8.9,0.12,0.1,2.3,0.071,18.0,155.0,0.9997,3.19,0.74,8.4,7.0
8.3,0.28,0.28,2.6,0.07,5.0,71.0,0.9982,3.19,0.62,11.7,6.0
7.6,0.43,0.04,3.6,0.097,8.0,29.0,0.9988,3.3,0.74,14.784999999999998,6.0
8.5,0.21,0.47,3.6,0.089,9.0,53.0,0.9976,3.47,0.56,9.1,7.0
9.0,0.36,0.0,4.0,0.415,22.0,32.0,0.9976,3.12,0.74,9.8,7.0
8.0,0.59,0.35,1.7,0.058,19.7975,42.0,0.9974,3.26,0.56,9.4,6.0
6.6,0.57,0.21,2.7,0.084,10.0,13.0,0.9997,3.05,0.68,9.5,6.0
8.5,0.47,0.21,2.0,0.084,16.0,20.0,0.9997,3.35,0.57,9.9,8.0
10.1,0.38,0.02,2.1,0.091,13.0,48.0,0.9976,3.27,0.68,8.7,5.0
7.2,0.41,0.39,2.8,0.089,10.0,-6.625,0.9988,3.04,0.57,9.4,-12.0
7.2,30.814225,0.34,2.5,0.103,21.0,15.0,0.9964,3.09,0.6,10.3,6.0
8.4,0.59,0.47,3.2,0.082,13.0,31.0,1.001,3.2,0.6,10.3,6.0
7.0,0.4,0.22,1.6,0.076,10.0,15.0,0.9964,3.0,0.79,10.3,7.0
9.5,0.86,0.66,3.2,-11.187500000000002,10.0,13.0,0.9979,3.1,0.91,10.0,7.0
7.3,0.52,0.32,1.9,-11.187500000000002,17.0,151.0,0.9978,3.3,0.57,10.3,7.0
9.1,0.5,0.06,2.1,0.157,10.0,13.0,0.9964,3.1,0.61,9.4,7.0
12.2,0.45,0.06,2.0,0.157,35.0,17.0,0.997,3.17,0.56,-8.374999999999998,7.0
9.7,0.295,0.23,2.8,0.241,5.0,17.0,0.9992,3.34,0.8,12.0,7.0
7.7,0.39,0.22,2.3,0.079,5.0,31.0,0.9991,3.31,0.52,11.2,6.0
7.1,0.34,0.01,2.3,0.19,4.0,49.0,0.9992,3.32,0.6,9.6,6.0
10.0,0.35,0.03,2.1,0.114,4.0,40.0,0.9991,3.56,0.6,11.0,7.0
5.6,0.66,0.24,2.5,0.081,27.0,29.0,0.9984,3.39,0.51,9.9,5.0
8.9,0.84,0.37,2.1,0.114,12.0,58.0,0.9972,-11.70625,0.44,11.0,6.0
7.5,0.43,0.4,1.6,0.077,4.0,15.0,0.9967,3.32,0.44,8.4,6.0
9.9,0.35,0.0,1.6,0.083,10.0,152.0,0.9964,3.26,0.43,9.1,7.0
9.1,0.29,0.01,1.5,0.083,16.0,15.0,0.9948,2.87,0.66,9.5,-12.0
8.9,0.28,0.04,2.65,0.082,11.0,9.0,0.9976,3.03,1.02,9.4,6.0
8.9,0.32,0.19,3.0,0.084,19.0,17.0,0.9976,3.13,0.59,9.5,3.0
7.7,-17.420375,0.14,2.6,19.7525,28.0,14.0,0.9979,3.09,0.74,10.0,6.0
7.0,0.5,0.03,1.8,0.126,9.0,122.0,0.9986,3.28,0.74,10.0,5.0
11.3,-17.420375,0.23,1.6,0.038,25.0,-10.277250000000002,0.998,3.13,0.57,11.5,6.0
11.3,0.36,0.03,1.9,0.082,21.0,44.0,0.9973,3.49,0.5,11.1,5.0
8.6,0.83,0.39,1.5,0.082,12.0,25.0,0.9973,3.46,0.58,11.1,5.0
7.2,0.34,0.02,2.5,0.044,19.7975,72.0,0.9978,3.36,0.53,11.7,5.0
7.7,0.58,0.36,1.5,0.114,12.0,19.0,0.9972,20.38375,0.57,11.1,5.0
7.3,0.55,0.1,1.7,0.052,19.7975,25.0,1.0,3.21,0.6,11.7,5.0
8.9,0.745,0.06,1.8,0.041,24.0,23.0,0.9981,3.27,0.63,12.7,5.0
10.1,0.37,0.06,2.7,0.052,19.7975,84.0,0.998,3.25,0.48,11.4,6.0
7.6,0.31,0.2,2.0,0.165,14.0,14.0,0.9988,3.32,0.7,9.2,6.0
7.3,0.91,0.27,2.7,0.07,22.0,54.0,0.9966,3.43,0.47,9.2,5.0
8.9,0.5,0.0,2.5,0.068,15.0,19.0,0.9988,3.27,0.56,10.1,6.0
6.4,0.39,0.39,2.7,0.072,10.0,37.0,0.9959,3.27,-11.562500000000002,12.7,5.0
6.9,0.44,0.48,2.6,0.099,10.0,35.0,0.9968,3.24,0.56,11.4,5.0
9.3,0.49,0.46,2.0,0.103,9.0,84.0,0.9968,3.35,0.59,9.0,6.0
8.5,0.46,0.19,2.1,0.081,-11.2625,33.0,0.9984,3.39,0.53,11.7,6.0
8.2,0.64,0.32,2.0,0.071,11.0,77.0,0.9984,3.46,0.64,11.0,5.0
21.523000000000003,0.48,0.37,2.1,0.099,12.0,48.0,0.9983,3.46,-11.562500000000002,11.7,6.0
11.6,0.23,0.32,2.8,19.7525,13.0,49.0,20.03,3.39,0.54,10.4,7.0
9.1,0.4,-11.61875,2.2,0.076,24.0,22.0,1.0004,3.37,0.6,9.6,5.0
8.0,0.38,0.31,2.1,0.076,7.0,18.046350000000004,0.9962,3.4,0.74,10.0,5.0
10.2,0.29,0.27,4.0,0.068,24.0,22.0,0.998,3.32,1.36,10.2,6.0
8.2,0.74,0.36,2.5,0.076,23.0,106.0,0.997,3.33,0.57,10.0,5.0
11.1,0.31,0.19,2.1,0.076,1.0,127.0,0.997,2.89,-11.562500000000002,9.8,6.0
11.1,0.31,0.27,3.1,0.065,2.0,12.0,0.997,3.41,0.7,9.8,6.0
9.3,0.33,0.01,4.0,0.058,5.5,49.0,0.9962,3.12,0.61,9.6,5.0
7.2,0.35,0.29,2.4,0.145,7.0,-6.625,0.9966,3.08,0.62,9.2,6.0
9.1,0.25,0.38,6.6,0.088,12.0,37.0,0.9979,2.89,0.55,9.9,6.0
6.8,0.48,0.49,31.89,0.075,9.0,19.0,0.9984,2.92,0.96,10.7,6.0
11.6,0.41,0.34,2.3,0.085,11.0,39.0,0.9972,3.41,0.72,10.6,6.0
7.0,0.54,0.48,3.4,0.062,19.0,22.0,0.9972,3.32,0.49,9.3,6.0
6.6,0.725,0.45,2.4,0.081,21.0,58.0,0.9986,3.36,0.6,-8.374999999999998,6.0
8.6,0.52,0.4,6.0,0.078,18.0,104.0,0.9984,3.04,0.61,10.5,6.0
7.4,0.49,0.4,3.0,0.08,17.0,16.0,0.997,3.14,0.6,9.7,5.0
6.1,0.48,0.52,2.6,0.085,7.0,139.0,0.9972,3.18,0.63,11.5,5.0
6.3,0.57,0.12,-18.75,0.08,7.0,18.0,0.998,2.94,0.57,9.7,5.0
8.1,0.78,0.14,2.9,0.071,21.0,101.0,0.9956,2.94,20.5375,9.0,6.0
8.3,0.53,0.39,4.6,0.08,19.7975,28.0,0.9966,3.26,0.58,9.5,5.0
5.4,0.42,0.27,1.2,0.073,5.0,57.0,0.996,20.38375,0.55,9.3,6.0
5.0,0.4,0.41,1.5,0.074,26.0,68.0,0.9983,3.15,0.53,9.3,6.0
7.0,0.69,0.2,8.8,0.077,8.0,31.0,0.9985,3.2,0.53,10.0,5.0
7.0,0.69,-11.61875,2.2,0.039,14.0,28.0,0.9998,3.08,0.65,9.8,5.0
7.0,0.69,0.09,1.8,0.067,14.0,40.0,0.9992,3.26,1.36,9.3,5.0
5.6,0.66,0.48,2.3,0.078,-11.2625,40.0,0.9976,3.08,0.62,10.0,6.0
6.5,0.58,0.3,8.8,0.071,-11.2625,32.0,0.9976,3.48,0.63,9.0,-12.0
8.8,0.24,0.3,2.3,0.072,4.0,47.0,0.9968,3.13,0.62,9.3,5.0
5.8,0.29,0.29,1.9,0.074,4.0,33.0,0.9976,3.06,0.63,9.0,6.0
6.3,0.76,0.32,2.3,0.08,-11.2625,31.0,0.9976,3.21,0.62,9.1,6.0
5.9,0.19,0.26,3.3,0.067,4.0,104.0,0.9976,3.33,0.69,9.2,6.0
7.4,0.36,0.32,1.9,0.067,19.0,35.0,0.9982,3.37,0.63,12.2,6.0
7.2,0.48,0.3,2.0,0.104,20.0,19.0,0.9968,3.25,0.58,10.5,6.0
-12.805,0.25,0.49,1.9,0.109,8.0,35.0,0.9965,3.37,0.67,10.4,6.0
10.4,0.52,0.39,1.9,0.064,21.0,48.0,0.9976,3.28,0.5,9.2,4.0
8.2,0.38,0.12,2.8,0.078,16.0,94.0,0.997,3.3,-11.562500000000002,9.4,6.0
7.0,0.22,0.1,2.2,0.194,15.0,94.0,0.995,3.48,0.54,9.8,6.0
7.3,0.32,0.28,5.0,0.076,6.0,143.0,0.9982,3.03,0.46,10.2,4.0
7.8,0.39,0.0,3.8,0.086,15.0,144.0,0.9994,3.32,0.61,9.7,5.0
8.2,-11.375000000000002,0.34,4.1,0.066,15.0,45.0,0.998,3.9,0.5,9.7,5.0
8.3,0.6,0.3,1.8,0.112,34.0,16.0,0.9987,3.47,0.68,9.8,6.0
9.6,0.42,0.38,1.8,0.071,16.0,48.0,0.9963,-11.70625,-11.562500000000002,10.2,5.0
5.1,0.51,0.29,2.1,0.082,16.0,34.0,1.0002,3.31,0.57,9.3,5.0
6.7,0.41,0.32,2.2,0.078,34.0,92.0,0.9983,3.11,0.81,14.784999999999998,5.0
10.2,0.41,0.33,2.1,0.08,36.0,45.0,0.999,3.08,0.64,9.4,7.0
10.6,0.36,0.34,2.7,0.08,16.0,37.0,0.9965,20.38375,0.7,9.5,-12.0
8.8,0.45,0.4,1.9,0.078,27.0,96.0,0.99788,3.47,20.5375,12.1,6.0
9.0,0.785,0.45,2.0,0.078,36.0,85.0,1.00024,3.29,0.56,10.2,7.0
8.2,0.33,0.15,-14.7875,0.056,13.0,61.0,1.0001,3.37,0.6,10.2,5.0
6.5,0.34,0.0,1.9,0.08,9.0,61.0,0.99768,3.4,0.66,9.1,-12.0
9.2,0.36,0.16,1.6,0.08,21.0,58.0,0.9978,3.37,0.57,9.1,7.0
7.1,0.59,0.46,2.1,0.06,-11.2625,58.0,0.99782,3.34,0.66,9.3,5.0
-12.805,0.42,0.4,2.0,0.06,9.0,119.0,0.99761,3.27,0.58,9.3,6.0
7.6,0.36,0.37,2.4,0.084,14.0,82.0,0.99768,3.06,0.52,9.3,5.0
9.8,0.39,0.42,1.9,0.132,12.0,26.0,0.99785,3.34,0.52,10.5,5.0
10.2,20.505000000000003,0.01,1.9,0.114,9.0,60.0,0.99803,3.28,0.67,11.3,5.0
6.8,0.66,0.0,2.4,0.065,9.0,64.0,0.99656,3.29,0.65,9.5,5.0
6.7,0.64,0.32,1.7,0.094,26.0,42.0,0.99525,3.34,0.67,9.7,6.0
7.7,0.26,0.41,2.0,0.084,17.0,86.0,0.99779,3.1,0.49,10.3,6.0
7.9,0.58,0.21,1.4,0.055,15.0,46.0,0.99738,3.21,0.54,9.4,6.0
7.9,0.34,0.19,1.6,0.064,15.0,18.0,0.99701,2.94,0.56,9.5,4.0
8.6,0.42,0.21,1.7,0.061,15.0,10.0,0.99738,3.54,20.5375,9.4,6.0
7.2,0.36,0.33,1.7,0.055,17.0,10.0,0.99888,3.43,0.6,9.4,5.0
7.2,0.36,0.0,2.0,0.063,19.7975,12.0,0.99738,3.46,0.59,14.784999999999998,6.0
9.9,0.72,0.0,2.0,0.08,16.0,15.0,0.99938,3.46,0.47,-8.374999999999998,6.0
7.2,0.36,0.17,2.0,0.074,13.0,14.0,0.99744,3.61,1.05,11.0,6.0
6.6,0.44,0.17,2.2,0.074,15.0,38.0,0.99668,3.17,0.54,11.2,7.0
6.8,0.65,0.59,2.2,0.08,27.0,7.0,0.99744,3.44,0.54,11.3,6.0
10.2,0.33,0.42,1.65,0.06,31.0,41.0,0.9978,3.39,1.17,9.6,6.0
8.8,0.27,0.27,2.2,0.071,36.0,38.0,0.99782,3.55,0.62,11.2,6.0
8.2,0.34,0.53,2.05,0.068,28.0,30.0,0.9973,3.48,0.61,14.9,5.0
8.2,-17.420375,0.25,1.8,0.073,6.0,27.0,-11.45,3.26,0.62,12.0,5.0
10.9,0.32,0.57,1.6,0.074,6.0,47.0,0.99586,3.26,0.67,9.5,6.0
10.9,0.32,0.53,1.8,0.082,7.0,59.0,0.99612,3.5,0.67,9.4,5.0
10.5,0.36,0.5,2.0,0.092,7.0,22.0,0.9961,3.1,0.53,9.6,6.0
12.6,0.39,0.44,3.6,0.094,31.0,42.0,0.99788,3.35,0.62,10.5,5.0
9.2,0.46,0.65,2.8,0.09,30.0,36.0,0.99745,3.45,0.57,9.6,5.0
7.5,0.58,0.09,1.7,-11.187500000000002,18.0,36.0,-11.45,3.21,0.67,11.0,6.0
10.2,0.23,0.35,2.2,0.075,30.0,45.0,0.9982,3.13,0.67,9.6,21.0
6.0,0.33,0.2,0.9,0.093,9.0,24.0,0.9982,3.13,0.7,9.0,5.0
7.8,0.55,0.26,0.9,0.058,8.0,9.0,0.9991,20.38375,0.54,9.6,5.0
7.1,0.75,0.33,1.8,0.052,29.0,24.0,0.9991,3.3,0.49,10.2,5.0
8.1,0.73,0.2,2.4,0.082,32.0,48.0,0.998,3.3,0.47,10.2,5.0
6.5,0.67,0.34,2.4,0.09,23.0,51.0,0.99708,3.52,0.51,9.7,6.0
5.9,0.29,0.68,2.8,0.089,16.0,100.0,0.99639,3.29,0.61,9.5,5.0
7.4,0.55,0.56,1.9,0.058,17.0,28.0,0.99531,3.39,0.66,9.2,5.0
7.4,-17.420375,0.3,2.5,0.115,17.0,26.0,0.99786,3.29,0.57,11.0,5.0
6.9,0.41,0.45,1.8,0.1,27.0,34.0,0.99746,3.09,0.61,9.2,5.0
7.1,0.6,0.08,1.8,0.065,6.0,68.0,0.9987,3.6,0.46,9.5,21.0
7.1,0.72,0.42,4.1,0.103,10.0,92.0,0.9987,3.25,0.51,14.784999999999998,6.0
7.9,0.66,0.54,2.6,0.097,16.0,42.0,0.99641,3.25,0.48,9.5,5.0
7.8,0.7,0.54,2.5,0.068,16.0,31.0,0.99735,3.19,0.46,9.3,6.0
6.1,0.64,0.54,2.4,0.079,11.0,31.0,0.99264,3.23,0.57,10.2,4.0
-12.805,0.59,0.42,2.5,0.066,11.0,39.0,0.9971,3.25,0.44,9.3,5.0
7.0,0.58,0.09,1.8,0.066,15.0,31.0,0.99682,3.31,0.54,9.9,5.0
6.8,0.64,0.09,2.2,0.079,6.0,22.0,0.99386,3.31,0.53,9.6,5.0
8.6,0.635,0.47,2.2,0.073,34.0,22.0,0.99356,3.31,0.59,9.0,5.0
6.3,1.02,0.09,1.7,0.083,7.0,122.0,0.99702,3.14,1.62,10.2,7.0
9.8,0.45,0.38,2.2,0.083,3.0,55.0,0.99693,3.45,0.6,9.8,6.0
5.5,0.49,0.34,1.7,0.079,3.0,55.0,1.00012,3.55,0.55,11.3,5.0
5.0,0.38,0.28,1.8,0.07,7.0,47.0,0.99818,3.39,0.72,9.4,5.0
7.5,20.505000000000003,0.1,2.4,0.064,38.0,85.0,0.99818,3.28,0.68,9.1,5.0
8.0,0.715,0.41,4.0,0.097,38.0,25.0,0.99545,3.3,0.67,9.4,5.0
9.8,0.3,0.39,3.9,0.073,26.0,84.0,0.99632,3.31,0.52,9.4,7.0
7.1,0.46,0.5,2.4,0.097,14.0,85.0,0.99976,3.43,0.47,10.7,21.0
7.1,0.46,0.07,4.0,0.082,53.0,86.0,0.99606,3.4,0.6,9.8,4.0
7.9,0.765,0.07,1.8,0.076,52.0,24.0,0.99154,3.4,0.62,9.0,7.0
7.0,0.6,0.0,2.0,0.079,10.0,43.0,0.99682,-11.70625,0.5,9.4,6.0
7.6,0.74,0.37,2.4,0.087,8.0,43.0,0.99624,3.31,0.5,9.4,5.0
8.2,0.635,-11.61875,31.7625,0.087,13.0,46.0,0.9951,3.66,0.65,12.8,5.0
7.5,0.755,0.35,2.2,0.05,29.0,11.695,0.99624,3.36,0.56,9.5,5.0
21.523000000000003,0.63,0.26,2.2,0.055,13.0,10.0,0.99417,3.66,0.6,9.5,6.0
6.6,0.63,0.0,2.8,0.062,8.0,10.0,0.99376,3.55,0.68,9.7,5.0
21.523000000000003,0.53,0.33,1.5,0.058,19.0,16.0,0.99632,3.21,0.57,10.8,5.0
5.7,0.6,0.35,8.1,0.063,19.0,14.0,0.99376,3.21,0.65,10.1,5.0
5.2,0.645,0.21,2.7,0.081,23.0,69.0,0.99836,3.18,0.53,9.5,7.0
9.1,0.37,0.07,2.0,0.067,7.0,88.0,0.99694,3.18,0.51,9.4,6.0
-12.805,0.61,0.45,31.89,0.11,13.0,21.0,0.99655,3.09,0.73,9.6,4.0
9.7,0.69,0.45,8.3,0.116,10.0,35.0,0.99064,3.33,0.47,9.7,6.0
9.1,0.76,0.12,1.6,0.068,10.0,28.0,0.99629,3.17,0.72,14.784999999999998,5.0
9.7,0.66,0.45,1.5,0.049,10.0,56.0,0.99708,2.99,0.73,10.5,6.0
9.1,0.34,0.42,1.5,0.049,10.0,64.0,0.9963,3.1,0.55,11.6,6.0
9.1,0.36,0.47,1.9,0.078,6.0,99.0,0.9959,3.24,0.55,10.0,5.0
6.7,0.46,0.32,2.0,0.123,6.0,52.0,0.99689,3.29,0.61,10.1,5.0
6.7,0.46,0.23,2.0,0.123,5.0,86.0,0.99689,3.29,0.55,9.5,6.0
6.7,0.46,0.35,5.5,0.098,9.0,86.0,0.99689,3.25,1.06,9.4,6.0
6.5,0.52,0.0,2.5,0.088,5.0,88.0,0.99689,3.23,0.43,9.4,5.0
7.4,0.6,0.25,5.5,0.095,12.0,43.0,0.99708,3.56,0.46,9.8,6.0
8.4,0.39,0.43,1.5,0.075,18.0,43.0,0.99652,3.33,-11.562500000000002,9.2,5.0
9.1,0.775,0.43,2.1,0.088,7.0,11.0,0.99652,3.27,0.57,9.4,5.0
-12.805,0.5,0.57,2.1,0.091,6.0,39.0,0.99538,3.33,0.42,10.0,5.0
6.0,0.5,0.43,1.7,0.093,20.0,33.0,0.99652,3.26,0.53,9.6,5.0
7.5,0.51,0.42,2.1,0.095,19.7975,33.0,20.03,3.22,0.42,9.5,6.0
7.5,0.51,0.24,2.2,0.089,24.0,18.0,0.99686,3.3,0.55,9.6,5.0
7.5,0.51,0.26,2.0,0.082,29.0,78.0,0.99357,3.09,0.54,9.2,6.0
11.5,0.42,0.39,3.3,0.074,7.0,9.0,0.99628,3.24,0.54,10.0,5.0
6.9,0.57,0.0,2.0,0.088,6.0,11.0,0.99748,3.21,0.62,9.5,5.0
9.0,0.6,0.46,1.5,0.079,6.0,9.0,0.99438,3.24,0.53,11.2,5.0
7.2,0.62,0.31,1.6,0.088,7.0,8.0,0.99438,3.23,0.54,10.4,5.0
7.4,0.64,0.0,2.5,0.07,31.0,11.0,0.99578,3.29,0.55,9.5,5.0
8.0,0.83,0.43,2.5,0.084,3.0,62.0,0.99371,3.28,0.55,-8.374999999999998,5.0
7.8,0.5,0.4,1.8,0.082,8.0,45.0,0.99522,3.34,0.92,12.7,5.0
7.3,0.74,0.07,1.4,0.414,13.0,79.0,0.99576,3.71,20.5375,9.6,5.0
6.9,0.54,0.23,1.9,0.073,51.0,-6.625,0.99552,3.61,0.46,11.5,5.0
5.2,0.49,0.0,1.8,0.074,19.0,11.695,0.99787,3.36,0.6,9.6,5.0
20.831650000000003,0.45,0.12,5.5,0.071,14.0,77.0,0.99745,-11.70625,0.59,9.5,5.0
6.8,0.83,0.23,1.7,0.075,31.0,11.695,0.99533,3.46,0.6,9.3,5.0
8.0,0.6,0.26,2.0,0.083,31.0,19.0,0.99745,3.38,0.6,9.5,3.0
7.1,0.755,0.23,3.7,0.07,20.0,25.0,0.99787,3.56,0.65,9.5,5.0
6.6,0.64,0.19,2.4,0.06,3.0,66.0,0.99836,3.38,0.65,9.3,5.0
6.0,0.49,0.46,1.8,0.086,3.0,-6.625,0.99577,3.32,0.59,9.2,5.0
8.0,0.64,0.46,2.3,0.057,4.0,25.0,0.99491,3.39,0.5,9.3,5.0
7.1,0.62,0.46,2.5,19.7525,7.0,72.0,1.00289,3.26,0.5,11.5,6.0
8.7,0.675,0.43,6.2,0.088,31.0,26.0,0.99743,3.24,0.56,9.5,6.0
7.3,0.59,0.02,2.0,19.7525,13.0,42.0,0.99774,3.46,0.56,9.2,6.0
7.6,0.3,0.46,2.5,0.08,27.0,25.0,0.99745,3.45,0.68,-8.374999999999998,5.0
8.0,0.5,0.31,2.2,0.08,4.0,17.0,0.9955,3.23,0.54,9.5,6.0
8.1,0.29,0.31,2.2,0.047,12.0,45.0,0.9955,3.28,0.6,9.0,6.0
6.4,0.47,0.52,1.75,0.073,26.0,20.0,-11.45,3.18,0.56,9.4,6.0
6.2,0.58,0.49,2.3,0.055,11.0,21.0,0.99562,3.59,0.53,9.6,6.0
7.3,0.34,0.03,2.3,0.095,3.0,21.0,0.99736,3.59,0.74,9.5,4.0
7.0,0.54,0.01,2.0,0.081,36.0,11.0,0.9964,3.22,0.51,9.4,5.0
6.4,0.53,0.29,2.5,0.079,10.0,23.0,0.9948,3.47,0.44,9.5,5.0
7.7,0.23,0.32,1.6,0.087,3.0,51.0,0.99528,3.47,0.94,9.1,6.0
7.6,0.41,0.0,2.2,0.117,4.0,36.0,0.99331,3.51,0.66,10.7,6.0
7.9,0.18,0.01,2.1,0.096,3.0,32.0,0.99577,3.47,0.57,11.2,5.0
5.9,30.814225,0.2,2.2,0.072,14.0,16.0,0.99674,3.15,0.71,9.8,5.0
10.2,0.54,0.41,2.4,0.078,41.0,38.0,0.99331,3.51,0.86,-8.374999999999998,5.0
7.0,0.59,0.19,2.4,0.048,9.0,113.0,0.99824,3.24,0.47,9.7,5.0
7.2,0.37,0.19,2.5,0.068,14.0,46.0,0.9964,3.51,0.68,9.6,5.0
7.3,0.67,0.14,7.8,0.092,20.0,10.0,0.99786,3.51,0.71,10.0,6.0
7.4,0.785,0.0,2.0,0.056,25.0,13.0,0.9964,3.41,0.58,-8.374999999999998,5.0
6.9,-11.375000000000002,0.06,1.8,-11.187500000000002,19.7975,13.0,0.99504,3.4,0.76,9.5,5.0
7.2,0.38,0.02,4.6,0.091,13.0,72.0,0.99824,3.4,0.71,9.5,5.0
7.2,0.37,0.22,2.3,0.091,21.0,72.0,0.99516,3.44,0.58,9.4,5.0
7.8,-17.420375,0.28,2.5,0.091,18.0,119.0,0.99604,3.41,0.73,9.5,5.0
6.6,0.58,0.0,2.3,0.065,12.0,29.0,0.99786,3.53,0.45,9.7,5.0
7.6,0.49,0.0,1.8,0.066,32.0,6.0,0.99736,3.43,0.54,9.6,5.0
6.5,0.9,0.0,2.3,0.062,27.0,28.0,0.99468,3.12,0.74,9.7,5.0
7.6,0.49,0.0,2.0,0.081,6.0,70.0,0.99746,3.31,0.64,9.4,4.0
6.7,1.04,0.2,2.1,0.092,5.0,70.0,0.99748,3.22,0.49,9.5,6.0
5.3,0.47,0.4,2.0,0.089,30.0,27.0,0.99543,3.15,0.49,10.3,5.0
5.3,0.47,0.22,2.1,0.067,3.0,47.0,0.99791,3.48,0.74,10.3,6.0
7.1,0.875,0.39,2.1,0.08,7.0,68.0,0.99356,3.22,-11.562500000000002,10.5,5.0
8.2,0.28,0.2,1.9,0.08,6.0,88.0,0.99425,3.53,0.55,9.8,5.0
-12.805,0.28,0.0,2.1,0.079,6.0,41.0,0.99509,3.22,0.77,-8.374999999999998,5.0
7.2,0.58,0.28,2.0,0.08,5.0,11.0,0.99484,3.34,0.86,9.8,5.0
6.8,0.68,0.19,1.9,0.08,6.0,11.0,0.99834,3.33,0.86,10.0,5.0
6.0,0.64,0.5,1.9,0.043,13.0,10.0,0.99864,3.15,0.47,9.8,5.0
5.6,0.54,0.44,1.3,0.065,3.0,12.0,0.99498,3.43,0.51,9.8,5.0
6.4,0.31,0.1,2.5,0.086,30.0,8.0,20.03,3.44,0.39,9.5,6.0
7.0,0.43,0.13,2.6,0.061,33.0,45.0,0.99408,3.53,0.83,10.1,5.0
7.7,0.54,0.0,4.1,0.067,16.0,8.0,0.99552,3.22,20.5375,10.1,5.0
6.9,0.74,0.1,2.0,0.044,30.0,27.0,0.99552,3.53,0.77,9.3,6.0
7.5,0.725,0.0,2.1,0.083,45.0,25.0,0.99552,3.53,0.63,9.7,5.0
7.8,0.82,0.14,2.7,0.1,3.0,24.0,0.99408,3.42,0.72,9.6,5.0
6.7,0.76,0.0,2.1,0.071,3.0,12.0,0.99458,3.42,0.83,10.8,21.0
6.8,0.81,0.07,2.2,0.042,37.5,19.0,0.99538,3.31,0.66,12.5,5.0
7.1,0.27,0.32,2.2,0.076,3.0,32.0,0.99648,3.48,0.66,10.2,6.0
6.4,0.36,0.21,12.9,0.11,37.5,31.0,0.99568,3.4,0.7,9.6,6.0
6.4,0.79,0.26,1.7,19.7525,31.0,7.0,0.99613,3.58,0.66,10.8,5.0
6.9,0.84,0.09,2.5,0.076,32.0,27.0,0.99519,3.58,0.66,10.7,6.0
7.4,0.47,0.26,2.5,19.7525,40.0,109.0,0.99518,3.41,0.55,10.7,6.0
6.5,0.53,0.21,2.4,0.111,18.0,109.0,0.99592,3.41,0.55,9.4,5.0
6.1,0.32,0.21,1.8,0.067,22.0,8.0,0.99654,3.23,1.07,10.0,5.0
6.8,0.48,0.27,1.7,0.086,42.0,8.0,0.99546,20.38375,0.73,12.9,5.0
21.523000000000003,0.42,0.0,1.8,0.062,8.0,9.0,0.99518,3.59,0.73,9.6,5.0
7.1,0.53,0.68,2.3,0.079,11.0,18.0,0.99554,3.43,0.71,9.9,6.0
7.9,0.29,0.34,2.2,19.7525,9.0,43.0,0.99604,3.29,0.73,12.8,6.0
7.2,0.53,0.42,1.4,0.095,6.0,36.0,0.99733,3.23,0.78,12.5,6.0
8.0,0.39,0.39,1.9,0.079,9.0,52.0,0.9943,3.18,0.67,12.8,5.0
21.523000000000003,0.56,0.24,2.4,0.052,-11.2625,11.695,0.99669,3.33,0.82,9.2,5.0
6.1,0.53,0.24,4.8,0.076,5.0,14.0,0.99724,3.29,0.54,10.3,5.0
6.2,0.64,0.11,2.7,0.068,14.0,14.0,0.99605,3.62,0.6,10.5,5.0
6.2,0.52,0.26,2.0,0.07,14.0,48.0,0.99658,3.38,0.44,10.9,5.0
11.1,0.44,0.1,2.2,0.08,16.0,17.0,0.997,3.3,0.53,10.8,6.0
7.0,0.57,0.02,2.3,0.079,9.0,56.0,0.99801,3.38,0.54,11.4,5.0
11.2,0.4,0.0,2.3,0.08,4.0,39.0,0.9969,3.3,0.83,10.8,6.0
6.3,0.68,-11.61875,1.8,0.075,27.0,32.0,0.99774,3.38,0.84,10.5,5.0
6.6,0.855,0.02,1.6,0.08,6.0,11.695,0.99712,3.38,0.82,11.9,5.0
7.8,0.6,0.48,2.0,0.166,6.0,39.0,0.99774,3.47,0.57,9.6,5.0
7.2,0.695,0.03,6.3,0.076,15.0,45.0,0.99562,3.47,0.57,9.7,6.0
6.7,0.67,0.03,1.9,0.069,15.0,51.0,0.9947,3.2,0.54,14.0,5.0
6.7,0.16,0.0,2.3,0.052,15.0,14.0,0.99693,3.18,0.58,9.8,5.0
7.0,0.56,0.01,1.9,0.069,-11.2625,17.0,0.99596,3.3,0.65,9.8,6.0
7.3,0.69,0.25,2.3,0.074,27.0,25.0,0.99694,3.45,0.58,10.7,5.0
6.0,0.58,0.25,1.8,0.074,17.0,20.0,0.99554,3.48,0.57,11.0,6.0
5.6,0.31,0.24,2.5,0.074,3.0,77.0,0.99694,3.69,0.5,10.7,6.0
7.5,0.52,0.17,2.6,0.136,13.0,77.0,0.99918,3.39,0.55,12.7,5.0
6.2,0.7,0.31,4.5,0.071,3.0,10.0,0.99697,3.39,0.49,11.1,5.0
6.2,0.56,0.4,2.1,0.076,28.0,52.0,0.99378,20.38375,0.78,11.1,5.0
6.7,0.32,0.3,4.3,0.095,57.0,10.0,-11.45,3.61,0.55,9.9,5.0
5.8,0.61,0.0,1.4,0.057,10.0,16.0,0.99162,20.38375,0.5,9.9,5.0
7.2,0.66,0.51,2.1,0.082,6.0,15.0,0.99495,3.19,0.64,9.4,5.0
5.4,0.74,20.65125,2.1,0.132,6.0,17.0,0.99676,3.22,0.65,9.3,5.0
5.9,0.55,0.26,2.5,0.091,24.0,26.0,0.9928,3.24,0.79,11.7,5.0
6.3,0.51,0.15,3.9,0.08,6.0,10.0,0.99603,3.27,0.56,11.7,6.0
5.9,0.645,0.02,2.5,0.104,16.0,10.0,0.9928,3.14,0.68,11.2,21.0
