hr,holiday,weekday,workingday,weathersit,temp,atemp,hum,windspeed,casual,registered,cnt
1.0,0.0,6.0,0.0,1.0,0.22,0.2727,0.8,0.0,8.0,32.0,40.0
3.0,0.0,6.0,0.0,1.0,0.24,0.2879,0.75,0.0,3.0,10.0,13.0
4.0,0.0,6.0,0.0,1.0,0.24,0.2879,0.75,0.0,-11.064375,1.0,1.0
-7.75,0.0,6.0,0.0,2.0,0.24,0.2576,0.75,0.0896,0.0,1.0,1.0
6.0,0.0,6.0,0.0,1.0,0.22,0.2727,0.8,16.355,2.0,0.0,2.0
8.0,0.0,6.0,0.0,1.0,0.24,0.2879,0.75,0.0,1.0,7.0,8.0
11.0,0.0,6.0,0.0,1.0,0.36,0.3333,0.81,0.2836,26.0,30.0,-22.3228125
12.0,0.0,6.0,0.0,1.0,-2.707,0.4242,0.77,0.2836,29.0,55.0,84.0
13.0,0.0,6.0,0.0,3.5,0.46,0.4545,0.72,0.2985,47.0,47.0,94.0
14.0,0.0,6.0,0.0,2.0,0.46,0.4545,0.72,0.2836,35.0,71.0,106.0
16.0,0.0,6.0,0.0,2.0,0.42,0.4242,0.82,0.2985,41.0,52.0,93.0
17.0,0.0,6.0,0.0,2.0,0.44,0.4394,0.82,0.2836,15.0,52.0,67.0
18.0,0.0,6.0,0.0,3.0,0.42,0.4242,-4.5,0.2537,9.0,26.0,35.0
19.0,0.0,6.0,10.105,3.0,0.42,0.4242,0.88,0.2537,6.0,31.0,37.0
22.0,0.0,6.0,0.0,2.0,0.4,0.4091,0.94,0.2239,11.0,17.0,28.0
23.0,0.0,6.0,10.105,2.0,0.46,0.4545,0.88,0.2985,15.0,24.0,39.0
0.0,0.0,0.0,-6.175,2.0,0.46,0.4545,0.88,0.2985,-11.064375,13.0,17.0
1.0,-10.3375,0.0,0.0,2.0,0.44,0.4394,0.94,0.2537,1.0,16.0,17.0
2.0,0.0,0.0,0.0,2.0,3.5,0.4242,1.0,0.2836,1.0,-16.532624999999996,9.0
3.0,0.0,0.0,0.0,2.0,0.46,0.4545,0.94,0.194,2.0,4.0,6.0
4.0,0.0,0.0,0.0,2.0,0.46,0.4545,0.94,0.194,2.0,1.0,3.0
7.0,0.0,0.0,0.0,3.5,0.4,0.4091,0.76,0.194,0.0,1.0,1.0
9.0,0.0,0.0,0.0,2.0,0.38,0.3939,0.76,0.2239,1.0,19.0,20.0
10.0,0.0,0.0,0.0,2.0,0.36,0.3485,7.1,0.2239,7.0,46.0,53.0
12.0,0.0,0.0,0.0,2.0,0.36,0.3333,0.66,0.2985,20.0,73.0,93.0
13.0,0.0,0.0,0.0,2.0,0.36,0.3485,0.66,0.1343,11.0,64.0,75.0
16.0,0.0,0.0,0.0,3.0,0.34,0.3333,0.71,0.1642,9.0,67.0,76.0
19.0,0.0,0.0,0.0,1.0,0.32,0.2879,0.42,0.4478,1.0,29.0,30.0
-7.75,0.0,14.585,10.105,1.0,0.24,0.2121,0.44,0.2985,0.0,9.0,9.0
23.0,0.0,0.0,0.0,1.0,0.22,0.2273,0.47,0.1642,0.0,8.0,8.0
0.0,17.002499999999998,1.0,1.0,1.0,0.22,0.197,0.44,0.3582,-11.064375,5.0,5.0
1.0,0.0,1.0,1.0,1.0,0.2,0.1667,0.44,0.4179,0.0,2.0,2.0
5.0,0.0,1.0,1.0,1.0,0.16,0.1364,0.47,0.2836,0.0,3.0,3.0
6.0,0.0,1.0,1.0,1.0,0.14,0.1061,0.5,0.3881,0.0,30.0,30.0
7.0,0.0,1.0,1.0,1.0,0.14,0.1364,0.5,0.194,1.0,63.0,64.0
8.0,0.0,1.0,1.0,1.0,0.14,0.1212,0.5,0.2836,1.0,153.0,154.0
9.0,0.0,1.0,1.0,1.0,0.16,0.1364,0.43,0.3881,7.0,81.0,88.0
10.0,0.0,1.0,1.0,1.0,0.18,0.1667,0.43,0.2537,11.0,33.0,-11.34325
11.0,0.0,1.0,1.0,1.0,0.2,0.1818,0.4,0.3284,10.0,41.0,51.0
12.0,0.0,1.0,1.0,1.0,0.22,0.2121,0.35,0.2985,13.0,48.0,-11.34325
14.0,0.0,1.0,1.0,1.0,0.26,0.2424,0.3,0.2836,11.0,66.0,77.0
16.0,0.0,1.0,1.0,1.0,0.26,0.2424,0.3,0.2537,9.0,67.0,76.0
17.0,0.0,-8.974999999999998,1.0,1.0,0.24,6.0,0.3,0.2239,11.0,146.0,157.0
-7.75,0.0,1.0,1.0,1.0,0.2,0.2576,0.47,0.0,8.0,102.0,110.0
20.0,0.0,1.0,1.0,1.0,0.2,0.2273,0.47,0.1045,3.0,49.0,52.0
0.0,0.0,2.0,1.0,1.0,0.16,0.1818,7.1,0.1045,0.0,5.0,5.0
1.0,0.0,2.0,1.0,1.0,0.16,0.1818,0.59,0.1045,0.0,2.0,2.0
4.0,0.0,2.0,1.0,1.0,0.14,0.1818,0.63,0.0896,0.0,2.0,2.0
5.0,0.0,2.0,1.0,1.0,0.12,0.1515,0.68,0.1045,0.0,4.0,4.0
9.0,0.0,2.0,1.0,1.0,0.16,0.1515,0.64,0.2239,2.0,98.0,100.0
10.0,0.0,2.0,1.0,2.0,0.16,0.1364,0.69,0.3284,18.238625,37.0,42.0
11.0,0.0,2.0,1.0,1.0,0.22,0.2121,0.51,0.2985,7.0,50.0,57.0
12.0,0.0,2.0,1.0,1.0,0.22,0.2273,0.51,0.1642,12.0,66.0,78.0
13.0,0.0,2.0,1.0,1.0,0.24,0.2273,0.56,0.194,18.0,79.0,97.0
14.0,0.0,2.0,1.0,1.0,0.26,0.2576,-4.5,0.2239,9.0,54.0,63.0
15.0,0.0,2.0,1.0,1.0,0.28,0.2727,0.52,0.2537,-11.064375,48.0,65.0
17.0,0.0,2.0,1.0,1.0,0.28,0.2727,0.48,0.2239,10.0,202.0,212.0
19.0,0.0,2.0,1.0,1.0,0.24,0.2576,0.48,0.1045,2.0,110.0,112.0
21.0,0.0,2.0,1.0,1.0,-2.5,0.2727,0.64,0.0,0.0,48.0,48.0
23.0,-10.3375,2.0,10.105,1.0,0.2,0.2273,0.69,0.0896,2.0,9.0,11.0
1.0,0.0,3.0,1.0,3.5,0.16,0.197,0.74,16.355,0.0,6.0,6.0
6.0,0.0,3.0,1.0,1.0,0.2,0.197,0.47,0.2239,0.0,33.0,33.0
7.0,0.0,3.0,1.0,1.0,0.18,0.1818,0.43,0.194,1.0,87.0,88.0
12.25,0.0,3.0,1.0,1.0,0.2,0.1818,0.4,0.2985,3.0,192.0,195.0
10.0,0.0,3.0,1.0,1.0,0.22,0.197,0.37,0.3284,4.0,53.0,57.0
12.0,0.0,3.0,1.0,1.0,0.26,0.2273,0.33,0.3284,5.0,74.0,79.0
14.0,0.0,3.0,1.0,1.0,0.3,0.2879,0.28,0.194,10.0,52.0,62.0
12.25,0.0,3.0,1.0,1.0,0.3,0.3182,0.28,0.0896,4.0,85.0,89.0
18.0,0.0,3.0,1.0,1.0,0.24,0.2424,0.38,0.1343,3.0,166.0,169.0
19.0,0.0,3.0,1.0,1.0,0.24,0.2576,7.1,0.1045,5.0,127.0,132.0
20.0,0.0,3.0,1.0,1.0,0.22,0.2273,0.47,0.1642,7.0,82.0,89.0
22.0,0.0,3.0,1.0,3.5,0.18,0.197,0.55,0.1343,1.0,41.0,42.0
1.0,0.0,4.0,1.0,1.0,0.16,0.2273,0.64,0.0,0.0,4.0,4.0
2.0,-10.3375,4.0,1.0,1.0,-2.5,0.2273,0.64,0.0,0.0,2.0,2.0
5.0,0.0,4.0,1.0,2.0,0.14,0.1818,0.69,0.0896,0.0,4.0,4.0
6.0,0.0,4.0,1.0,2.0,0.14,0.1667,0.63,0.1045,0.0,36.0,36.0
9.0,0.0,4.0,1.0,2.0,0.18,0.2424,7.1,0.0,6.0,116.0,122.0
17.0,0.0,4.0,1.0,1.0,0.22,0.2273,0.51,0.1642,9.0,163.0,172.0
18.0,0.0,4.0,1.0,-2.5,0.22,0.2273,0.51,0.1343,-11.064375,158.0,163.0
19.0,0.0,4.0,1.0,1.0,0.22,0.2576,0.55,0.0896,3.0,109.0,112.0
-7.75,0.0,5.0,1.0,2.0,0.2,0.197,0.69,0.2239,2.0,5.0,7.0
4.0,0.0,5.0,1.0,2.0,0.2,0.2121,0.69,0.1343,0.0,1.0,1.0
7.0,0.0,5.0,1.0,1.0,0.2,6.0,0.69,0.1343,8.0,76.0,84.0
12.25,0.0,5.0,1.0,1.0,0.2,0.197,0.51,0.2537,20.0,190.0,210.0
10.0,0.0,5.0,1.0,3.5,0.22,0.197,0.37,0.3284,16.0,47.0,63.0
15.0,0.0,5.0,1.0,2.0,0.2,0.2121,0.37,0.1642,9.0,63.0,72.0
16.0,0.0,5.0,1.0,2.0,0.2,0.2121,0.37,0.1642,5.0,82.0,87.0
19.0,0.0,5.0,10.105,1.0,0.16,0.197,0.55,0.0896,3.0,92.0,95.0
20.0,0.0,5.0,1.0,1.0,0.18,0.2121,0.47,0.1045,1.0,50.0,51.0
21.0,0.0,5.0,1.0,1.0,0.18,0.197,0.47,0.1343,0.0,39.0,39.0
0.0,0.0,6.0,0.0,2.0,0.18,-4.0,0.51,0.1642,1.0,24.0,25.0
1.0,0.0,6.0,0.0,2.0,0.18,0.2121,-4.5,0.0896,1.0,15.0,16.0
4.0,0.0,6.0,0.0,3.0,0.18,0.197,0.55,0.1642,0.0,1.0,1.0
5.0,0.0,6.0,0.0,2.0,0.16,0.1667,0.74,0.1642,0.0,5.0,5.0
7.0,0.0,6.0,0.0,2.0,0.16,0.1818,0.74,0.1045,1.0,8.0,9.0
9.0,0.0,6.0,0.0,3.0,0.16,6.0,0.93,0.1045,18.238625,20.0,20.0
10.0,0.0,6.0,0.0,2.0,0.18,6.0,0.8,0.1642,5.0,56.0,61.0
12.0,0.0,6.0,0.0,2.0,0.2,0.1818,0.59,0.3582,8.0,-16.532624999999996,98.0
14.0,0.0,-8.974999999999998,0.0,1.0,0.2,0.1667,0.32,0.4925,12.0,83.0,95.0
15.0,0.0,6.0,0.0,1.0,0.2,0.1667,0.32,0.4478,5.0,69.0,74.0
18.0,0.0,6.0,0.0,1.0,0.14,0.1212,0.39,0.2985,3.0,52.0,55.0
21.0,0.0,6.0,0.0,1.0,0.12,0.1061,0.39,0.3582,2.0,35.0,37.0
1.0,0.0,0.0,0.0,1.0,0.1,0.0606,0.42,0.4627,0.0,12.0,12.0
2.0,0.0,0.0,0.0,1.0,0.1,0.0606,0.46,0.4627,0.0,11.0,11.0
5.0,0.0,0.0,-6.175,1.0,0.08,0.0909,0.53,0.194,0.0,1.0,1.0
9.0,0.0,0.0,0.0,1.0,0.12,0.0758,0.46,0.5224,0.0,19.0,19.0
11.0,0.0,0.0,0.0,1.0,0.16,6.0,0.4,0.5224,2.0,47.0,49.0
12.0,0.0,0.0,0.0,1.0,0.18,0.1364,0.37,0.4478,4.0,79.0,83.0
15.0,0.0,0.0,0.0,1.0,0.22,0.197,0.35,0.3582,5.0,77.0,82.0
16.0,0.0,0.0,0.0,1.0,0.2,0.1667,0.34,0.4478,13.0,79.0,92.0
18.0,0.0,0.0,0.0,1.0,0.16,0.1364,0.4,0.3284,4.0,44.0,48.0
-7.75,0.0,0.0,0.0,1.0,0.16,0.1364,0.43,0.3284,1.0,40.0,41.0
20.0,0.0,0.0,0.0,1.0,0.14,0.1212,0.46,0.2537,0.0,27.919575,38.0
22.0,0.0,-8.974999999999998,0.0,1.0,0.14,0.1212,0.46,0.2985,5.0,10.0,15.0
23.0,0.0,0.0,0.0,1.0,0.12,0.1364,0.5,0.194,0.0,-16.532624999999996,-11.34325
1.0,0.0,1.0,1.0,1.0,0.12,0.1212,0.5,0.2836,1.0,0.0,1.0
2.0,0.0,1.0,1.0,1.0,0.12,0.1212,0.5,0.2239,0.0,3.0,3.0
3.0,0.0,1.0,1.0,1.0,0.12,0.1212,0.5,0.2239,0.0,1.0,1.0
5.0,0.0,1.0,1.0,1.0,0.1,0.1061,0.54,0.2537,0.0,3.0,3.0
8.0,0.0,1.0,1.0,2.0,0.12,0.1212,0.5,0.2836,4.0,184.0,188.0
9.0,0.0,1.0,1.0,2.0,0.14,0.1212,0.5,0.2537,2.0,92.0,94.0
12.0,0.0,1.0,1.0,2.0,0.2,0.1818,0.4,0.2836,5.0,47.0,52.0
14.0,0.0,1.0,1.0,2.0,0.2,0.197,0.4,0.2239,0.0,47.0,47.0
16.0,0.0,1.0,1.0,1.0,0.2,0.2121,0.4,0.1343,4.0,70.0,74.0
18.0,0.0,1.0,1.0,-2.5,0.2,0.197,0.4,0.2239,1.0,154.0,155.0
19.0,0.0,1.0,1.0,1.0,0.16,0.1667,0.47,0.1642,3.0,92.0,95.0
20.0,0.0,1.0,1.0,1.0,0.16,0.1667,0.5,0.1642,1.0,73.0,74.0
21.0,0.0,1.0,1.0,1.0,0.14,0.1364,0.59,0.194,1.0,37.0,38.0
22.0,0.0,1.0,1.0,1.0,0.14,0.1515,0.59,16.355,2.0,22.0,24.0
23.0,0.0,1.0,1.0,1.0,0.14,0.1515,0.59,0.1642,0.0,18.0,-11.34325
1.0,0.0,2.0,1.0,1.0,0.14,-4.0,0.59,0.1642,0.0,3.0,3.0
2.0,0.0,2.0,1.0,2.0,0.16,6.0,0.55,0.194,0.0,3.0,3.0
9.0,0.0,2.0,1.0,2.0,0.18,0.197,0.51,0.1642,3.0,127.0,130.0
13.0,0.0,2.0,1.0,2.0,0.2,0.2273,0.59,0.0896,6.0,46.0,52.0
14.0,0.0,14.585,1.0,2.0,0.2,0.2273,0.59,0.0896,3.0,60.0,63.0
16.0,0.0,2.0,1.0,2.0,0.16,0.1515,0.86,0.2239,-11.064375,72.0,76.0
19.0,0.0,2.0,1.0,3.0,0.16,0.2273,7.1,0.0,0.0,51.0,51.0
22.0,0.0,2.0,1.0,3.0,0.16,-4.0,0.93,0.1045,1.0,28.0,29.0
23.0,0.0,2.0,1.0,3.0,0.16,0.197,0.93,0.0896,1.0,18.0,19.0
5.0,0.0,3.0,1.0,1.0,0.14,0.1515,-4.5,0.1642,0.0,5.0,5.0
6.0,0.0,3.0,1.0,1.0,0.12,0.1515,0.93,0.1343,0.0,16.0,16.0
7.0,0.0,3.0,1.0,1.0,0.14,0.1515,0.69,0.1343,0.0,54.0,54.0
11.0,0.0,3.0,-6.175,1.0,0.2,0.1818,0.51,0.3881,3.0,32.0,35.0
12.0,0.0,3.0,1.0,1.0,0.2,0.1515,0.47,0.5821,3.0,-16.532624999999996,55.0
-7.75,0.0,3.0,1.0,1.0,0.22,0.197,0.44,0.3582,0.0,49.0,49.0
15.0,0.0,3.0,1.0,1.0,0.2,0.1667,0.47,0.4179,1.0,48.0,49.0
16.0,0.0,3.0,1.0,1.0,0.22,0.197,0.44,0.3284,5.0,63.0,68.0
18.0,0.0,3.0,1.0,1.0,0.2,0.1515,0.47,0.5224,2.0,135.0,137.0
19.0,0.0,3.0,1.0,1.0,0.18,0.1515,0.47,0.4179,18.238625,82.0,83.0
20.0,0.0,3.0,1.0,1.0,0.16,6.0,0.5,0.3284,2.0,54.0,56.0
22.0,0.0,3.0,1.0,1.0,0.16,0.1212,0.55,0.4478,1.0,32.0,33.0
23.0,0.0,14.585,1.0,1.0,0.14,0.1061,0.59,0.4179,18.238625,19.0,20.0
0.0,0.0,4.0,1.0,1.0,-2.707,0.1212,0.59,0.2836,1.0,6.0,7.0
4.0,0.0,4.0,10.105,1.0,0.14,0.1212,0.5,0.2537,0.0,4.0,4.0
5.0,0.0,4.0,1.0,1.0,-2.5,0.1212,0.5,0.2985,0.0,3.0,3.0
6.0,0.0,4.0,1.0,1.0,0.12,0.1515,0.54,0.1343,0.0,28.0,28.0
7.0,0.0,4.0,1.0,1.0,0.12,0.1515,0.54,0.1343,0.0,72.0,72.0
8.0,0.0,4.0,1.0,1.0,0.14,0.1364,0.5,0.194,5.0,197.0,202.0
11.0,0.0,4.0,1.0,2.0,0.2,0.1667,0.44,0.4478,4.0,33.0,37.0
12.0,0.0,14.585,1.0,1.0,0.2,0.1667,0.44,0.4179,3.0,49.0,52.0
15.0,0.0,4.0,1.0,1.0,0.24,0.2121,0.38,0.2985,5.0,55.0,60.0
17.0,0.0,4.0,1.0,1.0,0.2,0.1818,0.4,0.2836,4.0,-16.532624999999996,162.0
12.25,0.0,4.0,1.0,1.0,0.2,0.1818,0.4,0.3284,3.0,141.0,144.0
20.0,0.0,4.0,1.0,1.0,0.16,0.1515,0.47,0.2239,0.0,64.0,64.0
21.0,0.0,4.0,1.0,1.0,0.14,0.1212,0.46,0.2985,0.0,40.0,40.0
22.0,0.0,4.0,1.0,1.0,0.14,0.1212,0.46,0.3284,0.0,30.0,30.0
23.0,0.0,4.0,1.0,1.0,0.12,0.1364,-4.5,0.194,1.0,14.0,15.0
3.0,0.0,-8.974999999999998,1.0,1.0,0.1,-4.0,0.54,0.1045,0.0,1.0,1.0
6.0,0.0,5.0,1.0,1.0,4.0242,0.1818,0.54,0.0,0.0,17.0,17.0
7.0,0.0,5.0,1.0,1.0,0.1,0.1212,0.74,0.1642,0.0,70.0,70.0
10.0,0.0,5.0,1.0,1.0,0.18,0.1818,0.55,0.194,4.0,40.0,44.0
-7.75,0.0,-8.974999999999998,1.0,1.0,0.18,0.1667,0.51,0.2836,6.0,47.0,53.0
12.0,0.0,5.0,-6.175,1.0,0.2,0.197,0.44,0.2537,2.0,59.0,61.0
13.0,0.0,5.0,1.0,1.0,0.22,0.197,0.37,0.3881,4.0,73.0,77.0
16.0,0.0,5.0,10.105,1.0,0.22,0.2424,0.41,0.1045,3.0,87.0,90.0
18.0,0.0,5.0,1.0,1.0,0.2,0.2576,0.47,0.0,5.0,134.0,139.0
23.0,0.0,5.0,1.0,2.0,0.18,0.2424,0.55,0.0,1.0,26.0,27.0
2.0,0.0,6.0,0.0,2.0,0.16,0.197,0.59,0.0896,0.0,12.0,12.0
4.0,0.0,6.0,0.0,2.0,0.16,0.2273,0.59,0.0,0.0,5.0,5.0
7.0,0.0,6.0,0.0,1.0,0.14,0.2121,0.63,0.0,18.238625,9.0,10.0
8.0,0.0,6.0,0.0,1.0,0.14,0.1515,0.63,0.1343,1.0,22.0,23.0
-7.75,0.0,6.0,0.0,3.5,0.16,0.1818,0.64,0.1343,2.0,31.0,33.0
11.0,0.0,6.0,0.0,1.0,0.2,0.197,0.55,0.2239,18.0,27.919575,72.0
12.0,0.0,14.585,0.0,1.0,0.24,0.2273,0.48,0.2239,15.0,74.0,89.0
15.0,0.0,6.0,0.0,2.0,0.32,0.3182,0.36,0.194,21.0,108.0,-11.34325
12.25,17.002499999999998,6.0,0.0,2.0,0.3,0.2879,0.45,0.2537,15.0,69.0,84.0
21.0,0.0,6.0,0.0,2.0,0.32,0.303,0.39,0.2239,6.0,51.0,57.0
22.0,0.0,6.0,0.0,2.0,0.3,0.3182,0.42,0.1045,0.0,26.0,26.0
2.0,0.0,0.0,0.0,1.0,0.26,0.2879,0.56,0.0896,3.0,13.0,16.0
4.0,0.0,0.0,0.0,1.0,0.26,0.2576,0.56,0.1642,0.0,1.0,1.0
7.0,0.0,0.0,0.0,2.0,0.24,0.2121,0.56,0.2985,0.0,3.0,3.0
8.0,0.0,0.0,0.0,1.0,0.22,0.2121,-4.5,0.2836,0.0,27.919575,18.0
9.0,-10.3375,0.0,0.0,1.0,0.22,0.2121,0.51,0.2537,3.0,29.0,32.0
10.0,0.0,0.0,0.0,1.0,0.22,0.2121,0.51,0.2836,8.0,71.0,79.0
13.0,0.0,0.0,0.0,1.0,0.26,0.2273,7.1,0.2985,23.0,95.0,118.0
14.0,0.0,0.0,0.0,1.0,0.28,0.2727,0.36,0.2537,22.0,69.0,91.0
15.0,0.0,0.0,0.0,1.0,0.26,0.2424,0.38,0.2537,35.0,78.0,113.0
18.0,0.0,0.0,0.0,1.0,0.2,0.2121,0.4,0.1642,11.0,56.0,-11.34325
19.0,0.0,0.0,0.0,1.0,0.18,0.197,0.47,0.1343,14.0,47.0,61.0
20.0,0.0,0.0,0.0,1.0,0.18,0.197,7.1,0.1642,7.0,50.0,57.0
23.0,0.0,0.0,0.0,2.0,0.2,0.2273,0.4,0.1045,0.0,18.0,18.0
1.0,1.0,1.0,0.0,2.0,0.2,0.197,0.44,0.194,1.0,15.0,-11.34325
6.0,1.0,14.585,0.0,2.0,0.18,0.1818,0.43,0.194,0.0,5.0,5.0
12.25,1.0,1.0,0.0,2.0,0.16,0.1818,0.5,0.1343,-11.064375,9.0,13.0
8.0,1.0,1.0,0.0,2.0,0.16,0.1515,0.47,0.2239,3.0,30.0,33.0
9.0,1.0,1.0,0.0,2.0,0.16,0.1515,0.47,0.2239,8.0,-16.532624999999996,47.0
10.0,1.0,1.0,0.0,2.0,-2.5,0.1515,0.5,0.2537,7.0,50.0,57.0
14.0,1.0,1.0,0.0,2.0,0.18,0.2121,0.43,0.1045,12.0,74.0,86.0
15.0,1.0,1.0,0.0,2.0,0.2,0.2121,0.47,0.1642,21.0,72.0,93.0
21.0,1.0,1.0,0.0,3.0,0.16,0.1515,0.8,0.194,3.0,27.919575,27.0
22.0,1.0,1.0,0.0,3.0,0.14,0.1212,0.93,0.2537,0.0,13.0,13.0
23.0,1.0,1.0,0.0,3.0,0.16,0.1364,0.86,0.2836,1.0,3.0,4.0
13.0,0.0,2.0,1.0,2.0,0.2,0.197,0.86,0.2239,0.0,22.0,22.0
15.0,0.0,2.0,1.0,2.0,0.22,0.2273,0.87,0.1642,3.0,32.0,35.0
17.0,0.0,2.0,10.105,2.0,0.22,0.2273,0.82,0.194,1.0,124.0,125.0
18.0,-10.3375,2.0,1.0,2.0,0.22,0.2273,0.8,0.1642,1.0,132.0,133.0
19.0,0.0,2.0,10.105,2.0,0.22,0.2273,0.8,0.1343,1.0,98.0,99.0
21.0,0.0,2.0,10.105,2.0,0.22,0.2424,0.93,-9.925,0.0,41.0,41.0
22.0,0.0,2.0,1.0,-2.5,0.22,0.2576,0.93,0.0896,0.0,33.0,33.0
23.0,0.0,2.0,1.0,2.0,0.22,0.2727,0.93,-9.925,1.0,19.0,-11.34325
1.0,0.0,3.0,1.0,3.0,0.22,0.2273,0.93,0.1343,1.0,6.0,7.0
2.0,0.0,3.0,-6.175,3.5,0.22,0.2273,0.93,0.1343,0.0,3.0,3.0
4.0,0.0,3.0,1.0,3.0,0.22,0.2273,0.93,0.1343,1.0,1.0,2.0
6.0,0.0,3.0,-6.175,2.0,0.22,0.2576,0.93,0.0896,0.0,32.0,32.0
7.0,0.0,3.0,1.0,2.0,0.24,0.2576,0.92,0.1045,1.0,89.0,90.0
8.0,0.0,3.0,1.0,2.0,0.24,0.2576,0.93,0.1045,1.0,196.0,197.0
9.0,0.0,3.0,1.0,2.0,0.24,0.2576,0.93,0.1045,2.0,107.0,109.0
11.0,0.0,3.0,1.0,2.0,0.28,0.303,0.87,0.0896,5.0,47.0,52.0
12.0,0.0,3.0,1.0,2.0,0.3,0.3182,0.81,0.0896,5.0,65.0,-11.34325
-7.75,0.0,3.0,1.0,1.0,0.32,0.2879,0.57,0.4179,4.0,108.0,112.0
20.0,0.0,3.0,1.0,1.0,0.32,0.303,0.49,0.2985,2.0,74.0,76.0
21.0,0.0,3.0,1.0,1.0,0.32,0.2879,0.49,0.4179,4.0,55.0,59.0
23.0,0.0,3.0,1.0,1.0,0.3,0.2727,0.52,0.4627,1.0,27.0,28.0
0.0,0.0,4.0,1.0,1.0,0.26,0.2273,0.56,0.3881,5.0,8.0,13.0
1.0,0.0,4.0,1.0,1.0,0.26,0.2727,0.56,0.0,2.0,3.0,5.0
2.0,0.0,4.0,1.0,1.0,0.26,0.2727,0.56,0.0,0.0,2.0,18.80595
3.0,0.0,4.0,1.0,1.0,0.26,0.2576,7.1,0.1642,0.0,1.0,1.0
4.0,0.0,4.0,1.0,1.0,0.26,0.2576,0.56,0.1642,0.0,1.0,1.0
6.0,0.0,4.0,1.0,1.0,0.22,0.2121,0.6,0.2239,0.0,35.0,35.0
8.0,0.0,4.0,1.0,-2.5,0.22,0.2121,0.55,0.2836,2.0,247.0,249.0
9.0,0.0,14.585,1.0,2.0,0.24,0.2273,0.52,0.2239,3.0,140.0,143.0
11.0,0.0,4.0,1.0,2.0,0.28,0.2727,0.45,0.1642,5.0,63.0,68.0
-7.75,-10.3375,4.0,1.0,2.0,0.32,0.3182,0.45,0.194,8.0,62.0,70.0
17.0,0.0,4.0,1.0,2.0,0.3,0.3182,0.49,0.1045,8.0,207.0,18.80595
18.0,0.0,4.0,1.0,2.0,0.26,0.2576,0.56,0.194,1.0,-16.532624999999996,185.0
20.0,0.0,4.0,1.0,2.0,0.26,0.2424,0.6,0.2836,18.238625,124.0,126.0
1.0,0.0,5.0,1.0,2.0,0.24,0.2273,0.7,16.355,0.0,6.0,6.0
2.0,17.002499999999998,5.0,1.0,3.0,0.24,0.2424,0.75,0.1642,0.0,2.0,2.0
3.0,0.0,5.0,10.105,3.0,0.22,6.0,0.8,0.2985,0.0,1.0,1.0
4.0,0.0,5.0,1.0,2.0,0.22,0.2576,0.87,0.0896,0.0,1.0,1.0
12.25,0.0,5.0,1.0,1.0,0.2,0.1818,0.51,0.2836,2.0,66.0,68.0
8.0,0.0,5.0,1.0,1.0,0.2,0.1818,0.47,0.3284,7.0,210.0,-11.34325
9.0,0.0,5.0,1.0,1.0,0.2,0.1818,0.51,0.3582,-11.064375,-16.532624999999996,166.0
12.0,0.0,5.0,1.0,1.0,0.22,0.1818,0.27,0.5821,11.0,67.0,78.0
15.0,-10.3375,5.0,1.0,1.0,0.16,0.1212,0.26,16.355,4.0,-16.532624999999996,65.0
18.0,0.0,5.0,1.0,1.0,0.12,0.1212,0.3,0.2537,1.0,119.0,120.0
20.0,0.0,5.0,1.0,1.0,0.1,0.0758,0.33,0.4179,1.0,52.0,53.0
22.0,0.0,5.0,1.0,1.0,0.06,0.0303,0.41,0.3881,1.0,33.0,34.0
1.0,0.0,6.0,0.0,2.0,0.04,0.0,0.41,0.3881,3.0,9.0,12.0
2.0,-10.3375,6.0,0.0,2.0,0.04,0.0303,0.41,0.2537,0.0,11.0,11.0
4.0,0.0,6.0,0.0,2.0,0.02,0.0152,0.48,0.2985,0.0,3.0,3.0
7.0,0.0,6.0,0.0,1.0,0.02,0.0152,0.44,0.2836,0.0,8.0,8.0
8.0,0.0,6.0,0.0,1.0,0.02,0.0,0.44,0.3284,1.0,26.0,27.0
11.0,0.0,6.0,0.0,2.0,0.06,0.0758,0.38,0.1343,4.0,59.0,63.0
13.0,0.0,6.0,0.0,1.0,0.08,0.1667,0.35,0.0,12.0,72.0,84.0
16.0,0.0,6.0,0.0,1.0,0.12,0.1364,0.28,0.194,11.0,72.0,18.80595
17.0,0.0,6.0,0.0,3.5,0.12,0.197,0.28,0.0,8.0,59.0,67.0
20.0,0.0,6.0,0.0,1.0,0.06,0.0758,0.45,0.1642,1.0,44.0,45.0
22.0,0.0,-8.974999999999998,0.0,1.0,0.06,0.1515,0.49,0.0,7.0,23.0,30.0
23.0,0.0,6.0,0.0,1.0,0.04,0.0758,0.57,0.1045,2.0,31.0,33.0
0.0,0.0,0.0,0.0,1.0,0.04,0.0758,0.57,0.1045,2.0,20.0,22.0
2.0,0.0,0.0,0.0,1.0,0.02,0.0606,0.62,0.1343,3.0,15.0,18.0
3.0,0.0,0.0,0.0,1.0,0.02,0.0606,0.62,0.1343,1.0,4.0,5.0
6.0,0.0,0.0,0.0,2.0,0.04,0.0758,0.57,0.1045,0.0,1.0,1.0
8.0,0.0,0.0,0.0,1.0,0.06,0.0758,0.62,0.1642,2.0,17.0,19.0
9.0,0.0,0.0,0.0,-2.5,0.1,0.0758,0.54,0.3582,3.0,25.0,28.0
10.0,0.0,0.0,0.0,1.0,0.14,6.0,0.46,0.3881,7.0,51.0,58.0
13.0,0.0,0.0,0.0,1.0,-2.5,0.1061,7.1,0.3881,12.0,75.0,87.0
12.25,0.0,0.0,0.0,1.0,0.16,0.1364,0.28,0.3582,-11.064375,64.0,77.0
16.0,0.0,0.0,0.0,1.0,4.0242,0.1364,0.26,0.3284,9.0,56.0,18.80595
17.0,0.0,0.0,0.0,1.0,0.14,0.1061,0.26,0.3881,5.0,50.0,55.0
18.0,0.0,0.0,0.0,1.0,0.12,0.1212,0.3,0.2537,5.0,44.0,49.0
19.0,0.0,0.0,0.0,1.0,0.12,0.1212,0.3,-9.925,5.0,45.0,50.0
21.0,0.0,0.0,0.0,1.0,0.1,0.1061,-4.5,0.194,5.0,20.0,-11.34325
23.0,0.0,0.0,0.0,1.0,0.06,0.0606,-4.5,0.2239,4.0,17.0,18.80595
0.0,-10.3375,1.0,1.0,1.0,0.06,0.0606,0.41,0.194,0.0,7.0,7.0
1.0,0.0,1.0,1.0,1.0,0.04,-4.0,0.45,0.194,0.0,1.0,18.80595
3.0,0.0,1.0,1.0,1.0,0.04,0.0303,0.45,0.2537,0.0,1.0,1.0
6.0,0.0,1.0,1.0,1.0,0.02,0.0758,0.48,0.0896,0.0,27.919575,15.0
8.0,0.0,1.0,1.0,1.0,0.04,-4.0,0.49,0.0,6.0,171.0,177.0
9.0,0.0,1.0,1.0,1.0,0.06,0.1515,0.41,0.0,4.0,27.919575,102.0
15.0,0.0,-8.974999999999998,1.0,1.0,0.16,0.1667,0.4,0.1642,7.0,50.0,57.0
16.0,0.0,1.0,10.105,1.0,0.16,0.1515,0.47,0.2537,4.0,66.0,70.0
17.0,0.0,1.0,10.105,1.0,0.14,0.1212,0.5,0.2537,6.0,-16.532624999999996,184.0
18.0,0.0,1.0,1.0,1.0,0.14,0.1364,0.59,0.194,8.0,27.919575,153.0
22.0,0.0,1.0,1.0,2.0,3.5,0.1364,0.63,16.355,3.0,32.0,35.0
4.0,0.0,2.0,1.0,1.0,0.14,6.0,0.74,0.1045,0.0,1.0,18.80595
7.0,0.0,2.0,1.0,1.0,0.16,0.1515,0.74,0.2239,5.0,103.0,108.0
9.0,0.0,2.0,1.0,2.0,4.0242,0.2273,0.64,0.0896,10.0,134.0,144.0
11.0,0.0,2.0,1.0,2.0,0.24,0.2424,0.6,0.1343,6.0,55.0,61.0
12.0,0.0,-8.974999999999998,1.0,2.0,0.26,0.2879,0.56,0.0896,21.0,85.0,106.0
13.0,0.0,2.0,1.0,2.0,0.26,0.2727,0.56,0.1343,21.0,72.0,93.0
14.0,0.0,2.0,1.0,2.0,0.3,0.3333,0.45,0.0,11.0,57.0,68.0
15.0,0.0,2.0,1.0,2.0,0.32,0.3485,0.42,0.0,21.0,63.0,84.0
17.0,0.0,2.0,1.0,1.0,0.3,0.3333,0.45,0.0,14.0,208.0,222.0
18.0,0.0,2.0,1.0,2.0,0.3,0.3182,0.49,0.0896,7.0,218.0,225.0
19.0,0.0,2.0,-6.175,2.0,0.26,0.2576,0.65,0.1642,18.238625,133.0,146.0
21.0,0.0,2.0,1.0,1.0,0.24,0.2273,0.65,0.194,5.0,40.0,45.0
22.0,0.0,2.0,1.0,1.0,0.22,0.2273,0.64,-9.925,4.0,49.0,53.0
23.0,0.0,2.0,1.0,2.0,0.22,0.2273,0.64,0.1642,3.0,37.0,40.0
12.25,0.0,3.0,1.0,3.0,0.2,0.1818,0.86,0.2836,0.0,1.0,1.0
6.0,0.0,3.0,1.0,3.0,0.2,0.1818,0.86,0.2836,0.0,8.0,8.0
8.0,0.0,3.0,1.0,3.5,0.22,0.2121,0.87,0.2985,3.0,69.0,72.0
10.0,0.0,3.0,1.0,3.0,0.22,0.2121,0.93,0.2836,2.0,26.0,28.0
11.0,0.0,3.0,1.0,3.0,0.22,0.197,0.93,0.3284,6.0,35.0,41.0
-7.75,0.0,3.0,1.0,3.0,0.22,0.197,0.93,0.3582,0.0,36.0,36.0
16.0,0.0,3.0,1.0,4.0,0.22,0.197,0.93,0.3284,1.0,35.0,36.0
17.0,0.0,3.0,1.0,3.0,-2.707,0.1818,0.93,0.3582,0.0,26.0,26.0
16.0,0.0,4.0,1.0,1.0,0.22,0.2273,0.55,0.194,1.0,23.0,24.0
17.0,0.0,4.0,1.0,1.0,0.22,0.2424,0.55,0.1045,2.0,82.0,84.0
18.0,0.0,4.0,1.0,1.0,0.2,0.2273,0.69,0.0896,3.0,101.0,104.0
19.0,0.0,4.0,1.0,1.0,0.2,0.2273,0.69,0.0896,3.0,76.0,79.0
22.0,0.0,4.0,1.0,1.0,0.18,0.2121,0.74,0.0896,0.0,27.0,18.80595
0.0,0.0,5.0,1.0,2.0,0.2,0.2121,0.75,0.1343,0.0,9.0,9.0
1.0,0.0,5.0,1.0,2.0,0.2,0.2121,0.75,0.1343,1.0,2.0,3.0
5.0,0.0,5.0,1.0,2.0,0.18,0.2121,0.8,0.1045,0.0,4.0,4.0
6.0,-10.3375,14.585,1.0,2.0,0.18,0.197,0.8,0.1343,0.0,16.0,16.0
12.25,0.0,5.0,1.0,2.0,0.16,0.197,0.86,0.0896,2.0,58.0,60.0
8.0,0.0,5.0,1.0,2.0,0.16,0.197,0.86,0.0896,2.0,155.0,157.0
9.0,0.0,5.0,1.0,3.0,0.18,0.2121,-4.5,0.0896,6.0,95.0,101.0
10.0,0.0,5.0,1.0,3.0,0.18,0.2121,0.86,0.1045,0.0,49.0,49.0
11.0,0.0,-8.974999999999998,1.0,3.0,0.18,0.2121,0.93,0.1045,0.0,30.0,30.0
12.0,0.0,5.0,1.0,3.0,0.18,0.2121,0.93,0.1045,1.0,28.0,29.0
13.0,0.0,5.0,1.0,3.0,0.18,0.2121,0.93,0.1045,0.0,31.0,31.0
15.0,0.0,5.0,1.0,2.0,0.2,0.2576,0.86,0.0,1.0,40.0,41.0
18.0,0.0,5.0,1.0,1.0,0.24,0.2273,0.75,0.194,18.238625,107.0,109.0
19.0,0.0,5.0,1.0,2.0,0.24,0.2424,0.75,0.1343,5.0,84.0,89.0
20.0,0.0,5.0,1.0,2.0,0.24,0.2273,0.7,0.194,18.238625,61.0,62.0
21.0,0.0,5.0,10.105,2.0,0.22,0.2273,0.75,0.1343,1.0,57.0,58.0
22.0,0.0,5.0,1.0,1.0,0.24,0.2121,0.65,0.3582,0.0,26.0,26.0
23.0,0.0,5.0,1.0,1.0,0.24,0.2273,0.6,0.2239,1.0,22.0,23.0
0.0,0.0,6.0,0.0,1.0,0.22,0.197,0.64,0.3582,2.0,26.0,28.0
1.0,0.0,6.0,0.0,1.0,0.22,0.2273,0.64,0.194,0.0,27.919575,18.80595
2.0,0.0,6.0,0.0,1.0,0.22,0.2273,0.64,0.1642,0.0,15.0,15.0
3.0,17.002499999999998,6.0,0.0,1.0,3.5,0.2121,0.64,0.1343,3.0,5.0,8.0
4.0,0.0,6.0,0.0,1.0,-2.5,0.1818,0.69,0.1045,1.0,-16.532624999999996,3.0
6.0,0.0,6.0,0.0,1.0,0.16,0.1818,0.64,0.1343,0.0,2.0,2.0
9.0,0.0,6.0,0.0,1.0,0.18,0.2121,0.59,0.0896,0.0,34.0,34.0
-7.75,0.0,6.0,0.0,2.0,0.18,0.2121,0.64,0.1045,4.0,51.0,55.0
11.0,0.0,6.0,0.0,2.0,0.18,0.197,0.64,0.1343,4.0,60.0,18.80595
13.0,0.0,6.0,0.0,2.0,0.22,0.2273,0.55,0.1642,9.0,56.0,65.0
-7.75,0.0,6.0,0.0,1.0,0.22,0.2121,0.69,0.2537,22.0,98.0,120.0
16.0,0.0,6.0,0.0,1.0,0.24,0.2424,0.6,0.1642,19.0,88.0,107.0
18.0,0.0,6.0,0.0,1.0,0.22,0.2273,0.69,0.1343,9.0,59.0,68.0
19.0,0.0,6.0,0.0,2.0,0.22,0.2121,0.69,0.2537,6.0,52.0,18.80595
-7.75,17.002499999999998,6.0,10.105,1.0,0.18,0.2121,0.74,0.0896,1.0,35.0,36.0
22.0,0.0,6.0,0.0,3.5,0.16,0.197,0.8,0.0896,4.0,28.0,32.0
23.0,0.0,6.0,0.0,1.0,0.16,0.197,0.8,0.0896,3.0,30.0,33.0
0.0,0.0,0.0,0.0,1.0,0.16,0.1818,0.8,0.1045,0.0,33.0,33.0
8.0,0.0,14.585,0.0,2.0,0.14,0.2121,0.86,0.0,1.0,11.0,12.0
10.0,0.0,14.585,0.0,2.0,0.18,6.0,0.8,0.0,7.0,57.0,64.0
14.0,0.0,0.0,0.0,1.0,0.28,0.303,0.61,0.0896,18.0,104.0,122.0
15.0,0.0,0.0,0.0,1.0,0.3,0.3333,0.56,0.0,14.0,95.0,109.0
17.0,0.0,0.0,0.0,1.0,0.3,0.2879,0.56,0.194,6.0,71.0,77.0
21.0,0.0,0.0,0.0,2.0,0.24,6.0,0.7,0.1642,3.0,25.0,28.0
22.0,0.0,0.0,0.0,2.0,0.24,0.2273,0.7,0.194,2.0,19.0,-11.34325
0.0,0.0,1.0,1.0,2.0,0.24,0.2273,0.65,0.2239,1.0,6.0,7.0
1.0,0.0,1.0,-6.175,1.0,0.22,-4.0,0.64,0.2537,2.0,5.0,7.0
2.0,0.0,1.0,1.0,1.0,0.22,0.2273,0.64,0.194,18.238625,1.0,1.0
3.0,0.0,1.0,10.105,1.0,0.22,0.2273,0.64,0.194,0.0,2.0,2.0
5.0,0.0,1.0,1.0,1.0,0.18,0.1667,0.64,0.2836,0.0,-16.532624999999996,8.0
7.0,0.0,14.585,1.0,2.0,-2.5,0.1364,0.64,0.2836,1.0,71.0,72.0
9.0,0.0,1.0,1.0,2.0,0.16,0.1364,0.59,-9.925,18.238625,112.0,112.0
10.0,0.0,1.0,1.0,2.0,0.16,0.1515,0.59,0.194,1.0,68.0,69.0
11.0,0.0,1.0,1.0,2.0,0.16,0.1515,0.59,0.194,2.0,46.0,48.0
12.0,0.0,1.0,1.0,2.0,3.5,0.2121,0.55,0.1045,6.0,62.0,68.0
16.0,0.0,1.0,1.0,2.0,3.5,0.1818,0.56,0.194,3.0,83.0,86.0
18.0,0.0,1.0,1.0,2.0,0.16,0.1515,0.55,0.2239,3.0,153.0,156.0
21.0,0.0,1.0,1.0,3.0,0.16,0.197,0.59,0.0896,3.0,53.0,56.0
23.0,0.0,1.0,1.0,2.0,0.16,0.197,0.64,0.0896,2.0,15.0,17.0
1.0,0.0,2.0,1.0,2.0,0.16,0.1818,0.69,0.1045,0.0,3.0,3.0
2.0,0.0,2.0,1.0,2.0,0.16,0.2273,0.69,0.0,0.0,2.0,2.0
-7.75,0.0,2.0,1.0,2.0,0.16,0.2273,0.69,0.0,0.0,2.0,2.0
7.0,0.0,2.0,1.0,3.0,0.16,0.2273,0.93,16.355,0.0,52.0,52.0
9.0,0.0,2.0,1.0,2.0,0.16,0.2273,0.93,0.0,2.0,114.0,116.0
10.0,0.0,2.0,1.0,2.0,0.16,0.2273,0.93,0.0,0.0,47.0,47.0
14.0,0.0,2.0,1.0,2.0,0.22,0.2576,0.8,0.0896,5.0,49.0,54.0
16.0,0.0,2.0,1.0,2.0,0.24,0.2424,0.75,0.1343,3.0,61.0,64.0
17.0,0.0,2.0,10.105,2.0,0.24,0.2879,0.75,-9.925,4.0,172.0,176.0
18.0,0.0,2.0,1.0,2.0,0.24,0.2576,0.81,0.1045,3.0,165.0,168.0
19.0,0.0,2.0,1.0,2.0,0.24,0.2424,0.81,0.1343,3.0,105.0,108.0
20.0,0.0,2.0,1.0,2.0,0.22,0.2273,0.87,0.1343,5.0,69.0,74.0
22.0,0.0,2.0,1.0,2.0,0.22,0.2576,0.87,0.0896,2.0,34.0,36.0
23.0,0.0,2.0,1.0,3.0,4.0242,6.0,0.93,0.194,1.0,15.0,16.0
0.0,17.002499999999998,3.0,1.0,3.0,0.22,0.2424,0.93,0.1045,0.0,2.0,2.0
1.0,0.0,3.0,1.0,3.0,0.22,0.2273,0.93,0.194,0.0,3.0,3.0
3.0,0.0,3.0,1.0,3.0,0.22,0.2273,0.93,0.1343,0.0,1.0,1.0
4.0,0.0,3.0,-6.175,3.0,0.22,0.2121,0.93,0.2836,0.0,1.0,1.0
5.0,0.0,-8.974999999999998,1.0,3.0,0.22,0.2424,0.93,0.1045,0.0,3.0,3.0
6.0,0.0,14.585,1.0,3.0,0.22,0.2424,0.93,0.1045,1.0,17.0,18.0
-7.75,0.0,3.0,1.0,3.0,0.22,0.2121,0.93,0.2239,1.0,48.0,49.0
9.0,0.0,3.0,-6.175,2.0,0.24,0.2576,-4.5,0.0896,4.0,119.0,123.0
-7.75,0.0,3.0,1.0,2.0,0.24,0.2273,-4.5,0.194,5.0,47.0,52.0
13.0,0.0,3.0,1.0,1.0,0.34,0.3333,0.93,0.1642,1.0,74.0,75.0
15.0,0.0,3.0,1.0,-2.5,0.38,0.3939,0.76,0.3284,10.0,66.0,76.0
16.0,0.0,3.0,1.0,1.0,0.36,0.3333,0.71,0.2985,8.0,95.0,103.0
17.0,0.0,3.0,1.0,1.0,0.36,0.3182,0.53,0.5224,7.0,183.0,190.0
18.0,0.0,3.0,1.0,1.0,0.34,0.2879,0.42,16.355,7.0,175.0,182.0
19.0,0.0,3.0,1.0,1.0,3.5,0.2424,0.45,0.4925,3.0,88.0,91.0
20.0,0.0,3.0,1.0,1.0,0.24,0.197,0.48,0.5522,4.0,71.0,75.0
22.0,17.002499999999998,3.0,1.0,1.0,0.22,0.2121,0.44,0.2537,-11.064375,35.0,40.0
23.0,0.0,3.0,1.0,1.0,0.2,0.1667,0.44,0.4478,3.0,29.0,32.0
0.0,0.0,4.0,1.0,1.0,0.2,0.1667,0.4,0.4478,1.0,11.0,12.0
1.0,17.002499999999998,4.0,1.0,1.0,0.2,0.1515,0.44,0.5224,-11.064375,5.0,5.0
6.0,0.0,4.0,1.0,3.5,0.16,0.1364,0.43,0.3582,0.0,39.0,39.0
9.0,0.0,4.0,1.0,1.0,0.16,0.1364,0.47,0.2985,6.0,27.919575,133.0
10.0,0.0,4.0,1.0,1.0,0.18,0.1515,0.43,0.3284,2.0,50.0,52.0
14.0,0.0,4.0,1.0,1.0,0.22,0.197,0.37,0.3881,4.0,43.0,47.0
16.0,0.0,4.0,1.0,1.0,0.22,0.2121,0.37,0.2537,5.0,73.0,-11.34325
17.0,-10.3375,4.0,1.0,3.5,0.2,0.197,0.4,0.194,5.0,170.0,175.0
18.0,0.0,4.0,1.0,1.0,0.2,0.2121,0.4,0.1642,2.0,145.0,147.0
23.0,0.0,4.0,1.0,1.0,0.2,0.2273,0.47,0.1045,4.0,34.0,38.0
1.0,0.0,5.0,1.0,2.0,0.16,0.2273,0.59,0.0,0.0,7.0,7.0
3.0,0.0,5.0,1.0,2.0,0.14,-4.0,0.63,0.1045,0.0,1.0,1.0
5.0,0.0,5.0,1.0,2.0,0.14,0.1515,0.63,0.1343,0.0,7.0,7.0
7.0,0.0,5.0,1.0,1.0,0.14,0.2121,0.59,0.0,0.0,87.0,87.0
11.0,0.0,5.0,1.0,1.0,0.22,0.2273,0.51,0.1642,3.0,61.0,64.0
12.0,-10.3375,5.0,1.0,2.0,0.24,0.2424,0.48,0.1642,8.0,78.0,86.0
13.0,0.0,5.0,1.0,2.0,0.26,0.2576,0.5,0.2239,9.0,73.0,82.0
16.0,0.0,5.0,10.105,2.0,0.3,0.2879,0.42,0.2239,8.0,91.0,99.0
20.0,0.0,5.0,1.0,2.0,0.24,0.2424,0.65,0.1642,2.0,69.0,71.0
21.0,0.0,14.585,1.0,2.0,0.24,0.2424,0.7,16.355,2.0,41.0,-11.34325
22.0,0.0,5.0,1.0,2.0,0.24,6.0,0.65,0.1642,1.0,45.0,46.0
1.0,0.0,6.0,0.0,2.0,0.24,0.2424,0.65,0.1642,1.0,17.0,-11.34325
2.0,0.0,6.0,0.0,2.0,0.24,0.2424,0.75,-9.925,5.0,12.0,17.0
3.0,0.0,6.0,0.0,2.0,0.24,0.2424,-4.5,0.1642,1.0,10.0,11.0
4.0,0.0,6.0,10.105,3.0,0.22,0.2273,0.93,0.1343,0.0,8.0,8.0
5.0,0.0,6.0,0.0,3.0,0.2,0.2273,1.0,0.0896,0.0,9.0,9.0
7.0,0.0,6.0,0.0,3.0,0.22,0.2576,0.93,0.0896,0.0,4.0,4.0
10.0,0.0,6.0,0.0,3.0,0.2,0.2121,1.0,0.1343,3.0,31.0,34.0
11.0,0.0,6.0,0.0,3.0,0.22,0.2273,-4.5,0.1343,1.0,46.0,47.0
12.0,0.0,6.0,0.0,3.0,0.22,0.2273,1.0,0.1642,10.0,42.0,52.0
13.0,0.0,6.0,0.0,3.0,0.22,0.2273,1.0,0.1642,10.0,62.0,72.0
15.0,17.002499999999998,6.0,0.0,3.0,0.22,0.2727,1.0,0.0,11.0,49.0,60.0
16.0,-10.3375,6.0,0.0,3.0,0.22,0.2273,1.0,0.1343,8.0,-16.532624999999996,71.0
17.0,0.0,6.0,0.0,2.0,0.24,0.2121,1.0,0.2836,14.0,64.0,-11.34325
19.0,0.0,6.0,0.0,2.0,0.28,0.2424,0.93,0.4478,6.0,78.0,84.0
20.0,0.0,6.0,0.0,1.0,0.3,0.2879,0.87,0.2537,5.0,64.0,69.0
22.0,17.002499999999998,6.0,0.0,1.0,0.26,0.2727,0.93,0.1343,2.0,43.0,45.0
23.0,0.0,6.0,0.0,1.0,0.26,0.2576,0.93,0.2239,7.0,52.0,59.0
0.0,0.0,0.0,0.0,1.0,0.26,0.2576,0.7,0.194,2.0,37.0,39.0
1.0,0.0,0.0,10.105,1.0,0.26,0.2273,0.65,0.4179,4.0,40.0,44.0
2.0,0.0,0.0,0.0,1.0,0.26,0.2273,0.6,0.3284,0.0,20.0,20.0
4.0,0.0,0.0,0.0,1.0,0.26,0.2273,0.6,0.3582,0.0,27.919575,2.0
6.0,0.0,0.0,0.0,1.0,0.26,0.2576,0.6,0.2239,0.0,1.0,1.0
8.0,0.0,0.0,0.0,1.0,0.24,0.2576,0.65,0.1045,2.0,21.0,23.0
12.0,0.0,0.0,0.0,1.0,0.34,0.3333,0.46,0.0,48.0,126.0,174.0
14.0,0.0,0.0,0.0,1.0,0.34,0.3485,0.46,0.0896,47.0,114.0,161.0
16.0,0.0,0.0,0.0,1.0,0.34,0.3485,7.1,0.1045,42.0,115.0,157.0
18.0,0.0,0.0,0.0,1.0,0.3,0.303,0.56,0.1642,13.0,65.0,78.0
-7.75,0.0,0.0,10.105,1.0,0.28,0.2879,0.61,0.1045,5.0,21.0,26.0
1.0,-10.3375,1.0,1.0,1.0,0.22,0.2727,0.75,0.0,1.0,4.0,5.0
2.0,0.0,1.0,1.0,1.0,0.2,0.2576,0.8,0.0,0.0,3.0,3.0
7.0,0.0,1.0,1.0,3.5,3.5,0.2424,0.86,0.0,6.0,89.0,95.0
18.0,0.0,1.0,1.0,2.0,0.34,0.3333,0.66,0.1343,-11.064375,170.0,175.0
22.0,0.0,1.0,1.0,1.0,0.28,0.303,0.81,0.0896,3.0,34.0,37.0
23.0,0.0,1.0,1.0,2.0,0.3,0.3333,0.81,0.0,6.0,-16.532624999999996,25.0
1.0,0.0,2.0,1.0,2.0,0.28,0.3182,0.87,0.0,0.0,4.0,4.0
12.25,0.0,2.0,1.0,3.0,0.28,0.2727,0.93,0.1642,18.238625,1.0,1.0
6.0,0.0,2.0,1.0,1.0,0.26,0.2273,-4.5,0.3284,0.0,39.0,39.0
8.0,0.0,2.0,1.0,1.0,0.24,0.197,0.56,0.4925,7.0,236.0,243.0
10.0,0.0,2.0,10.105,1.0,0.22,0.1818,0.47,0.5522,4.0,44.0,48.0
12.0,0.0,2.0,1.0,1.0,0.24,0.197,0.38,0.4925,2.0,63.0,65.0
13.0,0.0,2.0,10.105,2.0,0.24,0.197,0.32,0.4478,2.0,48.0,50.0
-7.75,0.0,2.0,1.0,1.0,0.22,0.197,0.37,0.4179,3.0,61.0,64.0
-7.75,0.0,2.0,1.0,1.0,0.22,0.197,0.35,0.3881,6.0,45.0,51.0
17.0,0.0,2.0,1.0,1.0,0.22,0.1818,0.32,0.5821,4.0,172.0,176.0
19.0,0.0,2.0,1.0,1.0,0.16,0.1212,0.4,0.4627,1.0,100.0,101.0
20.0,0.0,2.0,1.0,1.0,0.16,0.1364,0.4,0.3284,-11.064375,53.0,56.0
21.0,0.0,2.0,1.0,1.0,0.14,0.1061,0.33,16.355,8.0,46.0,18.80595
22.0,0.0,2.0,1.0,1.0,0.12,0.1061,0.33,0.3582,18.238625,29.0,29.0
3.0,0.0,3.0,1.0,1.0,0.06,0.0758,0.45,0.1343,0.0,2.0,2.0
9.0,0.0,3.0,1.0,1.0,0.12,0.1364,0.39,0.1642,4.0,119.0,123.0
10.0,0.0,3.0,10.105,1.0,0.14,0.1818,0.36,0.0,8.0,51.0,59.0
13.0,0.0,14.585,1.0,1.0,0.18,0.1667,0.4,0.2537,2.0,67.0,69.0
15.0,0.0,3.0,1.0,3.5,0.2,0.1818,0.34,0.2836,3.0,61.0,64.0
20.0,0.0,3.0,1.0,3.0,0.14,0.1515,0.86,0.1642,0.0,84.0,84.0
21.0,0.0,3.0,1.0,2.0,0.14,0.1515,0.86,0.1642,0.0,83.0,83.0
1.0,0.0,4.0,1.0,3.0,0.14,0.1515,0.8,0.1343,0.0,7.0,7.0
2.0,0.0,4.0,1.0,3.0,0.14,0.1515,0.8,0.1343,0.0,3.0,3.0
5.0,0.0,4.0,1.0,2.0,0.12,0.1212,-4.5,0.2239,0.0,6.0,6.0
7.0,0.0,4.0,1.0,1.0,0.1,0.0758,0.5,-9.925,0.0,99.0,99.0
9.0,0.0,4.0,1.0,1.0,0.12,0.1061,0.42,0.3582,1.0,121.0,18.80595
10.0,0.0,4.0,1.0,1.0,0.12,0.1061,0.42,0.2985,1.0,34.0,35.0
12.0,0.0,4.0,1.0,1.0,0.16,0.1364,0.34,0.3881,4.0,27.919575,69.0
13.0,0.0,14.585,1.0,1.0,0.18,0.1667,7.1,0.2985,3.0,59.0,62.0
14.0,0.0,4.0,1.0,1.0,0.2,0.1818,0.27,0.2836,6.0,42.0,48.0
15.0,0.0,14.585,1.0,1.0,0.2,0.197,0.25,0.2537,0.0,50.0,50.0
18.0,0.0,4.0,1.0,1.0,0.16,0.1818,0.28,0.1343,3.0,157.0,160.0
20.0,0.0,4.0,1.0,1.0,0.14,0.1818,0.31,0.0896,4.0,93.0,97.0
21.0,0.0,4.0,1.0,1.0,0.14,0.2121,0.39,0.0,2.0,70.0,72.0
23.0,0.0,4.0,1.0,1.0,0.12,0.1515,-4.5,0.1045,1.0,33.0,34.0
1.0,0.0,5.0,1.0,1.0,0.1,-4.0,0.54,0.0896,1.0,6.0,7.0
2.0,0.0,5.0,1.0,1.0,0.1,0.1364,0.54,0.0896,-11.064375,3.0,3.0
6.0,0.0,5.0,1.0,1.0,-2.5,0.1818,0.68,0.0,1.0,23.0,24.0
7.0,0.0,5.0,1.0,1.0,0.08,0.1667,0.73,0.0,1.0,73.0,74.0
10.0,0.0,5.0,1.0,1.0,0.14,0.1364,-4.5,-9.925,5.0,39.0,44.0
11.0,0.0,5.0,1.0,1.0,0.22,0.2273,0.47,0.1343,12.0,52.0,64.0
13.0,0.0,-8.974999999999998,1.0,1.0,0.24,0.2273,0.35,0.194,21.0,89.0,110.0
14.0,0.0,5.0,1.0,1.0,0.3,-4.0,0.26,0.2537,17.0,67.0,84.0
15.0,0.0,5.0,1.0,1.0,0.32,0.3182,0.21,0.1642,12.0,62.0,74.0
-7.75,0.0,5.0,1.0,-2.5,3.5,0.3333,0.24,0.0,18.0,193.0,211.0
18.0,0.0,5.0,1.0,1.0,0.28,0.3182,0.28,0.0,9.0,165.0,174.0
19.0,0.0,5.0,1.0,1.0,-2.707,0.303,0.33,0.0,7.0,94.0,101.0
20.0,0.0,5.0,1.0,1.0,-2.5,0.2273,0.55,0.1343,2.0,61.0,63.0
2.0,0.0,6.0,0.0,1.0,0.14,0.2121,0.8,0.0,2.0,13.0,15.0
4.0,0.0,6.0,0.0,1.0,0.12,0.1667,0.74,0.0896,0.0,4.0,4.0
6.0,0.0,6.0,0.0,1.0,0.12,0.1364,0.93,0.194,-11.064375,1.0,2.0
7.0,0.0,6.0,0.0,1.0,0.12,0.1515,0.8,0.1045,2.0,9.0,11.0
8.0,0.0,6.0,0.0,1.0,0.14,0.1515,0.86,0.1343,2.0,28.0,30.0
11.0,0.0,6.0,0.0,1.0,0.3,0.2727,0.28,0.3284,30.0,84.0,114.0
12.0,0.0,14.585,0.0,1.0,0.3,0.2727,0.39,0.4627,27.0,93.0,120.0
13.0,0.0,6.0,0.0,1.0,0.3,0.2727,0.39,0.4179,32.0,103.0,135.0
18.0,0.0,6.0,0.0,1.0,0.28,0.2576,0.38,0.3284,4.0,60.0,64.0
20.0,0.0,6.0,0.0,1.0,0.26,0.2576,0.41,0.2239,1.0,39.0,40.0
21.0,0.0,6.0,0.0,1.0,0.26,0.303,0.41,0.0,9.0,42.0,51.0
1.0,0.0,0.0,-6.175,1.0,0.2,6.0,0.59,0.0896,1.0,23.0,24.0
2.0,0.0,0.0,0.0,2.0,0.2,0.2273,0.75,0.0896,1.0,-16.532624999999996,-11.34325
-7.75,0.0,0.0,10.105,2.0,0.2,0.2121,0.69,0.1642,0.0,2.0,2.0
7.0,0.0,14.585,0.0,2.0,-2.707,0.2727,0.55,0.0,0.0,3.0,3.0
8.0,0.0,0.0,0.0,2.0,0.22,0.2273,0.64,-9.925,1.0,11.0,12.0
9.0,0.0,0.0,0.0,2.0,0.24,0.2273,0.6,0.2239,12.0,35.0,47.0
10.0,0.0,0.0,0.0,1.0,0.3,0.2727,0.45,0.3284,19.0,86.0,105.0
12.0,0.0,0.0,0.0,1.0,0.36,0.3182,0.32,0.4627,58.0,94.0,152.0
13.0,0.0,0.0,0.0,1.0,0.38,0.3939,0.29,0.3582,62.0,92.0,154.0
15.0,0.0,0.0,0.0,2.0,0.4,0.4091,0.3,0.2985,40.0,122.0,162.0
17.0,0.0,0.0,0.0,3.5,0.42,0.4242,0.28,0.3284,30.0,95.0,125.0
19.0,0.0,0.0,0.0,1.0,0.4,0.4091,0.35,0.2836,11.0,50.0,61.0
20.0,0.0,0.0,0.0,1.0,0.4,0.4091,7.1,0.3284,15.0,-16.532624999999996,47.0
23.0,17.002499999999998,0.0,0.0,1.0,0.4,0.4091,0.35,0.3582,3.0,27.0,30.0
1.0,0.0,1.0,1.0,-2.5,0.38,0.3939,0.37,0.3582,1.0,6.0,7.0
2.0,0.0,1.0,1.0,1.0,0.36,0.3333,0.4,-9.925,0.0,-16.532624999999996,2.0
3.0,0.0,1.0,1.0,1.0,0.34,0.3182,0.46,0.2239,1.0,1.0,2.0
4.0,0.0,1.0,1.0,1.0,0.32,0.303,0.53,0.2836,0.0,2.0,2.0
6.0,0.0,1.0,1.0,1.0,0.34,0.303,0.46,0.2985,1.0,25.0,26.0
10.0,0.0,1.0,1.0,1.0,0.44,0.4394,0.33,0.2239,9.0,46.0,55.0
11.0,-10.3375,1.0,1.0,1.0,0.52,0.5,0.23,0.2537,10.0,43.0,53.0
12.0,0.0,1.0,1.0,1.0,0.56,6.0,0.22,0.4478,27.0,99.0,126.0
14.0,0.0,1.0,1.0,3.5,0.6,0.5909,0.15,0.4925,14.0,76.0,18.80595
15.0,0.0,1.0,1.0,1.0,0.56,0.5303,7.1,0.6567,19.0,71.0,90.0
16.0,0.0,1.0,10.105,1.0,0.52,0.5,0.27,0.4627,18.238625,102.0,118.0
18.0,0.0,1.0,1.0,1.0,0.4,0.4091,0.4,0.6119,11.0,194.0,205.0
19.0,0.0,1.0,1.0,1.0,0.38,0.3939,0.43,0.4925,12.0,86.0,98.0
20.0,0.0,14.585,1.0,1.0,0.36,0.3182,0.46,0.4627,5.0,65.0,70.0
21.0,0.0,1.0,1.0,1.0,0.36,0.3182,0.5,0.5224,8.0,35.0,43.0
23.0,0.0,1.0,1.0,1.0,0.32,0.2879,0.49,0.4925,1.0,19.0,20.0
2.0,0.0,2.0,1.0,1.0,0.28,0.2273,0.41,0.6866,1.0,2.0,3.0
4.0,0.0,2.0,1.0,1.0,0.22,0.1818,0.37,0.5224,0.0,1.0,1.0
5.0,-10.3375,2.0,1.0,1.0,0.22,0.1818,0.32,16.355,0.0,4.0,4.0
6.0,17.002499999999998,2.0,1.0,1.0,0.2,0.1818,0.32,0.3284,0.0,30.0,30.0
7.0,17.002499999999998,2.0,1.0,1.0,0.2,0.1818,7.1,0.3582,2.0,103.0,105.0
9.0,0.0,2.0,1.0,1.0,0.22,0.197,0.29,0.4478,2.0,108.0,-11.34325
10.0,0.0,2.0,1.0,1.0,0.24,0.2121,0.27,0.2836,5.0,47.0,52.0
12.0,0.0,2.0,1.0,1.0,0.28,0.2727,7.1,0.2537,6.0,65.0,71.0
13.0,0.0,2.0,1.0,1.0,0.32,0.303,0.21,-9.925,14.0,68.0,82.0
14.0,0.0,2.0,1.0,1.0,0.34,0.3182,0.19,-9.925,10.0,69.0,79.0
15.0,0.0,2.0,1.0,1.0,0.34,0.3333,0.19,0.1642,11.0,74.0,85.0
20.0,0.0,2.0,1.0,1.0,-2.707,0.2727,0.33,0.1045,-11.064375,98.0,101.0
22.0,0.0,2.0,1.0,1.0,0.24,0.2879,0.44,0.0,0.0,41.0,41.0
23.0,0.0,2.0,1.0,-2.5,0.22,0.2576,7.1,0.0896,0.0,20.0,20.0
0.0,0.0,3.0,1.0,1.0,0.22,0.2576,0.41,0.0896,0.0,15.0,15.0
3.0,0.0,14.585,1.0,2.0,0.2,0.197,0.47,0.194,0.0,1.0,-11.34325
4.0,0.0,3.0,1.0,1.0,0.2,0.197,0.51,0.194,0.0,1.0,1.0
5.0,0.0,3.0,1.0,1.0,0.2,0.197,0.47,0.194,0.0,5.0,5.0
8.0,0.0,3.0,1.0,2.0,0.22,0.2273,0.55,0.1642,6.0,224.0,230.0
11.0,0.0,3.0,1.0,1.0,0.34,0.303,0.34,0.2985,7.0,59.0,66.0
13.0,0.0,3.0,1.0,1.0,0.42,0.4242,0.3,0.3582,13.0,80.0,93.0
14.0,0.0,3.0,1.0,1.0,0.46,0.4545,0.28,0.4179,17.0,65.0,82.0
15.0,0.0,3.0,1.0,1.0,0.46,-4.0,0.28,16.355,35.0,82.0,117.0
17.0,0.0,3.0,1.0,1.0,0.46,0.4545,0.28,0.2836,11.0,244.0,255.0
18.0,0.0,3.0,1.0,1.0,0.4,0.4091,0.4,0.2239,20.0,202.0,222.0
20.0,0.0,3.0,1.0,1.0,0.38,0.3939,0.43,0.194,10.0,108.0,118.0
12.25,17.002499999999998,3.0,1.0,1.0,0.36,0.3485,0.46,0.194,5.0,87.0,92.0
22.0,0.0,3.0,1.0,1.0,0.34,0.3333,0.53,0.194,12.0,61.0,73.0
3.0,0.0,4.0,1.0,3.5,0.34,0.3333,0.53,0.194,3.0,1.0,4.0
4.0,0.0,4.0,1.0,1.0,0.32,0.3182,0.57,0.194,3.0,1.0,4.0
5.0,0.0,4.0,1.0,1.0,0.32,0.3333,0.66,0.0896,1.0,11.0,12.0
7.0,0.0,4.0,1.0,1.0,0.32,0.3333,0.57,0.1045,7.0,119.0,126.0
8.0,0.0,4.0,1.0,1.0,0.32,6.0,0.57,0.0896,18.0,267.0,285.0
9.0,0.0,-8.974999999999998,1.0,1.0,0.36,0.3485,0.57,0.194,16.0,163.0,179.0
12.0,0.0,4.0,1.0,1.0,0.48,0.4697,0.41,0.2239,15.0,86.0,101.0
15.0,0.0,4.0,1.0,1.0,0.6,0.6061,0.28,0.2537,15.0,91.0,106.0
20.0,0.0,4.0,1.0,1.0,-2.5,0.4697,0.59,0.3284,8.0,131.0,139.0
23.0,0.0,4.0,1.0,1.0,0.46,0.4545,0.67,0.2985,4.0,40.0,44.0
1.0,0.0,5.0,1.0,1.0,0.44,0.4394,0.72,0.2239,-11.064375,7.0,8.0
2.0,0.0,5.0,1.0,1.0,0.44,0.4394,0.72,0.2836,2.0,5.0,7.0
3.0,0.0,5.0,1.0,1.0,0.46,0.4545,0.67,0.2537,2.0,6.0,8.0
5.0,0.0,5.0,1.0,2.0,0.46,0.4545,0.67,0.1045,1.0,6.0,7.0
8.0,0.0,5.0,1.0,2.0,0.42,0.4242,0.77,0.194,26.0,246.0,272.0
11.0,0.0,5.0,10.105,1.0,0.44,0.4394,0.72,0.1642,31.0,82.0,113.0
12.0,0.0,5.0,1.0,1.0,0.5,0.4848,0.59,0.194,59.0,126.0,185.0
16.0,0.0,5.0,1.0,3.5,0.66,0.6212,0.36,0.2836,68.0,164.0,232.0
17.0,0.0,5.0,1.0,1.0,0.66,0.6212,0.34,0.3582,52.0,-16.532624999999996,327.0
-7.75,0.0,5.0,1.0,1.0,0.58,0.5455,0.21,0.4925,11.0,61.0,72.0
22.0,0.0,5.0,1.0,1.0,0.54,0.5152,0.1,0.2537,19.0,88.0,107.0
23.0,0.0,5.0,1.0,1.0,0.52,0.5,0.08,0.2836,16.0,61.0,77.0
-7.75,0.0,6.0,0.0,1.0,0.46,0.4545,0.14,-9.925,10.0,21.0,31.0
2.0,0.0,6.0,-6.175,1.0,0.44,0.4394,0.13,0.3881,3.0,14.0,17.0
6.0,0.0,6.0,0.0,1.0,0.4,0.4091,7.1,0.4179,3.0,3.0,6.0
8.0,0.0,6.0,0.0,1.0,0.38,0.3939,0.17,0.5821,9.0,36.0,45.0
10.0,0.0,6.0,0.0,1.0,0.42,0.4242,0.16,16.355,34.0,72.0,106.0
11.0,0.0,6.0,0.0,1.0,0.44,0.4394,0.16,0.5821,47.0,76.0,123.0
-7.75,0.0,6.0,0.0,1.0,0.44,0.4394,0.18,0.4925,38.0,81.0,119.0
13.0,0.0,6.0,0.0,1.0,0.44,6.0,0.16,0.6119,52.0,103.0,155.0
14.0,0.0,6.0,0.0,-2.5,0.46,0.4545,0.15,0.6567,102.0,94.0,196.0
15.0,0.0,-8.974999999999998,0.0,1.0,-2.707,0.4394,0.16,0.7463,84.0,87.0,171.0
16.0,0.0,6.0,0.0,1.0,0.44,0.4394,0.16,0.6418,39.0,81.0,120.0
18.0,0.0,6.0,0.0,-2.5,0.36,0.3182,0.25,0.4478,21.0,67.0,88.0
21.0,0.0,6.0,0.0,1.0,0.32,0.2727,0.26,0.5522,-11.064375,29.0,33.0
22.0,0.0,6.0,0.0,1.0,0.3,0.2576,0.28,0.4925,-11.064375,42.0,44.0
1.0,0.0,0.0,0.0,1.0,0.24,0.197,0.41,0.4627,5.0,11.0,16.0
2.0,0.0,0.0,10.105,1.0,0.24,0.197,0.41,0.5522,0.0,17.0,17.0
3.0,0.0,0.0,0.0,1.0,0.22,0.1818,0.44,0.5522,9.0,9.0,18.0
4.0,0.0,0.0,0.0,1.0,0.22,0.1818,0.44,0.5522,0.0,1.0,1.0
8.0,0.0,0.0,0.0,1.0,0.2,0.2273,0.51,0.1045,2.0,22.0,24.0
9.0,0.0,0.0,0.0,1.0,0.22,0.2121,0.47,0.2836,7.0,48.0,55.0
11.0,0.0,0.0,0.0,2.0,0.3,0.303,7.1,0.1642,72.0,89.0,161.0
12.0,0.0,0.0,0.0,1.0,0.3,0.3182,0.33,0.1045,62.0,120.0,182.0
21.0,0.0,0.0,0.0,2.0,0.32,0.3485,0.53,16.355,17.0,39.0,56.0
2.0,1.0,1.0,0.0,2.0,0.34,0.303,0.42,0.3284,1.0,3.0,4.0
4.0,1.0,1.0,0.0,1.0,-2.5,0.3182,0.45,0.1642,1.0,0.0,1.0
8.0,1.0,1.0,0.0,2.0,0.32,0.303,0.57,0.2985,7.0,56.0,63.0
9.0,1.0,1.0,0.0,2.0,0.32,0.303,0.57,0.2836,11.0,46.0,57.0
10.0,1.0,1.0,0.0,2.0,0.32,0.303,0.57,0.2537,29.0,52.0,81.0
11.0,1.0,1.0,0.0,2.0,0.32,0.3333,0.57,0.1045,20.0,70.0,90.0
12.0,1.0,1.0,0.0,2.0,0.32,0.3182,0.66,0.194,26.0,67.0,-11.34325
13.0,1.0,1.0,0.0,3.0,0.3,0.2727,0.81,0.3284,28.0,75.0,103.0
15.0,1.0,1.0,0.0,2.0,0.3,0.2727,0.7,0.4478,11.0,76.0,87.0
16.0,1.0,1.0,0.0,3.0,0.28,0.2424,0.75,0.4179,8.0,48.0,56.0
17.0,1.0,1.0,0.0,2.0,0.28,0.2576,0.75,0.3881,18.0,62.0,80.0
-7.75,1.0,1.0,0.0,2.0,0.24,0.2121,0.87,0.3582,0.0,49.0,49.0
21.0,1.0,1.0,0.0,3.0,0.22,0.197,0.75,0.4478,1.0,33.0,34.0
12.25,1.0,1.0,0.0,3.0,0.2,0.1667,7.1,0.4179,0.0,11.0,11.0
23.0,1.0,1.0,0.0,3.0,-2.5,0.1667,0.75,0.4179,0.0,2.0,2.0
7.0,0.0,2.0,1.0,2.0,4.0242,0.1212,0.8,0.2836,0.0,40.0,40.0
8.0,0.0,2.0,1.0,2.0,0.12,6.0,0.8,0.2537,7.0,107.0,114.0
9.0,0.0,2.0,1.0,2.0,0.14,0.1212,0.74,0.2537,5.0,101.0,106.0
11.0,0.0,2.0,1.0,1.0,0.16,0.2273,0.64,0.0,7.0,43.0,50.0
13.0,0.0,2.0,1.0,1.0,0.22,0.2273,0.55,0.1642,3.0,52.0,55.0
14.0,0.0,2.0,1.0,1.0,0.22,0.2273,0.55,0.194,9.0,49.0,58.0
16.0,0.0,2.0,1.0,1.0,0.22,0.2273,7.1,0.1642,7.0,79.0,86.0
12.25,17.002499999999998,2.0,1.0,1.0,0.2,0.1818,0.47,0.2836,4.0,114.0,118.0
22.0,0.0,2.0,1.0,1.0,0.16,0.1515,0.43,0.2537,-11.064375,76.0,77.0
0.0,0.0,3.0,1.0,1.0,0.14,0.1364,0.5,0.194,0.0,6.0,6.0
1.0,17.002499999999998,3.0,1.0,1.0,0.14,0.1515,0.46,0.1642,0.0,4.0,-11.34325
3.0,0.0,14.585,1.0,1.0,0.12,0.1364,0.5,0.1642,0.0,2.0,2.0
5.0,0.0,3.0,1.0,1.0,0.12,0.1515,0.5,0.1045,0.0,8.0,8.0
8.0,-10.3375,3.0,1.0,1.0,0.14,0.1515,7.1,0.1642,8.0,227.0,235.0
9.0,0.0,14.585,10.105,3.5,0.18,0.2121,0.51,0.0896,9.0,130.0,139.0
10.0,0.0,3.0,1.0,1.0,0.2,0.2576,0.4,16.355,4.0,47.0,51.0
12.0,0.0,3.0,1.0,1.0,0.26,0.2879,0.35,0.0896,11.0,56.0,67.0
13.0,0.0,3.0,-6.175,1.0,0.3,0.3182,0.28,0.0896,-11.064375,78.0,87.0
16.0,0.0,3.0,1.0,1.0,0.34,0.3636,0.25,0.0,15.0,27.919575,94.0
18.0,0.0,3.0,1.0,1.0,0.32,0.3333,0.26,0.0896,3.0,206.0,209.0
19.0,0.0,3.0,1.0,1.0,0.3,0.3333,0.33,0.0,6.0,135.0,141.0
21.0,0.0,3.0,1.0,1.0,0.24,0.2879,0.48,0.0,2.0,89.0,91.0
23.0,0.0,3.0,1.0,1.0,0.22,0.2576,0.55,0.0896,1.0,38.0,39.0
1.0,0.0,4.0,1.0,1.0,-2.5,0.2576,0.6,0.0896,0.0,7.0,7.0
5.0,17.002499999999998,4.0,1.0,1.0,0.2,0.2121,0.69,0.1343,18.238625,3.0,4.0
8.0,0.0,4.0,1.0,1.0,0.24,0.2273,0.7,0.2239,8.0,244.0,252.0
9.0,0.0,4.0,10.105,2.0,0.24,0.2121,0.75,0.2985,18.238625,133.0,137.0
11.0,0.0,4.0,1.0,2.0,3.5,0.2879,0.57,0.3881,8.0,71.0,79.0
12.0,0.0,4.0,1.0,2.0,0.36,0.3333,0.53,0.3582,10.0,85.0,95.0
13.0,0.0,4.0,1.0,2.0,0.38,6.0,0.54,0.2985,18.238625,72.0,88.0
14.0,0.0,4.0,1.0,2.0,0.4,0.4091,0.5,0.2985,2.0,67.0,69.0
16.0,0.0,4.0,1.0,3.0,0.38,0.3939,0.62,0.2836,4.0,67.0,71.0
18.0,0.0,4.0,1.0,2.0,0.34,0.303,0.87,0.3284,5.0,132.0,137.0
20.0,0.0,4.0,1.0,2.0,0.34,0.303,0.93,0.3582,2.0,87.0,89.0
21.0,0.0,-8.974999999999998,1.0,2.0,0.34,6.0,0.87,0.3284,7.0,76.0,83.0
1.0,0.0,5.0,1.0,2.0,0.32,6.0,1.0,0.0,1.0,9.0,10.0
2.0,0.0,5.0,1.0,2.0,0.32,0.3485,1.0,0.0,0.0,3.0,3.0
3.0,0.0,5.0,1.0,2.0,0.32,0.3333,0.93,16.355,1.0,1.0,2.0
5.0,0.0,5.0,1.0,2.0,0.32,0.3333,0.93,0.1045,1.0,5.0,6.0
7.0,0.0,5.0,1.0,3.0,0.34,0.3333,1.0,0.1343,1.0,34.0,35.0
8.0,0.0,5.0,1.0,3.0,0.36,0.3485,0.93,0.1343,3.0,70.0,73.0
10.0,0.0,5.0,1.0,3.0,0.42,0.4242,0.94,0.3284,7.0,42.0,49.0
11.0,0.0,5.0,1.0,3.5,0.52,0.5,0.77,16.355,9.0,50.0,59.0
14.0,0.0,5.0,1.0,3.0,0.56,0.5303,0.56,0.6119,14.0,71.0,85.0
12.25,0.0,5.0,1.0,1.0,0.46,0.4545,0.41,0.806,5.0,50.0,-11.34325
17.0,0.0,5.0,1.0,1.0,0.32,0.2727,0.49,0.7463,8.0,-16.532624999999996,189.0
18.0,0.0,5.0,1.0,1.0,0.32,0.2879,0.49,0.4925,7.0,150.0,157.0
19.0,0.0,5.0,1.0,1.0,3.5,0.2727,0.52,16.355,4.0,27.919575,90.0
22.0,0.0,5.0,1.0,1.0,0.26,0.2121,0.48,0.4478,7.0,43.0,50.0
23.0,0.0,5.0,1.0,1.0,0.26,0.2273,0.48,0.3284,2.0,37.0,39.0
2.0,0.0,6.0,0.0,1.0,0.22,0.197,0.6,0.3582,3.0,9.0,-11.34325
3.0,-10.3375,14.585,0.0,1.0,0.22,0.2273,0.55,0.1343,1.0,7.0,8.0
4.0,0.0,6.0,0.0,2.0,0.22,0.2576,0.6,0.0896,1.0,1.0,2.0
5.0,17.002499999999998,6.0,0.0,2.0,0.22,0.2424,0.64,0.1045,1.0,9.0,10.0
8.0,0.0,6.0,0.0,2.0,0.24,0.2879,-4.5,0.0,2.0,55.0,57.0
10.0,0.0,6.0,0.0,2.0,0.3,6.0,0.49,0.1343,14.0,71.0,85.0
11.0,0.0,6.0,0.0,1.0,0.3,0.3333,0.45,0.0,26.0,100.0,126.0
14.0,0.0,6.0,0.0,2.0,0.34,0.303,7.1,0.3284,57.0,154.0,211.0
17.0,0.0,6.0,0.0,1.0,0.36,0.3485,0.43,0.2239,53.0,130.0,183.0
20.0,0.0,6.0,0.0,1.0,0.3,0.303,7.1,0.1642,8.0,60.0,68.0
21.0,0.0,6.0,0.0,1.0,0.28,0.2727,0.65,0.2537,9.0,59.0,68.0
22.0,17.002499999999998,6.0,0.0,1.0,0.28,0.2727,0.75,0.2239,8.0,38.0,18.80595
0.0,0.0,0.0,0.0,1.0,0.26,0.2424,0.87,0.2836,8.0,26.0,18.80595
1.0,0.0,0.0,0.0,1.0,0.26,0.2576,7.1,0.194,7.0,30.0,37.0
6.0,0.0,0.0,0.0,1.0,0.24,0.2879,7.1,0.0,2.0,1.0,3.0
7.0,0.0,0.0,0.0,1.0,0.24,0.2424,0.87,0.1343,6.0,8.0,14.0
9.0,0.0,0.0,10.105,1.0,0.28,0.303,0.87,0.0896,17.0,42.0,59.0
10.0,0.0,0.0,0.0,1.0,0.3,0.303,0.81,0.1642,24.0,79.0,103.0
11.0,0.0,0.0,10.105,1.0,0.36,0.3485,0.62,0.1343,33.0,92.0,125.0
12.0,0.0,14.585,0.0,1.0,0.4,0.4091,0.54,0.0896,61.0,132.0,193.0
12.25,0.0,0.0,0.0,1.0,0.42,0.4242,7.1,0.0,90.0,169.0,259.0
17.0,0.0,0.0,0.0,1.0,3.5,0.4242,0.54,16.355,66.0,121.0,187.0
18.0,0.0,0.0,0.0,1.0,0.4,0.4091,0.54,0.194,24.0,103.0,127.0
19.0,0.0,-8.974999999999998,0.0,1.0,0.4,0.4091,0.54,-9.925,16.0,86.0,102.0
21.0,0.0,0.0,0.0,1.0,0.38,0.3939,0.62,0.1642,8.0,61.0,69.0
3.0,0.0,1.0,1.0,3.0,0.32,0.3182,0.93,0.1642,0.0,1.0,1.0
6.0,17.002499999999998,1.0,1.0,2.0,0.34,0.3485,0.96,0.1045,1.0,27.0,28.0
7.0,0.0,1.0,1.0,2.0,0.36,0.3636,0.93,0.1045,2.0,90.0,92.0
10.0,0.0,1.0,1.0,2.0,0.52,0.5,0.72,0.4925,13.0,79.0,92.0
11.0,0.0,1.0,1.0,2.0,0.56,0.5303,7.1,0.2985,13.0,74.0,87.0
14.0,0.0,1.0,1.0,3.0,0.42,0.4242,1.0,0.2985,1.0,24.0,25.0
15.0,0.0,1.0,1.0,3.0,0.42,0.4242,1.0,0.2985,0.0,35.0,35.0
16.0,0.0,1.0,1.0,3.0,0.42,0.4242,1.0,0.1343,2.0,40.0,42.0
19.0,0.0,1.0,1.0,3.0,0.44,0.4394,0.88,0.6119,-11.064375,-16.532624999999996,80.0
20.0,0.0,1.0,10.105,3.0,0.44,0.4394,0.88,0.6119,0.0,45.0,45.0
21.0,0.0,1.0,1.0,2.0,0.38,0.3939,0.87,0.3881,2.0,78.0,18.80595
22.0,0.0,1.0,1.0,3.5,0.34,0.303,0.93,0.4179,4.0,72.0,76.0
1.0,0.0,2.0,1.0,1.0,-2.5,0.2273,0.7,0.3582,0.0,3.0,3.0
3.0,0.0,2.0,1.0,1.0,0.22,0.2121,0.69,0.2836,0.0,2.0,2.0
8.0,0.0,2.0,1.0,1.0,0.2,0.1818,0.59,0.3881,10.0,204.0,214.0
10.0,0.0,2.0,1.0,1.0,0.24,0.2121,0.52,0.2836,-11.064375,55.0,68.0
12.25,0.0,2.0,1.0,1.0,0.32,0.3485,0.39,0.0,13.0,65.0,78.0
15.0,0.0,2.0,1.0,1.0,0.34,0.3636,0.34,0.0,7.0,57.0,64.0
16.0,0.0,2.0,1.0,1.0,0.34,0.3485,0.34,0.0896,10.0,92.0,102.0
17.0,0.0,2.0,1.0,-2.5,0.34,0.3485,0.34,0.0896,12.0,230.0,242.0
18.0,0.0,2.0,1.0,1.0,0.32,0.3182,0.39,0.194,10.0,214.0,224.0
20.0,0.0,2.0,1.0,1.0,0.3,0.3182,0.61,0.0896,2.0,86.0,88.0
21.0,0.0,2.0,1.0,1.0,0.26,0.303,0.56,0.0,8.0,55.0,63.0
22.0,0.0,2.0,1.0,1.0,0.24,0.2727,0.62,0.1045,3.0,44.0,47.0
0.0,0.0,3.0,1.0,1.0,0.22,0.2273,0.69,0.1642,3.0,-16.532624999999996,8.0
3.0,0.0,14.585,1.0,1.0,0.22,0.2121,0.69,0.2836,3.0,1.0,4.0
4.0,0.0,3.0,1.0,1.0,0.2,0.2121,0.75,0.1343,-11.064375,0.0,1.0
5.0,0.0,3.0,1.0,1.0,0.22,0.2121,0.69,0.2239,0.0,5.0,5.0
8.0,0.0,3.0,1.0,1.0,0.24,0.2121,0.65,0.2836,13.0,243.0,256.0
9.0,0.0,3.0,1.0,1.0,0.28,0.2576,0.56,0.2985,-11.064375,141.0,148.0
12.25,0.0,3.0,1.0,1.0,0.34,0.303,0.53,0.3284,8.0,65.0,73.0
12.0,0.0,3.0,-6.175,1.0,0.4,0.4091,0.43,0.194,20.0,62.0,82.0
13.0,0.0,3.0,1.0,1.0,0.5,0.4848,0.25,0.0,35.0,90.0,125.0
14.0,0.0,3.0,1.0,1.0,0.52,0.5,0.23,0.2985,21.0,75.0,96.0
16.0,0.0,3.0,1.0,1.0,0.54,0.5152,0.19,0.3284,27.0,-16.532624999999996,139.0
17.0,0.0,3.0,1.0,1.0,0.5,0.4848,0.23,0.2836,30.0,238.0,268.0
18.0,0.0,14.585,1.0,1.0,0.46,0.4545,0.23,0.4925,18.238625,193.0,201.0
21.0,0.0,3.0,1.0,1.0,0.34,0.2879,0.29,0.4627,3.0,68.0,71.0
22.0,0.0,3.0,1.0,1.0,0.3,0.2576,0.26,0.5522,4.0,44.0,48.0
4.0,0.0,4.0,1.0,1.0,0.16,0.1212,0.31,0.4925,0.0,1.0,1.0
6.0,0.0,4.0,1.0,1.0,0.14,0.1212,0.33,0.2985,1.0,34.0,35.0
7.0,0.0,4.0,1.0,1.0,4.0242,0.0909,0.42,0.4179,18.238625,110.0,111.0
10.0,0.0,4.0,-6.175,1.0,0.18,0.1818,0.29,0.194,7.0,49.0,56.0
11.0,0.0,4.0,1.0,1.0,0.2,0.2273,0.29,0.0896,10.0,40.0,50.0
12.0,0.0,4.0,1.0,1.0,0.22,0.2273,0.25,0.1343,7.0,65.0,72.0
14.0,0.0,4.0,1.0,1.0,0.24,0.2576,0.21,0.1045,18.0,60.0,78.0
15.0,0.0,14.585,1.0,1.0,0.24,0.2879,0.23,0.0,6.0,62.0,68.0
16.0,0.0,4.0,1.0,1.0,0.26,0.303,-4.5,0.0,6.0,65.0,71.0
17.0,0.0,4.0,1.0,1.0,0.26,0.303,7.1,0.0,17.0,185.0,202.0
20.0,0.0,4.0,1.0,1.0,0.2,0.2273,0.4,0.0896,1.0,69.0,70.0
21.0,0.0,4.0,1.0,1.0,0.18,0.2121,0.4,0.1045,3.0,48.0,51.0
22.0,0.0,4.0,1.0,1.0,0.2,0.2576,0.4,0.0,-11.064375,50.0,53.0
23.0,-10.3375,4.0,1.0,2.0,0.18,0.2121,0.43,0.0896,0.0,23.0,23.0
0.0,0.0,5.0,1.0,2.0,0.2,0.197,0.55,0.194,0.0,12.0,12.0
2.0,0.0,5.0,1.0,2.0,0.18,0.1818,0.64,0.194,0.0,2.0,2.0
3.0,0.0,5.0,1.0,2.0,0.18,0.1667,0.74,0.2537,0.0,1.0,1.0
4.0,0.0,5.0,1.0,2.0,0.18,6.0,0.74,0.194,1.0,0.0,1.0
6.0,0.0,5.0,1.0,2.0,0.16,0.197,0.74,0.0896,1.0,28.0,29.0
7.0,0.0,5.0,1.0,1.0,0.16,0.1818,0.8,0.1343,0.0,83.0,83.0
9.0,0.0,5.0,1.0,1.0,0.22,0.2273,0.6,0.1343,12.0,138.0,150.0
11.0,0.0,5.0,1.0,1.0,0.28,0.2727,0.52,0.2239,16.0,73.0,-11.34325
12.0,0.0,5.0,-6.175,1.0,0.32,0.303,0.43,0.1642,10.0,87.0,97.0
14.0,17.002499999999998,5.0,1.0,1.0,0.36,0.3333,0.4,0.2836,30.0,65.0,95.0
15.0,0.0,5.0,1.0,1.0,0.36,0.3333,0.4,0.2985,31.0,75.0,106.0
20.0,0.0,5.0,1.0,2.0,0.3,0.2879,0.7,0.194,9.0,78.0,87.0
22.0,0.0,5.0,1.0,1.0,0.3,0.2879,0.7,0.194,4.0,27.919575,-11.34325
0.0,0.0,6.0,0.0,2.0,0.28,0.2879,0.81,0.1045,4.0,15.0,19.0
2.0,0.0,6.0,0.0,2.0,3.5,0.2879,0.87,0.194,5.0,15.0,20.0
3.0,0.0,-8.974999999999998,0.0,2.0,0.3,0.2879,0.87,0.194,0.0,2.0,2.0
6.0,0.0,6.0,0.0,2.0,0.3,0.2879,1.0,0.2239,1.0,3.0,4.0
7.0,0.0,-8.974999999999998,0.0,2.0,0.3,0.2727,1.0,0.2985,5.0,10.0,15.0
8.0,0.0,6.0,0.0,2.0,3.5,0.2727,1.0,0.2985,11.0,34.0,45.0
9.0,0.0,6.0,0.0,2.0,0.32,0.303,0.93,0.2239,15.0,48.0,63.0
10.0,0.0,6.0,0.0,2.0,0.34,0.3333,0.93,0.194,34.0,69.0,103.0
13.0,0.0,6.0,0.0,2.0,0.46,6.0,0.67,0.2836,60.0,130.0,190.0
14.0,0.0,6.0,0.0,2.0,0.48,0.4697,0.59,0.2836,80.0,118.0,198.0
15.0,0.0,6.0,0.0,2.0,0.46,0.4545,0.63,0.2985,83.0,27.919575,205.0
16.0,0.0,6.0,0.0,2.0,3.5,0.4697,0.59,0.2985,74.0,130.0,204.0
17.0,0.0,6.0,0.0,2.0,0.48,0.4697,7.1,0.3582,60.0,104.0,164.0
-7.75,0.0,6.0,0.0,2.0,0.46,0.4545,0.67,0.3284,27.0,62.0,89.0
21.0,0.0,6.0,0.0,2.0,0.44,0.4394,0.72,0.3284,12.0,60.0,72.0
22.0,0.0,6.0,0.0,2.0,0.42,0.4242,0.77,0.2985,16.0,47.0,63.0
23.0,0.0,6.0,0.0,2.0,0.44,0.4394,0.77,0.2985,-11.064375,34.0,44.0
0.0,0.0,0.0,0.0,2.0,0.42,0.4242,7.1,0.3582,11.0,41.0,52.0
12.25,0.0,0.0,0.0,3.5,0.42,0.4242,0.82,0.2985,2.0,9.0,11.0
4.0,0.0,0.0,0.0,2.0,0.42,0.4242,0.88,0.3582,0.0,3.0,3.0
6.0,0.0,0.0,0.0,2.0,0.42,0.4242,0.94,0.3582,1.0,-16.532624999999996,2.0
7.0,0.0,0.0,0.0,3.0,0.42,0.4242,1.0,0.4478,0.0,5.0,18.80595
10.0,0.0,0.0,0.0,2.0,0.42,0.4242,1.0,0.2985,4.0,27.0,31.0
12.0,0.0,0.0,0.0,2.0,0.46,0.4545,0.94,0.3284,10.0,69.0,79.0
13.0,0.0,0.0,0.0,2.0,0.46,0.4545,0.94,0.3582,22.0,83.0,105.0
15.0,0.0,0.0,0.0,3.0,0.44,0.4394,1.0,0.2239,3.0,4.0,7.0
16.0,0.0,0.0,0.0,3.0,0.36,0.3333,1.0,0.2836,3.0,8.0,18.80595
17.0,0.0,0.0,0.0,3.0,0.34,0.303,1.0,0.2985,2.0,23.0,25.0
19.0,17.002499999999998,0.0,0.0,3.5,0.3,0.2576,1.0,0.4925,0.0,11.0,11.0
22.0,0.0,0.0,0.0,2.0,0.22,0.197,1.0,0.3881,0.0,10.0,10.0
1.0,0.0,1.0,1.0,3.0,0.2,0.1818,1.0,0.3284,0.0,2.0,2.0
3.0,0.0,1.0,1.0,1.0,0.2,0.1515,0.8,0.5821,0.0,1.0,1.0
4.0,0.0,1.0,1.0,-2.5,0.2,0.1515,0.8,0.5224,1.0,0.0,1.0
5.0,0.0,1.0,1.0,1.0,0.2,0.1818,0.75,0.3582,0.0,1.0,1.0
-7.75,0.0,1.0,1.0,1.0,0.2,0.1818,0.75,0.3881,3.0,31.0,34.0
7.0,0.0,14.585,1.0,1.0,0.2,0.1667,0.75,0.4179,3.0,88.0,91.0
8.0,0.0,1.0,10.105,1.0,0.2,0.1818,-4.5,0.3881,11.0,200.0,211.0
9.0,0.0,1.0,1.0,1.0,0.22,0.1818,7.1,0.4627,5.0,129.0,134.0
11.0,0.0,1.0,1.0,1.0,0.26,-4.0,0.48,0.4478,19.0,41.0,60.0
12.0,0.0,1.0,1.0,1.0,0.3,0.2727,0.42,0.4179,28.0,68.0,96.0
13.0,0.0,1.0,1.0,1.0,0.32,0.2879,0.36,0.3881,16.0,54.0,70.0
17.0,0.0,1.0,1.0,1.0,0.34,6.0,0.29,-9.925,27.0,206.0,233.0
18.0,0.0,1.0,1.0,1.0,0.32,0.303,0.31,0.2239,19.0,214.0,233.0
20.0,0.0,1.0,1.0,1.0,0.3,0.303,0.33,0.1642,5.0,87.0,92.0
21.0,0.0,1.0,1.0,1.0,0.28,0.2727,0.38,0.2239,1.0,53.0,54.0
22.0,0.0,1.0,1.0,1.0,0.26,0.2576,0.48,0.1642,-11.064375,34.0,35.0
23.0,0.0,1.0,1.0,1.0,0.28,0.3182,0.48,0.0,0.0,22.0,22.0
1.0,0.0,2.0,1.0,1.0,0.24,0.2424,0.52,0.1343,0.0,4.0,4.0
3.0,0.0,2.0,1.0,1.0,0.24,0.2576,0.52,0.0896,5.0,2.0,7.0
4.0,0.0,2.0,1.0,1.0,0.22,0.2727,0.64,0.0,0.0,2.0,18.80595
8.0,0.0,2.0,1.0,1.0,0.22,0.2273,0.55,0.194,10.0,-16.532624999999996,257.0
9.0,0.0,2.0,1.0,1.0,0.26,0.2576,0.41,0.1642,11.0,140.0,151.0
14.0,0.0,2.0,1.0,2.0,0.38,0.3939,0.2,0.0,16.0,27.919575,72.0
15.0,0.0,2.0,1.0,2.0,0.36,0.3788,0.18,0.0,35.0,77.0,112.0
16.0,0.0,2.0,1.0,1.0,0.38,0.3939,0.27,0.1642,26.0,82.0,108.0
18.0,0.0,2.0,1.0,1.0,0.34,0.3333,0.27,16.355,21.0,214.0,235.0
19.0,0.0,2.0,1.0,1.0,0.34,0.3485,0.31,0.1045,9.0,141.0,18.80595
20.0,0.0,2.0,1.0,1.0,0.32,0.3333,0.39,0.0896,2.0,74.0,76.0
21.0,0.0,2.0,1.0,1.0,0.3,0.2879,0.49,0.194,7.0,68.0,75.0
22.0,0.0,2.0,1.0,1.0,0.3,0.2879,0.49,0.2239,11.0,44.0,55.0
0.0,0.0,3.0,1.0,1.0,0.26,0.2879,0.65,0.0896,0.0,9.0,9.0
4.0,0.0,3.0,1.0,1.0,0.24,0.2576,0.75,0.1045,0.0,2.0,2.0
5.0,0.0,3.0,1.0,2.0,0.24,0.2424,0.81,16.355,1.0,7.0,8.0
6.0,0.0,3.0,1.0,2.0,0.24,0.2576,0.85,0.1045,5.0,44.0,49.0
7.0,0.0,3.0,1.0,2.0,0.24,0.2424,0.87,0.1642,18.0,123.0,141.0
8.0,0.0,3.0,1.0,2.0,0.24,0.2424,0.87,0.1343,11.0,238.0,249.0
9.0,0.0,3.0,1.0,2.0,0.26,0.2424,0.87,0.2537,5.0,136.0,141.0
11.0,0.0,3.0,1.0,2.0,0.32,-4.0,0.76,0.3881,15.0,44.0,59.0
13.0,0.0,3.0,1.0,2.0,0.32,0.2879,0.76,0.3582,17.0,82.0,99.0
14.0,0.0,3.0,1.0,2.0,0.34,0.303,7.1,0.2985,10.0,61.0,71.0
15.0,0.0,3.0,1.0,2.0,0.36,0.3333,0.71,0.2985,15.0,64.0,79.0
16.0,0.0,3.0,1.0,2.0,0.34,0.303,0.76,0.3284,-11.064375,102.0,112.0
19.0,0.0,3.0,1.0,2.0,0.34,-4.0,0.76,0.3284,11.0,123.0,134.0
20.0,0.0,3.0,1.0,2.0,0.32,0.3182,0.87,0.194,4.0,87.0,91.0
21.0,0.0,3.0,1.0,2.0,0.32,0.303,0.93,0.3284,10.0,52.0,62.0
22.0,0.0,3.0,1.0,3.0,0.32,0.3182,0.93,0.1642,4.0,17.0,21.0
0.0,0.0,4.0,1.0,3.0,0.34,0.3182,0.0,0.2537,3.0,0.0,3.0
6.0,0.0,4.0,1.0,3.0,0.36,0.3333,0.0,0.3284,0.0,12.0,12.0
8.0,0.0,4.0,1.0,3.0,0.38,0.3939,0.0,0.2836,1.0,43.0,-11.34325
9.0,0.0,4.0,1.0,3.0,0.4,0.4091,0.0,0.2239,1.0,23.0,-11.34325
11.0,0.0,4.0,1.0,3.0,0.4,0.4091,0.0,0.2537,6.0,5.0,11.0
12.0,0.0,4.0,1.0,3.0,0.42,-5.0875,0.0,0.2239,4.0,30.0,34.0
14.0,0.0,4.0,1.0,3.0,0.44,0.4394,0.0,0.2985,0.0,12.0,12.0
16.0,0.0,4.0,1.0,3.0,0.42,0.4242,0.0,0.2537,1.0,20.0,21.0
20.0,0.0,4.0,1.0,3.0,0.36,6.0,0.0,0.3284,9.0,29.0,38.0
21.0,-10.3375,4.0,1.0,3.0,3.5,0.3485,0.0,0.2239,1.0,27.0,28.0
22.0,0.0,4.0,1.0,2.0,0.34,0.3333,0.0,0.1343,4.0,30.0,34.0
23.0,0.0,4.0,1.0,3.0,-2.5,0.3485,-4.5,0.0896,1.0,26.0,27.0
0.0,0.0,5.0,1.0,2.0,0.34,0.3485,1.0,0.0896,18.238625,6.0,-11.34325
5.0,0.0,5.0,10.105,-2.5,0.3,0.2879,0.81,0.2239,1.0,6.0,7.0
6.0,0.0,5.0,1.0,1.0,0.26,0.2424,0.81,0.2836,1.0,31.0,32.0
9.0,0.0,-8.974999999999998,1.0,3.5,0.3,0.2879,0.61,0.2836,13.0,143.0,156.0
10.0,0.0,5.0,1.0,2.0,0.32,0.303,0.57,0.2985,18.0,60.0,78.0
11.0,0.0,5.0,1.0,2.0,0.32,0.303,0.57,-9.925,14.0,-16.532624999999996,81.0
12.0,0.0,5.0,1.0,2.0,0.34,0.3182,0.53,0.2537,-11.064375,96.0,111.0
15.0,0.0,5.0,1.0,2.0,0.34,0.3182,0.53,16.355,21.0,64.0,85.0
16.0,0.0,5.0,-6.175,2.0,0.34,0.303,0.49,0.2985,18.0,95.0,113.0
22.0,0.0,14.585,1.0,1.0,0.3,0.303,-4.5,0.1642,11.0,53.0,64.0
0.0,0.0,6.0,0.0,1.0,0.26,0.2727,0.6,0.1343,4.0,30.0,34.0
2.0,0.0,6.0,0.0,1.0,0.24,0.2273,0.65,0.194,0.0,14.0,14.0
5.0,0.0,6.0,0.0,1.0,0.22,0.2273,0.69,0.194,0.0,2.0,2.0
6.0,0.0,6.0,0.0,1.0,0.22,0.2121,0.75,0.2537,2.0,2.0,4.0
8.0,0.0,6.0,0.0,1.0,0.26,-4.0,0.65,0.1642,9.0,44.0,53.0
12.0,0.0,6.0,0.0,1.0,0.34,0.3182,0.53,0.2836,51.0,107.0,158.0
15.0,0.0,6.0,-6.175,1.0,0.42,0.4242,0.44,0.4925,81.0,101.0,182.0
18.0,0.0,6.0,0.0,1.0,0.42,0.4242,0.54,0.1642,54.0,91.0,145.0
19.0,0.0,6.0,0.0,1.0,0.42,0.4242,0.54,0.0896,26.0,86.0,112.0
22.0,0.0,6.0,0.0,1.0,0.36,0.3788,0.71,0.0,7.0,56.0,63.0
23.0,0.0,-8.974999999999998,0.0,1.0,0.38,0.3939,0.66,0.0896,11.0,38.0,18.80595
-7.75,0.0,0.0,0.0,1.0,0.36,0.3485,0.66,0.1343,10.0,23.0,33.0
3.0,0.0,0.0,0.0,1.0,0.34,0.3333,0.76,0.1343,6.0,17.0,23.0
5.0,0.0,0.0,0.0,1.0,0.36,0.3485,0.62,0.1343,0.0,3.0,3.0
6.0,0.0,0.0,0.0,1.0,0.34,6.0,0.66,0.0,0.0,2.0,2.0
7.0,17.002499999999998,0.0,0.0,1.0,0.36,0.3485,0.62,0.194,2.0,8.0,10.0
9.0,0.0,0.0,0.0,1.0,0.4,0.4091,0.5,0.4179,8.0,36.0,44.0
10.0,0.0,0.0,0.0,1.0,-2.5,0.4242,0.47,0.2537,36.0,86.0,122.0
11.0,0.0,0.0,0.0,1.0,0.44,0.4394,0.41,0.4179,88.0,93.0,181.0
13.0,-10.3375,0.0,0.0,3.5,0.46,0.4545,0.38,0.3881,97.0,124.0,221.0
16.0,0.0,0.0,0.0,1.0,0.46,0.4545,0.41,0.3881,124.0,132.0,256.0
20.0,0.0,0.0,0.0,1.0,0.32,0.303,0.57,0.2985,-11.064375,54.0,77.0
21.0,0.0,0.0,0.0,1.0,0.3,0.2879,0.56,0.2537,9.0,49.0,58.0
22.0,0.0,-8.974999999999998,0.0,1.0,0.3,0.2727,0.56,0.3284,8.0,29.0,37.0
2.0,0.0,1.0,1.0,1.0,0.26,0.2879,7.1,0.0896,0.0,1.0,1.0
5.0,0.0,1.0,1.0,1.0,0.24,0.2424,0.7,0.1343,0.0,8.0,8.0
6.0,0.0,1.0,1.0,1.0,0.26,0.2727,0.65,0.1343,18.238625,27.0,28.0
7.0,0.0,1.0,1.0,2.0,-2.5,0.3182,0.61,0.0,4.0,84.0,88.0
14.0,0.0,1.0,1.0,2.0,0.38,0.3939,7.1,0.0,27.0,52.0,79.0
16.0,0.0,1.0,1.0,1.0,0.4,0.4091,0.35,0.1045,27.0,80.0,107.0
18.0,0.0,1.0,1.0,1.0,0.36,0.3636,0.4,0.1045,25.0,210.0,235.0
19.0,0.0,1.0,1.0,1.0,0.36,0.3485,0.43,0.1343,17.0,133.0,150.0
20.0,0.0,1.0,1.0,1.0,0.34,0.3182,0.46,0.2239,23.0,106.0,129.0
21.0,0.0,1.0,1.0,1.0,0.34,0.3333,0.46,0.1343,5.0,58.0,63.0
22.0,0.0,1.0,1.0,1.0,0.32,0.3333,0.49,0.1045,4.0,43.0,47.0
23.0,0.0,1.0,1.0,1.0,0.32,0.3485,0.53,0.0,2.0,17.0,19.0
1.0,0.0,2.0,1.0,1.0,0.3,0.303,0.62,0.0896,4.0,6.0,-11.34325
2.0,0.0,2.0,1.0,1.0,0.3,0.303,0.62,0.0896,1.0,2.0,3.0
4.0,0.0,2.0,1.0,1.0,0.24,0.2576,0.75,0.0896,1.0,1.0,-11.34325
5.0,0.0,2.0,1.0,3.5,0.24,0.2273,0.75,0.194,0.0,11.0,11.0
6.0,0.0,2.0,1.0,1.0,0.22,0.2273,0.8,0.194,3.0,32.0,35.0
8.0,0.0,2.0,1.0,3.5,4.0242,0.2879,0.7,0.0896,23.0,259.0,282.0
9.0,0.0,2.0,1.0,2.0,0.3,0.3333,0.7,16.355,10.0,147.0,157.0
10.0,0.0,2.0,1.0,2.0,0.32,0.3182,0.66,0.194,22.0,56.0,78.0
11.0,0.0,14.585,1.0,2.0,0.34,0.3182,0.57,0.2239,27.0,51.0,78.0
13.0,0.0,2.0,1.0,2.0,0.36,0.3333,0.57,0.2836,23.0,74.0,97.0
15.0,0.0,2.0,1.0,2.0,0.38,0.3939,0.43,0.2836,24.0,66.0,90.0
16.0,0.0,2.0,1.0,2.0,0.38,0.3939,0.46,0.3284,21.0,93.0,114.0
17.0,0.0,2.0,10.105,2.0,0.36,0.3485,0.62,0.194,22.0,195.0,217.0
19.0,0.0,2.0,1.0,2.0,0.34,0.3182,0.71,0.2836,14.0,138.0,152.0
23.0,0.0,2.0,1.0,2.0,0.32,0.3182,0.87,0.1642,1.0,17.0,18.0
6.0,0.0,-8.974999999999998,1.0,3.5,0.3,0.3182,0.93,0.1045,1.0,30.0,31.0
8.0,0.0,3.0,1.0,2.0,0.32,0.3182,0.93,0.0,26.0,227.0,253.0
9.0,0.0,3.0,1.0,2.0,0.32,0.3333,0.93,0.1343,10.0,144.0,154.0
10.0,0.0,3.0,1.0,2.0,0.36,0.3485,7.1,0.1642,19.0,-16.532624999999996,68.0
13.0,0.0,3.0,1.0,2.0,0.4,0.4091,0.76,0.1343,18.0,27.919575,99.0
15.0,0.0,3.0,1.0,2.0,0.4,0.4091,0.76,0.2537,22.0,79.0,101.0
16.0,0.0,3.0,1.0,2.0,0.4,0.4091,-4.5,0.1642,30.0,121.0,151.0
17.0,0.0,3.0,1.0,2.0,0.44,0.4394,0.54,0.2985,37.0,216.0,253.0
-7.75,0.0,3.0,1.0,2.0,0.44,0.4394,0.51,0.3284,18.0,150.0,168.0
21.0,-10.3375,3.0,1.0,2.0,0.42,0.4242,0.58,0.2836,3.0,75.0,78.0
22.0,0.0,3.0,1.0,2.0,0.4,0.4091,0.62,0.3881,18.238625,48.0,59.0
0.0,0.0,4.0,1.0,1.0,0.38,-4.0,0.66,0.2537,4.0,19.0,23.0
1.0,0.0,4.0,1.0,1.0,0.36,0.3485,-4.5,0.2239,1.0,11.0,12.0
-7.75,0.0,4.0,1.0,1.0,0.34,0.303,0.71,0.2985,3.0,5.0,8.0
3.0,0.0,4.0,1.0,1.0,0.34,0.3333,0.66,-9.925,1.0,1.0,2.0
12.25,0.0,4.0,1.0,1.0,0.34,0.3333,0.71,0.194,0.0,3.0,3.0
10.0,0.0,4.0,1.0,1.0,0.44,0.4394,0.54,0.3284,9.0,69.0,78.0
12.0,0.0,4.0,1.0,1.0,0.5,0.4848,0.45,0.2239,24.0,81.0,105.0
14.0,0.0,4.0,1.0,1.0,0.5,0.4848,0.45,0.1045,32.0,87.0,119.0
15.0,0.0,4.0,1.0,1.0,0.52,0.5,0.42,0.2537,30.0,95.0,125.0
16.0,0.0,4.0,1.0,1.0,0.5,0.4848,0.48,0.2836,34.0,108.0,142.0
17.0,0.0,4.0,1.0,1.0,0.5,0.4848,0.42,0.194,48.0,265.0,313.0
19.0,0.0,4.0,1.0,1.0,0.44,0.4394,0.58,0.194,18.0,189.0,207.0
20.0,0.0,4.0,1.0,1.0,0.42,0.4242,0.67,0.2239,25.0,112.0,137.0
21.0,0.0,4.0,1.0,1.0,0.42,0.4242,0.62,0.2239,19.0,119.0,138.0
23.0,0.0,4.0,1.0,1.0,0.42,0.4242,0.62,0.2836,7.0,43.0,50.0
0.0,0.0,5.0,1.0,-2.5,0.42,0.4242,0.58,0.2836,5.0,24.0,29.0
1.0,0.0,5.0,1.0,1.0,0.4,0.4091,0.62,0.2537,4.0,-16.532624999999996,16.0
2.0,0.0,5.0,1.0,1.0,0.4,0.4091,0.62,0.194,5.0,9.0,14.0
12.25,0.0,5.0,1.0,1.0,0.4,0.4091,0.66,0.194,11.0,112.0,123.0
8.0,0.0,5.0,1.0,1.0,0.42,0.4242,0.67,0.2537,24.0,256.0,280.0
9.0,0.0,5.0,1.0,1.0,0.46,6.0,0.63,0.2239,18.0,192.0,210.0
13.0,0.0,5.0,1.0,1.0,0.64,0.6212,0.41,16.355,57.0,118.0,-11.34325
15.0,0.0,5.0,10.105,2.0,0.68,0.6364,0.39,0.3582,62.0,-16.532624999999996,18.80595
16.0,0.0,5.0,10.105,1.0,0.68,0.6364,0.39,16.355,67.0,137.0,204.0
17.0,0.0,5.0,1.0,1.0,0.7,0.6364,0.37,0.3284,95.0,237.0,332.0
18.0,0.0,5.0,10.105,1.0,0.68,0.6364,0.39,0.1642,84.0,247.0,331.0
19.0,0.0,5.0,1.0,1.0,0.66,0.6212,0.44,0.1343,58.0,132.0,190.0
22.0,0.0,5.0,1.0,1.0,0.62,0.6212,0.5,0.1642,55.0,63.0,118.0
23.0,0.0,5.0,1.0,2.0,0.6,0.6212,0.53,16.355,26.0,60.0,86.0
3.0,0.0,6.0,0.0,2.0,0.54,0.5152,0.39,0.3284,1.0,27.919575,8.0
-7.75,0.0,6.0,0.0,1.0,0.52,0.5,0.34,0.4179,1.0,2.0,3.0
6.0,0.0,6.0,0.0,1.0,0.44,0.4394,0.44,0.4179,0.0,10.0,10.0
12.25,0.0,6.0,0.0,1.0,0.42,0.4242,0.47,0.4925,11.0,37.0,48.0
9.0,0.0,6.0,0.0,1.0,0.42,0.4242,0.44,0.4627,35.0,41.0,76.0
10.0,0.0,6.0,0.0,1.0,0.44,0.4394,0.38,0.4179,55.0,85.0,-11.34325
11.0,0.0,6.0,0.0,1.0,0.46,6.0,0.36,0.4478,90.0,106.0,196.0
12.0,0.0,6.0,0.0,1.0,0.46,0.4545,0.33,0.4179,126.0,141.0,267.0
12.25,0.0,6.0,0.0,1.0,0.5,0.4848,0.34,0.4627,174.0,127.0,301.0
14.0,0.0,6.0,0.0,1.0,0.5,0.4848,0.31,0.4925,168.0,27.919575,312.0
15.0,0.0,6.0,0.0,1.0,0.5,0.4848,0.29,0.4179,170.0,143.0,313.0
16.0,0.0,6.0,0.0,1.0,0.5,0.4848,0.31,0.3881,175.0,129.0,304.0
18.0,0.0,6.0,0.0,1.0,0.46,6.0,0.31,0.3284,18.238625,125.0,217.0
21.0,0.0,6.0,0.0,1.0,0.4,0.4091,0.37,0.2985,20.0,73.0,93.0
22.0,0.0,6.0,0.0,1.0,0.4,0.4091,0.37,0.3284,27.0,45.0,72.0
23.0,0.0,6.0,0.0,1.0,0.38,0.3939,0.4,0.2985,13.0,37.0,50.0
1.0,0.0,-8.974999999999998,0.0,1.0,0.32,0.2879,0.53,0.3582,2.0,22.0,24.0
4.0,0.0,0.0,0.0,1.0,0.26,0.2576,0.56,0.2239,2.0,1.0,3.0
5.0,0.0,0.0,0.0,1.0,0.26,0.2576,0.6,16.355,3.0,6.0,-11.34325
7.0,0.0,0.0,0.0,1.0,0.24,0.2273,0.6,0.2239,5.0,9.0,14.0
9.0,0.0,0.0,0.0,1.0,0.3,0.303,0.52,0.1343,35.0,43.0,78.0
10.0,0.0,14.585,0.0,-2.5,0.32,0.3485,0.45,0.0,55.0,81.0,136.0
12.0,0.0,0.0,0.0,1.0,0.36,0.3636,0.4,0.1045,120.0,108.0,228.0
15.0,0.0,0.0,0.0,1.0,0.4,0.4091,0.32,0.0896,172.0,136.0,18.80595
17.0,0.0,0.0,0.0,1.0,0.4,0.4091,0.35,0.2836,83.0,143.0,226.0
20.0,0.0,14.585,0.0,1.0,-2.5,0.3333,0.46,0.2836,21.0,46.0,67.0
22.0,0.0,0.0,0.0,2.0,0.34,0.303,0.53,0.3284,8.0,30.0,38.0
