x_coordinate,y_coordinate,z_coordinate
3.3541853808036217,2.3914728230035798,1.0663135589820645
3.3251356707186046,2.45042417923457,0.9523682268518905
3.4248954399165137,2.3533222323304526,0.87744755776262
3.556937289008129,2.410560409584391,0.4083193052428145
3.2346630735643678,2.403097573817339,0.33489319771606363
3.3751638446964627,0.9297991088381957,0.46782657299557845
3.54593513577957,2.2486072605442136,0.7156841270596085
3.646596033784344,2.41993544875242,0.9928007297044451
3.5297072257494175,0.8627680100327486,1.0693696751283466
3.2942141229648803,1.5769892921536752,1.1458715377550865
3.230192939806443,2.119041473401642,0.9791512863957451
3.1923379361550017,2.369722725120825,0.8977342053722697
3.088981733291285,2.3738655276446305,0.8171519144772332
3.184345169621706,2.226871484621353,0.7162380941666844
3.6173728295249306,2.0530253961857543,0.705667877064351
4.016478255797468,1.9727412461424405,0.8085038374110609
3.3356841963721027,2.0349611970953094,0.9616840223632983
3.3250470061758968,2.1751837865272656,1.0469455032336714
3.8248670766633603,2.262342768441713,0.9712585147170025
3.653001663715057,2.213115478247221,0.8322730501839141
3.464590148140588,2.0611666485311866,0.7774254698268811
3.284954717869245,1.9109463385240226,0.7257475967636153
3.125904608542577,1.8412342945335893,0.6232432416347801
3.0012659877866987,1.862361634340305,0.6786382181265833
2.9244741523767974,1.9418842807140673,0.7570061313107884
2.9034287542733983,2.044178272428162,0.3989738178548383
2.934091826903173,2.1471989187718106,0.7372544465676173
2.9945653636264593,2.226861509969385,0.029976863712799916
2.9681835443126103,2.1158281939588024,0.0438747715333362
2.7394549251190323,1.8857824274892852,0.19171426445328307
2.9197061623516607,1.5497957707417438,0.7327446365384601
2.856699578627117,2.3662299691407576,0.5785503482884372
2.643709046224146,2.522912549111316,0.6990514894587534
2.406709083521502,1.5466951447853357,0.9144665727663056
2.3148418210141664,1.5852222484996519,0.86927744455157
2.4307152481054195,1.3946347916637225,0.6132353013447075
2.0704363239301253,1.4713231877619335,0.3991673746156291
1.9440919921388882,1.6084111544419892,0.40542021272866313
2.271066666498378,1.4266196093146404,0.6795125942809056
2.109739015534972,1.7486844628011873,1.0631028333843648
2.204998928235238,1.481608189661504,1.2459832097048826
2.133919835752774,1.6857506658550183,1.0540907641839679
1.9925821781129325,1.6660349706028015,0.6401689409623058
2.1799600116150657,1.5361711331749452,0.2788769675737949
2.2062625851934334,1.7068860530853274,0.12782381250762523
2.377760352771328,1.2951399273745077,0.7028646092778413
2.415636839544065,1.3111636751416602,0.07016330894833427
2.34069978093771,1.5687987905269323,0.6994796831478998
2.252691368295741,1.7180232183094502,0.5174447449600349
2.1740600150250042,1.343179139972137,0.7544173877794532
2.208001081043198,0.8724462330825912,0.5584157820460518
2.3559403837943638,1.596288634543857,0.37609208177735254
2.1457341594137582,0.5640999502530708,0.5686936124925253
2.0538180905186882,0.5793404634714919,0.7500599034950143
2.0840433691699585,0.7765988288003534,0.5427713156778904
2.1395915174184403,1.1210318249353466,0.2072520082787348
2.2101537492924415,1.3495224758394662,0.043891921359845175
2.289927497000625,1.2713899453689255,0.02047267545064535
2.3735371504553746,1.079798014928134,0.07185457501485584
2.4563898378781643,1.033533486398334,0.20803603991193
2.5348433565960016,1.141684847501935,0.39446867628390575
2.6057838753337985,1.0311046838760376,0.4882897920852216
2.6593628903494375,1.2808415399638193,0.3949806049481864
2.6432957915231983,1.3502971400302646,0.2123554335840252
2.487403824608076,0.9957157748195448,0.0965788648529462
2.4124290848408276,1.157568413254092,0.11381630916103642
2.2778836809881406,1.0611778169831818,0.26139712637512774
2.2608596229210534,0.9136611321574704,0.46516269836722723
2.3017793713439114,0.8808560047758743,0.5657463578462397
2.7695299140928658,1.007731812498274,0.47674597198780533
2.8566489913047106,1.1988959504691679,0.34459839979733264
2.3459865917953167,1.2534536949401607,0.3780376785098651
2.8579381740058776,1.2271682081607822,0.4413484963387151
2.859043076290964,1.2126512965010967,0.3109897096631664
2.2612935496241455,1.1945627417185798,0.344294048888026
2.381374435644465,0.1369108779076939,0.10756785509479662
2.440607312401506,1.2332610873831071,0.3238186569264665
2.208317356914189,0.03574340369181682,0.27321146910111316
2.305758573982472,0.0320090274412092,0.4341194686044159
2.751485997535722,1.1936867461410672,0.30687163987216304
2.3133013053960743,1.3546167221634327,0.41057321898558097
2.254937324459106,1.0300350977026709,0.6330188451140204
2.2559201457590174,1.0406142602501494,0.4971222009514258
2.2848048498725024,1.066467512557401,0.2871557797413924
2.9865964457251293,1.0777809944581809,0.28619909418181677
3.014388569052608,1.1883445425523431,0.4609441406690958
2.991436028447911,1.178227072203876,0.5703471346437624
2.321875694877311,1.0962363440240122,0.39967444606525704
2.975308971009014,1.1114198920763696,0.14836986967973873
2.4432902336120605,1.1990993681828062,0.04414523947339407
2.949277509948221,1.1602660868532724,0.175907286539496
2.908212778313619,1.0599023813930832,0.3925349784951685
2.8381892464526706,1.2741289078954052,0.2566034261112047
2.3924376964566973,1.405427484840647,0.39875715050286
2.7043521275321702,1.3447823981184992,0.2086895050128318
2.641269523140352,1.2206066615485216,0.2726349087035877
2.5506560689297544,1.070025086208785,0.4187445817515023
2.4519175658411374,0.9138112812620821,0.5422002761691181
2.3460597818790947,0.7760075852243429,0.5909840203503647
2.2351493492498005,0.807199305922107,0.5422469427939691
2.201308748769779,1.1104265454475395,0.4188169706088656
2.37348131403245,0.7554964563301798,0.2730453103769649
2.3995324941147667,0.684401190592949,0.2165773318950392
2.311671684456728,0.802297802473375,0.37262876220530927
2.3795659642657956,0.9606243212305695,0.44951685487863696
2.254659099493365,1.1304803538205277,0.0094412466659526
2.398036401749269,1.2815122871025324,0.002802170403932118
2.6041279670991297,1.3846489355366765,0.0089742623059851
2.680531338565007,1.4184979883014257,0.07275286153298087
2.572131800764851,1.3745183894653845,0.2646837879815453
2.4212891230041476,1.2609145189188482,0.4072534622286452
2.3440834742564123,1.1115769130148825,0.2646664225104078
2.3429150384442003,1.0055547568270313,0.07264523498651576
2.372904036755511,1.0468226546421908,0.008421517707832992
2.4240990264840288,1.2169313953267142,0.00045965416918220697
2.4750195881917447,1.288083105005453,0.006856825982170335
2.4603350018007184,1.1250233435881272,0.530195662046638
2.3777500911474485,0.9449797605338042,0.3667860821696419
2.182753927667521,1.002408851203722,0.13580732229005107
2.4076033509758603,1.2504234708882882,0.009559363536443412
1.5123965400877708,1.2249848416735825,0.3298147320747375
0.8758137272566591,1.3982449607410679,0.2900079841746657
2.3773673415224295,1.0588570767418264,0.5206573727909874
2.4946233595490868,0.6494340105031284,0.29000157043736513
0.9395096133175515,0.38928784452802967,0.050113515335154804
2.3310516636842906,0.31568506032887256,0.0026966701255545485
2.4483770881559512,1.181200413598766,0.34504256155721996
2.494680803528085,1.1583711036142244,0.04621862645081696
2.4120790726567063,1.0346767530613725,0.3472964532932293
2.358546349620532,0.9662520863625143,0.08350151524005281
2.4435101161789747,1.0541332492221767,0.25125173299517023
2.4214334133069264,1.2358698382388191,0.4740980490036899
2.3100848869152237,0.9847952504063775,0.2511976143076172
2.170069077747641,1.1307034597680714,0.0431069467242411
2.081914833871106,1.1551652227843419,0.0679854710500484
2.11574083810916,1.3311745612653352,0.28591466679319394
2.2762933163447507,1.1930413371353064,0.4661068875677846
2.470330757029505,1.1532832195981126,0.2992728230929397
2.558257362341371,1.0484215425196326,0.14494493398071678
2.468013043381694,1.4070467548621637,0.2333134765896891
2.258852552860557,1.2095563869027735,0.324520483000589
2.3106422424316397,1.1403533859076103,0.2274321305191091
1.9866528008719369,0.9874004252506777,0.4587339372783917
2.0384563230417454,1.1957374744992453,0.02398745228427346
2.1770914826760026,1.2578568496815872,0.09007042163101266
2.3458929258572003,1.1263211154786406,0.31729904910127305
2.394878341320912,1.010771549271414,0.4847123113537346
2.266785037378714,1.1146571015840225,0.317271054839024
2.2480616594719076,1.1654862581348862,0.08897809967775076
2.582655655509362,0.8397529756755371,0.03372113820119369
2.4633541684571685,1.1769928015593802,0.40032720601138366
2.233120514297963,1.3050095719882258,0.19267325384919637
2.4448072363670073,1.2229804572796785,0.35726718387675643
2.5247561074426614,0.18574950973860171,0.18402849206588454
2.597257610214026,1.229073222259795,0.35968069762373206
2.312275842843475,1.2412833159217496,0.34866717084631965
2.0354466977630454,1.2280495816576582,0.0033811295634908044
2.416042747015471,1.2481720478774654,1.407197106781209e-05
2.3319817895750425,0.3428969449085178,0.3707302670262369
1.2972855215640386,1.2316532135009768,0.014477566787442216
2.3236912975026183,0.7620325587637005,0.1647054320181766
1.123227937620215,1.0137034136783787,0.4504753213292625
0.9186812616548661,1.235627057643667,0.46730223426851525
0.8250083100227636,1.162718671694903,0.461307508155351
2.380607219403014,0.9618889616235908,0.3598835251340292
2.525563573605293,0.8872533713698403,0.24800286263810617
2.2017950371486283,1.0096333035136902,0.29662174330560276
2.407720697113195,1.2163774008701675,0.37107246569260954
1.587100024569038,1.315244468972259,0.35486016017201727
2.488738491169643,1.1547806084448222,0.41615418557729184
2.3987869864467988,1.3591537523258646,0.4898322630243254
2.507409979620811,1.3014008679283664,0.32685271000995236
2.4076009065750115,1.4154721610921326,0.14253272145372678
2.3003465369527336,1.3099845998963142,0.14139194572268743
2.289208922427728,1.0600576792257057,0.2539136768360357
1.5524783516835348,1.0183782338752148,0.37917121985052155
2.307064804683126,1.123527098398149,0.4337785232538691
0.9369773723589182,1.142112584352395,0.37915191188890485
0.9240066037712228,1.1613606741194322,0.25321167703002867
1.0276090364733883,1.2574211215690634,0.12934561485455368
2.424197169821144,1.3314957270449963,0.3466046452522278
2.4578229975999757,0.6872931956828406,0.024494738115180915
2.2521414588592514,1.2446526279574668,0.07623855068000299
1.9864016346554234,1.0764898883883736,0.29036110915569646
2.2217011499681787,0.8412122196063748,0.5145611792629828
2.4109868349935795,1.0819360592874678,0.4994518165795444
2.4018717869213164,1.254187937017,0.489998896274877
2.5901374551670577,0.4057696250998518,0.5936662070581802
2.566672610038702,0.4070967324040049,0.652255095845114
2.4716097166178126,1.2428035747112363,0.6050304324232055
2.347176627663313,1.2371218264986068,0.45105164296582007
2.4123193107031073,1.3023666700543728,0.348338383971026
2.4105416089506737,0.8524587231872681,0.41269556670664437
2.3306796838506827,1.4384952306037366,0.6329658976745081
2.497695658027329,1.0548131076243354,0.7726370870193352
2.4163297284534795,1.165429625048731,0.671239645911903
1.2799021059487035,1.3030659729855207,0.5184081905460445
1.2255032828668053,1.4358241187523866,0.5452761677674446
1.2884636695555631,1.5582525904074067,0.7019102570633317
1.438652950112258,1.655094086131569,0.7855980963217242
2.3827675558498864,1.6479486496925957,0.6853115684646262
2.3360945242383195,1.477437834715335,0.46034118144432046
2.3340630470454338,1.5210754744848711,0.4192599464543918
2.343131303787231,1.6738248376260543,0.9614495973392854
2.933051024825831,1.5430580537637004,0.9212181056791118
2.48963952064514,1.7303427619538674,0.9703380412371919
3.2922186709238206,1.4734843467397987,0.9886417620526513
2.6205937884689288,1.6268426896496913,0.22433495132832784
2.6577560586650195,1.6666725698100011,0.40695826296316245
2.6783619786740287,1.5883434042680535,0.6470440753243326
2.690878056586409,1.5462897689602582,0.9011322384118821
2.664455339067103,1.6077851447555336,1.0992665199371343
2.558402640624902,1.6332724116626447,1.1747480409008564
2.54618989683899,1.4399030746136172,1.1039352389895707
2.249601083546525,1.2187015840276325,0.9500443270812471
2.3645880566117565,1.3684729467826808,0.8521044744992717
2.375592517285314,1.100342463354239,0.754943836692003
2.131363050527829,1.258432072584813,0.5617900151971142
2.2324094051242875,1.4857005228540512,0.8114459759950808
2.267559341535091,1.3059337925669787,1.005206723517623
2.1166734454072023,1.2232844401555454,0.7584098342249201
1.9358694994553336,1.9569666148694242,1.0021537304991732
1.7897659104220278,1.6857615870903686,1.114346535004069
1.7891560193185014,1.6192286871787014,1.114328358545295
1.9741952264728588,1.5579816676343905,1.1729516212453968
2.0251020992848936,1.6365480564622132,1.1322143715680106
1.6594152551010248,1.7473657635291955,0.7835369126943763
1.196001607097473,1.8588414573427137,0.7599999868282792
1.9018855567469894,1.9657571311380473,1.051358724080657
1.5476308734301596,2.0478396720216168,0.9103764163729773
1.374824069901506,1.969949462478145,0.7787936678984079
1.467090558135204,1.8303389565710804,0.8668045758096415
1.503283348888613,1.61403820040399,1.0156449219692696
2.1183363852665176,1.8048441929685861,1.1963836740404687
2.3653528772598773,1.8018827641996509,1.3469792390612543
2.37156430385909,1.9295178388835545,1.1144640445699816
2.2097889924067795,1.8695876629187356,1.3450527829259988
1.516841411590576,1.6927444271678485,0.8219867348652864
1.6083043849220044,1.8351166939602201,0.9605689310176208
1.5970795517249285,2.0663461472898748,0.7712843526448575
1.6585849099440748,2.1099347022280277,0.7994809807873088
1.0542459727661488,1.6878190563628301,0.9410590919500772
0.852416274524453,1.5483004783305925,0.8786820117389358
1.4447640488879439,1.5484611988067625,0.8875071170799621
1.9130452148978652,1.710100219292516,0.9666040910843857
1.5821646617401535,1.5832090316738985,0.9122053091601656
1.0733692055622985,1.4559942214908572,0.8165808497561282
1.043154913648734,1.3417426209851364,0.8689337403495875
2.13643528467646,1.5637978315745884,1.0991715721224296
2.3822406116509716,1.338848270081222,1.359809076172524
2.2467556159410327,1.4923127947873902,1.3882361023789296
2.6039223882517772,1.5603759028904034,0.9255335338735856
2.5580197979505113,1.422385799793077,0.9950872119613637
2.9256416393374134,1.2274033669383624,1.1931754187271992
2.901641555916896,1.1712169185193222,1.1054965785181003
2.819687845118163,1.2646047130674551,0.3480884885010531
3.145340919494629,1.4088447705289866,0.9082896311652312
2.7350913614342103,1.5127085073550568,0.20288946863694987
2.500678893515006,1.5194248040131857,0.011240312557521193
1.6582729115050108,1.0193216800689697,0.12681103287543838
2.9242341772847853,1.1981902456195583,0.3994866674898157
3.5448838752270326,0.9332434848177756,0.1258254467699644
4.1526447377578775,0.6704694046922388,0.003932015808867941
4.05059946642684,1.0966312750411364,1.2717669427044664e-05
4.211368859701998,0.27531366990549333,5.7599597478040924e-08
4.343147733793928,1.0474436016954944,4.2773404279602335e-09
4.253829773538179,1.0400477324321824,2.9402896034417986e-10
3.783860319235443,0.4822323398464444,3.9351422476680013e-10
3.8404576932622927,0.7977690746037632,0.7256001235098349
4.375337548786225,0.4511339060809754,3.51296101021377e-07
4.432811627164046,0.09435550645874492,2.2145888610846675e-05
4.279546707185473,1.311392149637609,0.6260173025545454
4.05487631790833,0.1808718168179198,0.6045973738558583
3.785954488822859,0.6910615508556173,0.13764290788245584
3.512850184699764,1.1086753750879625,0.26408954907992116
3.4292614795199325,0.7433587467244945,0.6822389518284127
3.869671209580509,0.29803783500204095,0.6825746587407623
3.186381660789352,0.2685114484379625,0.5173293680300102
3.2129128667408353,0.7593649024856839,0.7597221805282024
3.9064919924092205,0.618645694919713,0.882253530037503
4.491674239960887,1.0849832103230521,0.7592923366568897
4.326391729316004,0.9703906256092434,0.4842674191562946
3.588153123350128,1.0755540709898472,0.22888749775635395
3.529206683994501,1.2478912288348438,0.08017140171848942
4.384450852059375,1.3752357379883928,0.020810258156665946
4.082948158483877,1.4420011122137717,0.004003096358157608
4.497379729108369,0.7702104872959799,0.0005706570747360737
4.266466753031191,1.4119693367939472,6.028578952226993e-05
3.9886999819818363,1.352664709966869,4.719710165880589e-06
4.03514182479103,1.2981682957143688,2.7398066701736074e-07
4.063493289849128,1.2742631815028975,3.669956252426562e-08
4.074141549906916,1.294316086302432,2.0513435788846332e-06
4.067899892843977,1.3565978591882915,8.562511918015512e-05
4.045965518238295,1.4445745707366637,0.0018137770210664662
4.009876231798559,1.5294844318828917,0.6467778546905587
3.9614660684331384,1.56635441195899,0.10630927577345815
3.90498117347931,1.4870029257813846,0.29415461896660444
4.164635915885988,1.2685094053603385,0.41297215712849317
4.094597538247979,1.052720745187405,0.29417549166324797
3.769951298961409,0.9891084888561348,0.10633279683450873
4.342491033184142,1.0299159581998836,0.024451326973848515
4.253683983269785,1.1314050588797453,0.3251621363146491
3.6339907994757805,1.276593393275393,0.29681186195496284
4.0551802677551105,1.2765821398162696,0.5972367038846605
4.1926523174150585,1.0014717207350894,0.3399102271353973
3.997216828635574,0.6786063595258817,0.16597624465548577
3.6993405968249093,0.6004946863346314,0.27827084890295173
3.8599672317507654,0.6927664052018572,0.640173131452308
3.730925637527968,0.7430069517053516,0.6018088441445012
3.917336075470923,0.7940444271015042,0.4043625264605708
4.040520893947566,0.8948195864478348,0.14040779097719078
3.9628024671681876,0.9488733317349782,0.0247641196628594
3.997729288845459,0.8985558652525244,0.4787466402259709
3.721800613076916,0.7766944953035477,0.3291831710033593
3.7405887082195175,0.5965399317695738,0.465503624153101
3.6956349629979206,0.3678710953956328,0.7633679759353079
3.8335311625839363,0.2344062502335515,0.3692474222308214
3.6407500085209605,0.7405125527974652,0.31442438747475693
3.61283825802819,0.7355812525687658,0.11680798192024595
3.683037262624822,0.966094711597212,0.468018667371217
3.756493366486687,0.7278975444565026,0.003433882533446475
3.8288024601828723,0.43928482949653036,0.4036889671095121
3.89814790888222,0.5876545277219004,0.11949361005562815
3.955162103666871,0.8224845739735187,0.433568529121253
3.9402936304915537,0.758204084233576,0.6662804692847638
3.759673810613289,0.18661166639109864,0.43364747627702405
3.6297392826379045,0.6398172615571551,0.11974288935459838
3.848712030267417,1.02006725495758,0.03725749659778214
4.099294212794979,0.5677624419793301,0.39653545758974856
4.080036566066129,0.9054862401061388,1.0180841869945982
3.9765208019321094,0.590625094553062,0.41548800560740734
4.111122080825162,0.24362029498012505,0.23168692387050283
4.166473979407928,0.26867715059633906,0.4618024491335902
3.968784209581204,0.34126900403565896,0.2675595849458752
3.804045419146397,0.6829092839887174,0.4012565327944118
3.9597912965097666,0.09706448884456147,0.7139947867440182
4.169282428185741,1.0004995923995776,0.4388612321016534
4.23317869940364,0.0027525767478745683,0.4139485646816305
4.234708483568799,0.004249158168189111,0.6535071796693485
4.229784868859297,0.057035416673058885,0.3138851254187366
4.225868701530543,0.37521827305327426,-0.24223379456860794
4.144971180267372,1.162431462588832,0.09010156383857588
3.909695159332482,1.6981618841502901,0.41806633191355164
4.157304177096261,1.5209931596709174,0.1286319580086388
4.249696507413255,1.6392767863835824,0.0037382045491875897
4.26257677557964,0.05742870070421415,1.0262511228757094e-05
4.27111897220377,0.004420967243943764,2.661461220152456e-09
3.986792802810668,0.14481510981595147,6.520224302853341e-14
4.2451858727856715,1.3827668915022608,1.5089707794215309e-19
4.196425429026734,0.1460765946024608,3.2990009612104475e-26
4.13922535227937,1.3787145082367211,3.1113002638691586e-26
4.10499035463923,1.3731933359596435,1.3203990264219763e-19
4.10995188149428,0.4228032671027342,1.0684946125969489e-05
4.136216848171013,1.3747275864859116,0.4629509682032821
4.151058187923603,1.4027132920499028,1.068505426297408e-05
4.1369470012433345,0.27883548089932875,1.0919109109918053e-08
4.096977562765755,1.69246825651629,2.0358625094860755e-06
4.041761272300467,1.5884906049464793,0.00014671699087189405
3.9797651800711336,1.4602116523246194,0.004086797363188708
4.318420365560743,0.4541960818836653,0.04400038990382654
3.858951645825477,1.1448628798821616,0.18310519767863156
3.817900509327854,0.9050181763593521,0.2945205122256594
4.225842475891113,1.05703245386971,0.1831053985207718
3.8624311386546144,1.1851623444486283,0.04400048643462091
4.3259816169789325,0.951453050050342,0.00409253556281602
4.05105741416869,1.2326822490859324,0.02337509791626206
4.082110387138041,1.0389118130701516,0.37049394580196493
4.027347919510654,1.369901658615086,0.023229307094389036
3.9127812712071464,1.4875856319104352,5.725225708533213e-06
3.8017477897130023,1.5065694869434676,1.3301780658588641e-09
3.7385043227088794,1.3793346830034374,6.567028197732014e-06
3.7287760607522777,1.23635379056929,0.0028624820812423817
3.7632384239552965,1.4681772435450982,0.1097010384816872
4.61887337139698,1.3905925750720791,0.3696347279999795
3.867847109973748,1.3673333706350344,0.10950372042670396
3.9231534535780264,1.5577739040093652,0.0028525941974348445
3.988375513746868,1.362851115337691,3.091434150785328e-05
4.055080500669384,1.292446922322682,0.000703322878837233
4.122093262458769,1.5541162718600412,0.009610878310013173
4.188365600961879,1.3885785316618233,0.06221698935440644
4.252957176993188,1.3437400091093759,0.1908068615533255
4.31503105955556,1.4167288540985372,0.27750808621222334
4.373848587583876,1.1268943396751754,0.20782085732867522
4.428762560964439,1.3493463136002157,0.2555883021687189
4.479143587214647,1.6730252306398157,0.4443154606607194
4.490827826852984,1.1123075232270483,0.1942252190969369
4.2925453581268656,1.5313688339860725,0.030674406212858853
4.556670497059732,1.3143329076612345,0.23769931321473547
4.561098825649627,0.9155976851080286,0.6158006238046001
4.365951089400818,0.8359330429815279,0.23769791075319407
3.9873102178303665,0.6879371368662499,0.013865717833002536
3.7680664860392223,0.5858105959413162,0.0177541941172964
4.274466526872204,0.5101658792242274,0.2500702475215446
4.0110873969976755,0.7472755468471277,0.6052149449473931
3.5145898391534223,0.7460847334695611,0.25002326096415967
4.033938899632132,0.2639963437753676,0.019398808097243623
3.8416226945310763,0.2769528763169377,0.7498821912190744
4.586310464692492,0.9689733224132098,0.0017711958564837506
4.5369031734405745,1.0341897892173912,0.7018241883853518
3.835345417246242,1.2668672579303313,2.8354057159890436e-06
1.8516553464393477,0.6224865398443915,2.322470397452955e-07
3.651997588044722,1.2942148571114256,0.020805067060606478
4.020111557767287,0.9646088611531868,0.9308996003906317
3.792856128712086,0.9502084163493673,0.9535730863937966
3.890229812832428,1.3573480844497683,0.0300623880314501
4.0356891537770005,1.2601780329789662,0.3805740685657386
4.0237816854743205,1.3788000390969617,0.8868382375459927
3.944927997148517,1.4555672191506723,0.3856755307975602
3.604742358103718,1.4794984300773004,0.10170948389148164
3.7600389910541625,1.2949618819589968,0.3364959898574663
3.662471115343467,0.8100765313471071,0.5648238849679281
3.5620509481928244,1.15837965316496,0.389923399605714
3.459222075887741,1.2701539110889444,0.463662255469423
3.3548286077087743,1.2896898913796595,0.8004642958743354
3.253446895240725,1.3938468906760955,0.5402513797929389
3.178521646954582,1.5556779208821085,0.4271230476048791
3.2012301089411954,1.6691324449471387,0.6949622273003666
3.4120736310753164,1.699304381570877,0.7587132787078926
3.3302357334568007,1.5477333075677921,1.4413014948545788
3.851568962980701,1.2892811424611985,1.5960377270805708
3.540436664411174,1.0351427984154338,1.46135030874231
3.145324198281281,1.655945201152192,1.1239920413435056
3.024646786598448,1.367047813685001,0.7393647980350101
2.7313443905640606,1.0285420769426614,0.44825241278612626
2.9811581572175228,1.1524602094294105,0.5930734151061067
3.306012829989107,1.2399013305499493,0.4678690816827702
3.0608979650096453,1.2345496654435903,0.7927342679466125
2.8913976401453647,1.2427684970709327,0.8256865758907945
3.0978153632111316,1.4316626616029904,0.9318765773347638
3.019728937676349,1.3717529605775234,1.094618156024046
3.0072271187488107,1.2229464273880628,1.158724404033986
3.106711603942624,1.0936986846126107,1.0940521959475296
3.1611507864837263,1.0445159879272166,0.921176173021727
3.137870216716388,1.1082390772740063,0.6916507309102842
3.035552711860337,1.2605716546782852,0.46310778739381386
2.874133161619735,1.417278617902715,0.8848615359551422
2.6958905201503103,1.478786962197407,0.1759337767623227
2.5597710320061746,1.398423587780604,0.5578082656951853
2.5149126388045273,1.2168646332234858,0.4730480660346269
2.650366306304932,1.3417254686356461,0.6724368382909887
2.596333355335794,0.9294651288642635,0.6010692904713437
2.5356186766772537,1.4383000907158305,0.7882841752401578
2.563573737679535,1.382353862582442,0.24767712550346246
2.787123118831957,1.2640151014946972,0.5263263353005898
2.5576247661634706,1.452479772750887,0.8553115861046877
2.542487410782759,1.63769072280843,1.0104857528693374
2.50679989524558,1.7801210924109179,0.8873449685389379
2.481308931688252,1.8584004202189028,0.7389147864836972
2.4098555147292218,1.837315632474226,0.7506718341897047
2.2899718690187427,1.3430273709840705,0.5454204644718211
1.6351277876690011,1.5264606641777607,0.5479705388930227
1.5068469480385245,1.4956349028994125,0.9854233964927416
1.5390072838440658,1.4943057580761026,0.7707283068551858
1.935292573155378,1.4614504899509233,0.7062315200259395
1.6561562682977118,1.549656744656909,0.5727843267635341
1.794400993495908,1.6733164912022565,0.7573955062297308
1.840985376694838,1.5027508281082445,0.2189106533973925
1.4149401488192164,1.3711473453283827,0.1771882736447205
0.8207891151544963,1.3953156294050761,0.5018348237761048
2.081105096683283,1.4756899342179441,0.7913291995217779
2.0499139691767576,2.2768880386831483,0.5009264052282688
0.5994364545534193,2.112017962751125,0.46558205580734235
0.8533758853268925,1.929815294452206,0.39100991922780887
2.0267548347224777,1.9567943929263336,0.12159123483316989
1.7004560755047229,2.3562716120211267,0.2991334431657361
2.208362751902957,2.1516141919179614,2.205299416732484e-05
1.9377426417815506,2.1512090462525117,1.2573438099121251e-08
0.34794312664648863,2.251570246630897,2.6712160695233703e-10
0.1881231268358357,2.3515423447705848,1.3241401241647334e-11
0.2233577968825118,2.4485727927313046,9.092217030212842e-09
0.40138944744377203,2.521475842336541,1.9937219529415728
0.5321460820516415,0.5343439408130318,1.9771203297386761
0.41357817568900124,0.5228816990373251,0.016281717917846203
1.4910560210983024,2.0767208545681726,9.09253211448607e-09
1.6056474131402232,2.657111568694236,4.264916529546488e-10
1.5487600398798993,2.453952433008388,6.780230843449344e-07
1.3639043749845101,2.333792872839264,0.00020948330565672226
1.2998365075627687,2.5202584688235636,0.012578398506564678
1.5359083217395437,2.432279586789103,0.14678182206730522
1.8984119933216301,2.666507006531799,0.33288190940329904
1.5419330907445499,2.31687509879488,0.1467170631226227
1.4865198866929898,3.1058371486916956,0.012641896821205702
1.3432636270381293,3.1470618154972736,0.003996137312055628
1.6130760690301433,2.1997840375664417,0.6489845917249832
1.4137103941781608,2.7856283180424617,0.5220903112608619
1.6681877330315835,2.3977993948789544,0.525459165979649
1.7167228604828313,2.9643724179371995,0.30424848326774234
1.7921926724517454,2.1989644400637496,0.3502799924967781
1.904106501676463,2.170852338317079,1.203034705591179
1.8640411679329385,2.374050596930446,0.29946121613330173
3.5574408495007974,2.465905238932956,0.07967879731600777
1.4934521551036013,2.3366233681724045,0.3283205358269489
1.5530266300203288,2.387194076802802,0.5451594596369969
1.518713618700618,2.511792658860872,0.39024153919591836
1.377239520894219,2.532084719417094,0.28522874508490004
1.5515650448068579,2.4690584463924874,0.4372466693184075
1.7179118249172924,2.3818778607765596,0.5474282739006594
1.2900763216934057,2.294463910484942,0.4305080653095621
1.705746361384806,2.3124244212986147,0.20973321449733862
1.7108313229610603,2.4651547397437636,0.5070273967855691
1.5337184647447115,2.6148105485549245,0.46651895956980655
1.3314597778737847,2.525572280770497,0.4392552441365849
1.7501331674699894,2.400504869183351,0.46831842142408175
1.915130634993624,2.511118771900429,0.23592307443971647
1.7292251263435663,2.4574939427592044,0.45597110395380114
1.3293536533673813,2.181425333023072,0.6121737926048898
3.375863040992102,2.3217207943458678,1.200618057263868
2.5820925711588423,1.694022164418995,0.3778216270284389
3.4774037507846334,1.9130117946766183,0.012699716779452901
3.433902471475716,2.263001608785249,8.785950718265751e-05
1.7481892774918002,2.5711486900254577,0.031428403043001193
1.733406418763685,2.6013045756987445,0.391719915055356
1.7139087786840594,2.3983506759853412,0.46424447774892175
2.1556033232936382,1.7634403764964464,0.4988366891794014
3.3890524438047747,2.296646402119012,1.1518582951455594
1.584242582321167,2.257307873774998,0.3695722140160174
1.685235781767859,2.5425016721942018,0.012640254525560852
1.6064304788019546,2.4514704655569095,0.4969916961833526
1.6518403839739952,2.411656394605702,0.6732255464871599
1.7375803116025441,2.552901197448376,0.49879401962323844
1.7495810901266367,2.403675520252519,0.22677143304015449
1.767990933758134,2.286169470700847,0.40605172514915455
1.8093161825685917,2.3465666628534456,0.3235101700586065
1.7760579445547766,2.4308805047548483,0.4063110644733277
1.5575771010910244,2.4661560295730314,1.044263170384017
0.8346143742791244,2.403309229389079,1.1868480853730947
3.46634409903307,2.272702825598493,0.9590984108359193
0.9367069814867385,2.2319204956117558,0.5667382819255344
1.6951044027100002,2.386246295940293,0.4977729766647015
1.7707855018230179,2.626804247252892,0.3942308387184555
1.5687438532212739,2.7903105265046877,0.20604271915750802
1.8316284806726562,2.5536952012711622,0.08379144404715153
1.938779864112466,2.838807178669466,0.03162212843231568
1.8760179638013252,2.786899778331275,0.05935468420194162
1.7728282672151063,2.606221820873646,0.24629884388521667
1.6526148488053123,2.165237338032582,0.4106023307743577
1.6254052259296794,1.8013356025426002,0.2446501777418786
1.6700099462737916,1.9646986263694532,0.05183886613852077
1.390464880307145,2.2092297202251663,0.003905537307518339
1.2281560810237888,1.895588517189041,0.0001303709811375145
1.2394518628882074,2.407608367733743,0.005746466511676099
1.6740260215568763,1.9363745956771623,0.30584227107305234
3.4450190031539485,1.7897867935355662,1.178324033793695
1.6156730029565751,1.6598993612014152,0.3981077459457959
1.715384561432229,1.9613321684192486,0.277974865976921
1.7226342374943617,2.502825975154954,0.5156383880139636
1.6209167892989753,1.6852363838018414,0.6377785188561348
1.4330014765380024,2.7655808310508494,0.515626086262968
1.2339157482617686,2.515147121359682,0.2724799086616396
1.1741406771880227,0.9944616731169861,0.09411716351449075
1.3847311851238437,1.3115003212690568,0.021260461264262443
1.6831494546632715,2.3154021137080365,0.49759495867442055
1.6782295700320027,2.3083419268788163,0.5432325065069088
1.3929314629389133,2.4987343202878685,0.2581982439256407
1.2067470892304435,2.2656428027744795,0.5758410694264801
1.2565258971243487,2.146871965588918,0.5836136266379836
1.4121985073829937,2.037573752475212,0.43383463815432616
1.5113862744635034,2.6128055436989297,0.5147187571589779
1.4396474304861882,2.6035331700666084,0.348257407744077
1.37728774855723,2.7337282167255155,0.19192433186085536
1.538611272768657,0.3873249340107319,0.40192629833814764
1.463024698488931,2.444635556394155,0.8923266422148974
1.7036291189321802,0.5016045478494405,1.173892604803461
1.5945463521084886,2.4809777440688054,0.8915170166791369
1.418444747117954,0.7377773738134972,0.3906313883600949
1.4377990940691028,1.816996402739315,0.09874986701979437
1.849606796277666,2.34330742500147,0.014402495090806874
1.6661955007562448,2.0872225140447975,0.0012119693172990245
1.7596720470422702,2.458249439254031,6.669992836849774e-05
1.5598260713446712,2.4191441265585443,0.3672519028188566
3.5606474426983747,2.2324104705002883,0.009844376255122413
1.6336552412770546,2.1646254208398465,0.09149105830285376
1.6176986171946413,2.3391439477040197,0.3487986129026926
1.9162922488218421,2.079583801350758,0.5576886849799196
1.5635519154337751,2.230649561547156,0.49005186914314053
0.8919282365493528,2.388023783227229,0.3870507706063502
3.422390971724187,2.5317663524439733,0.07887385066409454
3.516892679942589,2.305329322258461,1.118110534895252
0.28956437742967733,2.73924075115566,1.188975214958191
3.3686703362011943,2.324447888457432,0.9947667944123292
3.6882503839405087,2.378969973507778,1.0868821085875275
1.3443270124903102,2.612165670613084,0.32083201272413137
3.42560712311946,2.3482001557190686,0.539814890456197
0.6043183921344017,2.618446097388671,0.8343914810508044
3.478616100326915,2.857501068095396,1.0793848392123813
3.2664190288409722,2.3245665156474544,1.1166807425933347
1.7350699123985236,2.4648964405038254,0.6723201613687249
3.41863452391708,2.5954194145745997,1.172509550559626
1.8320704308802191,2.4808526359844705,0.5439551901674028
1.8019499561510852,2.4782521488435405,0.3051051586043808
1.8962982988711699,2.5744818337997244,0.4237227978769298
1.8938831795161561,2.891203833772563,0.07179714290022488
1.8668325034872062,2.5173038773013725,0.22493090841741228
1.6471959730143753,2.6973963434071613,0.5469360955734982
1.4892358735611473,2.0320166456049815,0.2256742117122061
2.173533602481704,2.0156828817713652,0.4237484135191497
3.4756254941015854,2.1168347878658147,1.1883314602239088
1.7624714711480998,2.056750455684063,0.41252503984425826
1.7529432439270425,2.1211558898069223,0.3244357986484658
3.415173177928367,2.2737746720345338,0.022562806929453835
3.5911457443503183,2.4304059483126035,0.43000856838734286
3.428986474136705,2.5025100668539073,1.1992685959455291
1.653083629804343,2.4485224626388247,0.273998130306837
3.394900496910005,2.3018406003488954,1.1354786552661418
2.900286785195665,2.1554281057696354,1.1841734647750857
3.416988541297928,2.1014073306405123,1.2196084174312685
1.7751624849421581,2.1544714935203384,0.2649584023050229
3.4806409807693703,2.240053696897971,1.0202964803554089
1.8382956840968498,2.288542331706765,0.4262549281120706
1.8889285911797535,2.314367013013486,0.5267785845976293
1.8138128929482837,2.362583891221685,0.2307548022312131
1.5622480448342029,2.3354828186745618,0.1112307096534374
1.535173028109269,2.2229863352501864,0.38977606855762575
1.638304312814586,2.486338710085816,0.3655980009688373
1.3544534020085595,2.521689110406648,0.5175698259780055
1.626295367390862,2.45587687350696,0.34131310154650263
3.5218990642960266,2.603613934977443,1.2992014810640817
3.680292712114816,2.7302730937540294,1.2677042517719046
3.3739006741616846,2.3219555543752723,1.2103203254333408
1.758334385306946,2.7531108739246672,0.30892092650232583
1.507316220057161,2.7642625246806802,0.005137294767552385
2.5822467437448617,2.3279342893278194,1.2408241415500711
3.4543863666311623,2.2854634163287275,1.1757810312975276
3.1056896099380187,2.4813820423053223,0.05528990318635853
3.4228446214554538,2.2714343696112147,1.1542435881251663
1.778791119422222,2.4200419230349985,0.05566286975132837
3.346868993964361,2.4468180741185277,1.2134785776644146
1.7793278036435027,2.1738477366415587,0.627164164027282
1.4040023913403075,2.33040871291338,0.37365916230015334
1.3813425852428325,2.3253699096290914,0.6369110807274828
1.4707713467315746,2.511840584547993,0.578871532151948
1.5029860495606928,2.0493331160357506,0.424513344301971
1.550965461211914,1.885344755108134,0.22058978318058955
1.6415447703698165,1.7279761119808437,0.13032833532707738
1.6770987067119592,1.5858065269496284,0.47010603726994815
1.6170774522063454,1.472907582911487,0.464548185416822
3.2660232894821704,2.3197481632233026,0.18991423201351076
1.3525792253782876,1.3829670525002333,0.5254813416798227
3.408066354813922,2.3538342294926027,1.0435276872004873
2.4150944028820844,2.3520470724885527,0.5281585175963766
2.4702245023191622,1.6950752393328594,0.10769200536175856
3.4298776308738295,2.313775544284888,1.2870659964407911
1.3997079098054257,2.084579138631458,0.2180274537203473
1.8286917373461518,2.3187160410706023,0.5334447441396779
1.4438957487773227,2.2625145869833743,0.1430298595752858
1.6111239898464391,2.4932519897497114,0.25314475152986526
1.8720921004439632,2.3984291796750905,0.4797002218365781
3.6388550858671618,2.5408883479015936,1.0154188253491352
1.7040817566589714,2.5384382391076237,0.3862433392253883
1.5544418321118336,2.4670545510546944,0.13137614376767093
1.4628612121764701,2.4469872441638985,0.2721563895933572
1.4592201120236423,2.4866876987591437,0.11125519576695364
1.5576974655231852,2.576301423274839,0.007612386251541314
1.6646170168546885,2.2354624271392827,8.713252890105574e-05
1.6072067103350183,2.370504263872596,1.6683923359378484e-07
1.7345571846629648,2.133966359881769,5.3440980330460065e-11
1.8367036575309184,1.892242855001842,2.863577948830574e-15
1.7816847912174358,1.7396333226115273,2.566877327145148e-20
2.0267317467337884,2.2834886365224794,4.51086900296453e-24
2.043416072965455,2.2707131499269106,2.4527978823190088e-21
1.9363864884181639,2.0110499998487006,5.21319178747701e-18
2.9030515971595094,0.6178702938795647,1.1880147837420664e-08
3.5234063205491637,2.1104907441603205,1.2248339653015137
3.633886753542464,2.344367782753345,1.287318360133682e-08
3.515747498946115,2.419643792847148,1.4995995881331202e-07
1.956070767522282,2.290200658440713,1.1600882875500412e-05
1.9175849892881962,1.9894559471984934,0.00045974248338371496
2.21561529471302,2.230720650636454,0.009338873060941102
1.7521851673141655,0.48086506271017265,1.946851934103446
1.927878861329146,1.2869938790870752,0.5171745008716838
1.9935198369285758,1.086269516246829,1.4115223967939126
1.3427785277486757,0.5797980281034109,1.9735750915001462
1.360513448525914,1.9526178220670447,1.4139188936640505
1.0672498137007345,2.133050532898971,0.5343747367913589
0.6793487365723601,2.058946072955767,0.6000445405643249
0.538642489380775,2.0321238239891843,0.1669610259740472
2.022101941937388,2.125735893549852,0.3493607238112167
1.2925968731260509,2.088400372501958,0.46606243401195296
1.9436116103604133,1.9832546787571568,0.3575397268565212
2.37296505829399,1.8369979245384753,0.8982306795140919
2.3128312246637157,1.7074916387533892,0.06347839217048079
2.36504396023012,1.6772698338479848,0.5767085532772869
2.1430746200784694,1.7856997194574318,0.22379790270701133
2.358703410135884,1.9308942073870266,0.4707440214372432
2.251761658188796,1.9033910625622659,0.7895001305478224
2.495641410914199,1.6096842278613033,0.8801404981481673
2.585881308473362,1.2238374735026396,0.8076713164131972
2.4701255826372512,1.048346589141464,0.6217146250851229
2.509207634234001,1.524431705970211,0.49329170435182923
2.651672550333484,1.5991755212700254,0.5097351357480319
2.541167679666131,1.5750354080080537,0.6490932869949796
2.3576035710584775,1.5634098008237953,0.845920861090988
2.625412225723266,2.04397986290624,1.0362894541441319
1.9918631761434735,1.545372724533081,1.1445146301888882
1.9270781622729505,1.6091002791188553,1.0454502941341985
2.7272007465363535,1.3053986006873344,0.8528384364002846
2.421434894020315,1.099830484844783,0.8598236767926557
2.859706354207723,1.231982383972439,0.8391918003187409
3.072435647889219,1.4015606515809185,0.8937506958603398
2.8956213597783087,1.214909887742232,1.0780387473190314
3.184048501707278,1.3041130898522568,0.7509865350145881
3.105702518307294,1.3698759986336457,0.6595024162752288
2.166066172339451,1.372620421855932,0.8622485332738192
2.5156644937098878,1.5237465638493428,1.0755075731715684
2.949340964846965,1.2819452328332517,1.1581515045523896
3.3602605574408875,1.0334740795757622,1.0584918734622242
3.5856432852736817,1.184375376680332,0.8556025683295627
3.504861973514781,1.3746694131011752,0.7228749164585703
3.298262885770751,1.1944954690941736,0.7921518741208606
3.3556721817049056,1.3068831187694,1.0023691603475215
3.182357304174331,0.649978462746512,1.1468333943260327
3.045501710303666,0.48124544484162673,1.103323527848638
3.451918023514499,1.2308087348937988,0.8879358416048413
3.173280813131111,0.9246188417596597,1.1425598073167509
3.663967614850059,1.206153377231367,0.9294493373056474
3.402264655064001,1.4787728638233621,0.6827817496736509
3.497025272693613,1.535935055996016,1.0457412592256574
3.3113648799748954,1.313733527491717,0.99423681878757
3.572798283801492,1.4236393215468826,1.1097519378929108
3.517108422589268,1.6336035020539459,0.98724880303283
3.4026177719476767,1.292561318851726,0.7654677483004639
3.270778543825759,1.3244715549155361,0.8252424645977039
3.5144643783569345,1.3206163465185883,1.0770362166256653
3.210214394629456,1.2521797374500037,1.011668633365546
3.3620477448444257,1.1454171538675237,0.9947980006429678
3.592899240647871,0.9150112767278189,0.669482305813059
3.7848070142345724,0.758753349146853,0.27258009311778825
3.820553449182527,0.9717099764696242,0.8232371279063762
3.7324369805866215,1.2519730648220087,0.7524069033687957
3.7366643653517846,1.051127360715799,1.0089650832761394
3.9597503603573596,0.8457806916526012,0.7427543109048722
4.157098280008272,0.8996833340170752,0.2968136238748121
4.247319823113687,1.3881142611566786,0.06632861386710537
4.569845433107458,1.186888165906781,0.024419951609653563
4.776909969974667,1.3325076561265756,0.558798292553967
4.500112573162204,1.4659875141169048,0.19666116015775692
4.363931153439498,1.2827456742734715,0.31706663694084053
4.157275818982182,1.6639384236344776,0.4382397548639663
4.603643737977724,1.6719817864468145,0.6455259950697249
4.541522388563345,1.4085695038548511,0.7654615027264559
4.503182731382799,1.0911995765616973,0.5717439454095302
4.211460755150137,1.3283140906709354,0.25899443475196043
3.972929953409272,1.5139195710101068,0.6176167045549751
4.080020656677203,1.4336911828453507,0.7114544766157413
4.2461140798711074,0.7469275476376845,0.6908096453879872
4.261291866663361,1.1420038169070825,0.24517988434940605
4.217783014224211,1.0049673029838406,0.5713282634520762
4.176629596828567,0.8928429361877132,0.3533795800224518
4.149200763284235,0.8207894883882108,0.2695266958532086
4.138479750658908,0.8073096393597071,0.4863442027099112
4.145959546364395,0.8663024659856874,0.21945921951610842
4.17150391425086,0.9866794625102261,0.38074711208250467
4.211275364776905,1.0467261463615483,0.34784236236899096
4.232567379559528,0.9900375784730353,0.5142897433847623
4.129143721874054,1.17428819105792,0.39278760098466664
4.027923159601199,1.1590803685266398,0.35682297005375485
4.224207868680839,1.0012976662521273,0.6013671676250196
4.030495926664276,0.8949753775064948,0.7629200139034621
4.423606811117256,0.9459290650241616,0.5940821049453036
4.381869758503005,1.1602544879714616,0.2928445026912397
4.316472993339405,0.1665117218117355,0.23086380474615706
4.380556617391521,0.36269248948805327,0.3607478756292911
4.208446699897106,1.0252720022212791,0.5885963072873097
4.239372605223968,0.9257600642459578,0.3127841949462572
4.358620790027759,1.1505718302984773,0.00019145297724627305
4.479757128679625,1.2774328963088295,1.6474565129962519e-06
4.4105453031389965,1.1653878374830524,0.42658020909462896
4.2765743463096,1.1226283339408818,0.4868086862891871
4.361250390702262,1.2336046374655925,0.29277293282304556
4.424788206191666,1.1425899618519757,0.07226754979768643
4.272951051653195,0.419134864523256,0.3859345018761442
3.1873614837976185,1.1044371540371785,0.35239740441198836
2.3137870321020837,1.0833806424210044,0.006357993987490731
1.746655044738694,1.258546169824366,4.912020628662444e-07
1.33744304197131,1.215470110011651,1.650551416365696e-05
1.0744266475026305,1.1271188059906905,0.005536421776478656
4.316847944299025,1.161471813464232,0.4120975602354457
4.330579292925229,1.0708665682079779,0.033916608093494595
4.31908103980299,0.9101909394807952,0.5223228754742444
0.8437486071706304,0.8887757595838239,0.39765424485364664
4.346219709781495,1.0080752096519074,0.34790266223755345
4.315855890689964,1.1655668607475682,0.408666656703755
4.379045883213405,1.2050993910803836,0.25777557544789165
0.6130610676209723,1.08692307835469,0.4360991506672809
0.4982574174763361,1.2321327113718026,0.596972967143048
0.6175975356284158,1.0257782814812724,0.515989682484975
2.1120948809961497,1.2118424067233755,0.3449273786386588
4.438785904051437,1.1681713291311486,0.16838837751157945
2.3486113196757143,0.9985523873727931,0.4315768337892668
4.55115110549598,0.8172259708967463,0.26849145550404546
4.3051010074249305,0.6453008887717255,0.407474258663183
4.435933878621972,0.5010259543256088,0.23656889523841398
4.233652369160324,0.4458114535372947,0.08544939793075364
4.179307173940504,1.151494758828708,0.4555457423599225
4.290826378094212,1.223189481759844,0.039335797244399916
4.320386820241333,1.1560121176048594,0.05220685758743372
4.375808712356753,1.0039756124981358,0.4237747682289683
4.182728994310535,0.913140659605292,0.1301297197593776
4.615248744147905,0.8381467770079775,0.3311198094109321
4.4699497344058114,0.9014274662027749,0.535529637896802
4.284812916630479,1.047708673168423,0.331182617670731
4.179604315854884,1.2125081183083966,0.1285177252715539
4.219659413237009,1.352517980375312,0.42506739303982416
4.356917194149499,1.412082809816459,0.05650920477858728
4.426789762950355,1.1746082722323044,0.44329033631500553
4.309519340847903,0.8178651551894079,0.006167236704559774
4.057700088534599,1.048189614500766,0.33152123871613604
3.837058542693386,1.1749362696977281,0.42111791450557584
4.541901287219542,1.033432716126276,0.07058949756341562
3.2406879099441905,0.8461878126336714,0.553092448652265
4.287548805924725,0.6636469178756121,0.3372875344465836
4.461654716055529,1.0747288818793477,0.5065024183333711
2.82424906761132,1.09488626101672,0.4307167705198926
4.356786368778291,1.1438887871193353,0.3056552414992302
4.388794156347556,0.6590912377767898,0.4595051207120556
4.420189122791545,1.0220876736583024,0.010549490667420131
4.348147870403745,1.1484070375273048,0.34520072485561
4.340194464853896,1.237494071725329,0.40200856432496174
3.6493221790021066,1.3360879753451687,0.03277880834132979
4.302405462993865,1.1833834991163652,0.14662301697002128
4.311150527623875,1.251898929649308,0.3607039399561739
4.128421600175045,1.1231406077995523,0.48702597648969276
4.107182695620804,1.1731705663740168,0.3627695827741531
4.305958663213028,1.269295180029238,0.41802690875870635
4.4928540332693085,1.2951840420052465,0.36376125198981557
4.474409470616814,1.1744442764546574,0.22242556294283056
4.318030917740279,0.93819962796311,0.34868848913112155
4.205455308897299,0.9156694952880781,0.481748176175951
4.21295379805803,1.0530096688715092,0.5326876915383015
4.3002937604738944,0.4815162793301931,0.28586081390432366
4.398198175701509,1.1794168723174443,0.0593001603054817
4.451381720947158,0.04215970971877228,0.004502649544064185
4.459620655446151,1.1042650798203273,0.4129791145842388
4.503433827800106,1.0121337464066018,0.3554949608126106
4.151068364629733,1.1945187486009075,0.16990501202987954
4.689611396408547,0.999266238597043,0.408732404687022
4.588381003957237,1.0801148767810702,0.24050342197785338
4.37302997005131,1.2750225571540164,0.2944487267548155
4.227777631648846,1.1947149021971404,0.4616307862897058
4.254439921625927,1.0176418475226365,0.4497973273544952
4.365053634831423,1.0448346601262823,0.40584813034849654
4.407404445880159,1.1580231389590048,0.39884485121124263
4.3327632015278335,1.031304005166007,0.32187075036988666
4.2043498360693485,0.9187759384398163,0.2017974465819038
4.357349395751952,0.9776837064364802,0.3407523344361622
4.110509410661603,0.9008971334829085,0.6810453691856819
4.225044817490837,0.7547319882095974,0.27147112935348483
4.444156249804013,0.8782792568079266,0.5621532754872425
4.735639736315676,1.4145576667167565,0.0002920526163307079
4.556725502360194,1.4362652090168921,0.0005887954447165493
4.50844049455107,1.387244776548252,0.07924911005994979
4.441853477019038,1.3098006907797257,0.41410753228281066
4.6520235505754295,1.2255619470175714,0.18026598102024818
5.87276514857531,1.1570462082362838,0.45857122372156117
4.297618389129044,1.1765839802781402,0.7663619625693238
5.528185286595913,1.3932993448427358,0.6090324877116291
5.135914216013644,1.4514846893106255,0.4885162827144863
4.749925666072782,1.2931836371861825,0.15954827323293158
4.464006892344836,1.4103926088392478,0.29808092075197756
4.346472135977405,1.5065842298725323,0.005856714571278911
4.71258189476932,1.5595897197697046,0.4215845465660095
4.98225529306025,1.6043004954356015,0.34438510805284445
4.659404752959542,1.6084528554453275,0.5809822855055756
4.531921874322749,1.388593560175013,0.38830572213003106
4.12561136551551,1.2020843659844374,0.22972931153458398
4.238747492691433,1.4615073645631227,0.3808803938951297
4.064494771783112,1.634151275008835,0.6359021809204557
4.078078392731415,1.6766895489869176,0.7583179654523584
4.401500640539718,1.822993644348525,0.6438409795777845
4.073200590444534,1.655736722428958,0.4580364753251135
4.055209674994968,1.5662657182076831,0.4933949646354733
4.298272112038271,1.705789979289758,0.585003852717263
4.338004086843764,1.05765737505054,0.34714289678054544
4.931408973941876,1.5226183306066594,0.08910488607920149
4.117312906565367,1.3557321865039793,0.07890925992118299
5.484683704530454,1.6264441455002179,0.348597362848867
5.666001828245097,1.633868839130495,0.5924478332328528
4.187261946348395,1.5823698569507798,0.3485931570661122
5.791937884590251,2.0195097886787696,0.07125362948163677
5.3728947335953325,1.4291303000409559,0.02303959840343795
4.4995174452894915,0.8310496345872629,0.22573136340195935
5.218039361132383,1.8384132948916543,0.5349522156987825
5.50144302347163,2.005039682173611,0.6392309258958965
5.380772683645506,1.4124550665877271,0.43838874847857756
5.230486027231624,1.3889824062531189,0.41495295250194053
4.09314823056986,0.14391754822871203,0.6669473214442113
4.880040180812946,1.7980073481193006,0.638858171812652
4.244644678308819,0.10114615339221736,0.5538300123725257
4.179659743934807,0.12083837385520672,0.3681302463747736
3.6199079288026654,0.16160583444794274,0.2201431084863979
3.2592014949371886,0.2223821130556596,0.20187735887847635
3.594862762994999,1.5446636728939525,0.3283773131325466
3.547756439956733,2.043418755094416,0.5523734032655541
3.660938318541462,0.6739728051514111,0.7709145489086738
2.5586338816941185,1.8446492171686844,0.8632180380613262
3.515607724862103,1.0074583436243825,0.7823099030426693
3.3697482773033065,0.9691458308421929,0.6509984911478367
3.2092397320516795,2.1456053677361684,0.6939260221796383
2.6863442145345506,1.4204933548699088,0.7567852827644856
3.375902105883334,2.2342391097695242,0.5310809772989573
3.659057463193698,1.9888891973418508,0.35315703078075816
3.619829201617251,2.198630392984863,0.4476379000094583
3.312527991823269,2.3753165632033206,0.6606621169099951
3.2587702240089915,2.542379223258939,0.8484795581990857
3.7078234892604676,2.5323588013360663,0.9227827224177139
3.3172787889291566,2.2394170281528307,0.8502305623037272
3.345139320793562,1.762604042668756,0.6751984472872026
3.3771936706983743,1.6338053690362158,0.5148902620250883
3.4034050056046725,1.6644936982427851,0.5046554557408118
3.4200625942741976,1.834354577749071,0.64934235821289
3.423769296155682,2.022387676303249,0.7892994590393541
3.411588234094805,2.0308772407952924,0.7798333813710188
3.308311069773909,2.048406547391822,0.7104627200653375
3.324915335513529,2.1659919940218737,0.8419813328180469
3.187908221060675,1.9646703686852405,0.8184886022957941
2.8479267593244595,1.8902457348205235,0.5985207909000556
2.529512869324723,1.954904367513865,0.5416656858453871
2.604824416754542,1.9393982520945177,0.6831599620550604
2.7051151455890947,1.852489234621421,0.4338286306371544
2.6091427838118997,2.0758879456099977,0.8069956103340817
2.4418473969112227,2.0934287333508133,0.7919512644247032
2.2610134228442926,1.8357568540671323,0.7989529614786177
2.0754399799551617,1.9027412653341005,1.0388783060146796
1.8886747330193145,1.8319784140625508,0.803163213810948
1.7065037251926998,1.7022499934085271,0.5325422246544976
1.5931238111506751,1.6781584114959194,0.5771515135744558
1.838452369090298,1.7523685741868904,1.0688684694311013
2.122674520253689,1.751675976590932,1.0399376647099676
1.5318627567509235,1.5537161898488645,1.0951975588663705
1.0033044597462377,1.289117350710895,1.012781334647302
0.9450493112634566,1.1706219003452145,0.8009677133097474
1.275308227195639,1.595189402302307,0.544704890570825
1.2219703490543976,2.337995149981525,0.3543547697622902
1.3963356219214373,1.4220186434444726,0.4102000566585423
1.4729415733633964,1.4172722827641762,0.827958323315855
0.9749422571114543,1.570441345758179,1.124578751066155
1.2500174045562744,1.705628592470147,0.8004377338042302
0.7732534813872176,1.841313313218927,0.41988795873451185
1.098280342123738,1.9736167161817018,0.48873494138975987
1.2207147172291766,2.0924109934088095,0.6302508098908481
1.172771656835722,1.6804041051233178,0.46402262724078
1.1826325468154502,1.756841063500124,0.4742698889991531
0.9767067930236414,1.7388588535528395,0.1279060830590218
1.3087085565791203,1.6184980631323134,0.3954197685016901
1.1047991852458452,1.8879415402554334,0.6646972708943016
1.213240424492403,1.9542584453222296,0.7901613131599567
0.30871199917589437,2.95145265371601,2.0077160051308782
1.000275594045437,3.223203573326158,0.20489471769506346
1.112801169853145,3.099612783223836,0.08285622775534943
1.5564116156976746,2.685990062234622,0.7289600042301124
1.5455538212560114,2.0103213359304855,0.7189862336565361
1.8486887614679468,1.5499455304850516,1.0021686352552106
1.8162621565063721,1.733390143580487,0.8611935398662073
1.694089881313528,1.9922206812793934,1.8949843202789547
1.7405284500112463,1.8073967090362075,0.9010972380622133
1.8824471952559616,1.536002588797605,1.0066965693820007
2.036596395321891,1.5897644875781445,0.6901944731054358
2.181517509380238,1.66768582952794,0.6810190125586757
2.311764443863666,1.5128344820956978,0.7980354991305739
2.107412338256836,1.3461629648114284,0.6623170828154257
2.489168495149584,1.400091996573322,0.7176351884097592
2.2762271815377573,1.6229945253588967,0.9859615550911238
2.5980565580391617,1.846131101488274,0.9554963190841113
2.102459669111738,1.9064402344782228,0.33071839809417736
2.2425469043022113,1.7504535248152735,0.7448327331757797
2.146055153519521,1.5828663156556892,0.6653812963010871
2.1309838614476972,1.4972389198481422,0.9043055209849793
2.1674505866813205,1.4712422250638202,0.9473530508643846
2.346735439671531,1.6246171301281123,0.8573195083207485
2.33180519174781,1.4107208236991333,0.494182477475677
2.2648046201023773,1.5256505114805357,0.766494311509476
2.2177793856873738,1.8180302342274437,0.49269070968113426
2.203292043484282,1.7019762581906523,0.6977387741496894
2.2317812379209676,1.5938816286852657,0.9040118486846438
2.308961649295596,1.670291326388373,1.056885431959806
2.432567089441291,1.785627451626327,1.113424526967864
2.5901032840492526,1.896841117208876,1.0570533902059138
2.7285169305434653,1.7105487502638377,0.9096010302556472
2.6054527293603726,1.9464516189911574,0.7662005633211572
2.667191286909503,1.7333856798275453,0.7966765023702966
3.044782938882742,2.0386978073429134,0.8270260753916341
2.9437186269406066,2.15670310564349,0.7496340189610351
2.8918086972433628,2.053739588501744,1.0539209846350905
2.7407122476786134,1.8015885944161105,0.541403979845409
2.5936766152965838,1.58874421862086,0.7308330795204182
2.5835744370607676,1.6153246436746396,0.7309256106261668
2.7803209397670723,1.6872612522907255,0.6698078859966179
2.89461766086443,1.3608842362358877,0.6471213619839775
2.6748922931880044,1.4911315691199507,0.7894149932122961
2.8190369460263778,1.3355143407481793,0.8869469931301688
2.703205981306821,1.1782925200257137,0.7498471327425116
2.9081935350283183,1.4952752943358927,0.47709491709011087
2.7766163406646327,1.3740900403873315,0.28695727579894675
2.6805739283026777,1.272720702277029,0.58194607496243
2.8544355205319283,1.3850730894074914,0.6565786358207435
3.0923323444955506,1.438329368694001,0.5641919235658854
2.7701051235198975,0.9332208353936876,0.6328200481708346
2.854350090026856,1.4043723213043675,0.5706057841341088
2.643593412134449,1.453607811180309,0.4336170044416012
2.728768070568646,1.3761405128757702,0.4350026852109141
2.8138117995322354,1.3092285619941157,0.6738567409450851
2.8984744710802057,1.5448515983718825,0.6171389843103186
2.9825279136328304,1.4755952836135302,0.7800236021680544
3.0658277465417343,1.585014301720876,1.0358227353587277
4.210217180297567,1.7745218723110843,1.1331179277239611
3.3153156545485416,1.5675011807295356,0.5304745699214485
3.8133859742391674,1.9564677607073209,1.0781903011298541
4.344838655414296,1.7488863477012822,1.3746403179513942
4.044477528247915,1.7636890237928964,1.3003680637216712
2.922215013782253,1.5734026240510137,0.13933923836024242
2.584679920239409,1.421555229409392,0.2270317438049045
3.2210521210033343,1.4083202513431556,0.4775618873745055
2.7823979659263545,1.568805249695394,0.6634699399320863
2.8214770665179802,1.7811794977406992,0.9232413728621344
3.6799470827649694,1.8330473818046584,1.025038141951897
3.922212157632651,1.676892718495031,0.712800813258845
2.8257730309529063,1.5406521750254232,0.5205631616810469
2.787501809402368,1.621367268776474,0.6580096390296334
4.073811498302746,1.8288858922676594,1.1216458787957408
4.116378392637428,1.9716287868625348,1.2899503177489033
4.1423465347845765,1.8156522589948865,1.2438415935977472
2.7390644293250466,1.4618357537225997,0.63029194173416
4.204980265604421,1.5447480416584316,0.3700106783687637
4.238802427177048,1.7712282867022069,0.8121167340611827
4.248620198648134,1.767216189015952,1.2666731534797946
4.23943154941985,1.797579779153633,1.1659759576753197
4.1266129446338145,1.805002165625609,1.00166110024275
4.125536021776242,1.8382128146729637,1.3814288802654886
4.088947942511979,1.8565682148837244,1.3021885287930692
4.2663864783718,1.88434451470978,1.4411200171911003
4.253476016680013,1.8228482191504713,1.4782143461842645
4.172156061794393,1.7516001946635769,1.2087980528404576
4.305243855931864,1.718961332948062,1.1310078783870339
2.7563742083056795,1.4698530420232663,0.8651322033788047
2.959435190087284,1.5341092394307747,0.6913221675068303
2.9387367758451752,1.4888636719925183,0.6150776885056916
2.925034068593702,1.359762384257218,0.9129755667886349
2.868283261807326,1.3170298547607628,0.32724151540591984
2.7737054864465946,1.373722870804464,0.17011710642391073
2.6862196798042026,1.48629790801773,0.11642772738306006
2.661891330046397,1.5862227741285526,0.14142957159866318
2.718063389860323,1.6100278375278432,0.29099631008084026
2.720194201584668,1.5241552766131188,0.5785986910961814
2.5688632988466096,1.335228404775992,0.8984305165395311
3.0128823945501226,1.158433710597919,1.0570445199441887
3.403758252356409,1.3367958126668962,0.994001736352791
3.4566524211684877,0.6760940875028733,0.9095355301282813
3.261570776059182,0.4847177988699884,0.9712535425179654
2.8905164976594624,1.5826802183939401,0.9788565659728162
2.6528890331232433,1.0441033561434625,0.7322332710812334
2.7801587073862026,1.4182910391139452,1.0533884458563274
2.9365491234309595,1.406436269555936,0.623456857793186
2.765569820114857,1.406917031079433,0.7665578685955777
3.06873417442887,1.2413613997667232,0.5789934923401174
3.0052254848172355,1.3324008402099965,0.25707598193135733
2.7704677654062784,1.5012666976601923,0.1707403255475119
2.8692585911094497,1.6089471513133733,0.8299913494518101
2.931552550998862,1.2844777496180733,1.1395199010747368
2.8770534022648673,1.426621336255415,0.930911812148737
2.8095349822876563,1.4117521863036953,1.151584938871937
2.744177666907298,1.4504411723430195,1.0595227950047743
2.68809701247622,1.557732268383437,0.8432643781028372
2.661903136030017,1.5416705973388245,0.7780953184747026
2.6920170380119,1.1533597640351763,0.9176491423641605
2.7581563606395494,0.7379399357149496,1.1139172936970936
2.7748818017349954,1.5026589856927237,1.1999423140940595
2.7501420536054546,1.4887891149312331,1.1027026692009558
2.8622615804933815,1.1091328684203168,0.8642947018670606
2.9714002466166782,1.421066181242848,0.6562550007059795
2.7780357081400244,1.6036888034581234,0.7788183407836671
2.605060417576265,1.5469455978595155,0.9514218927970551
2.631223925997275,1.328354936903645,0.5435571379884911
2.559922646395615,1.5516261760561194,0.163186312788661
2.8518826111133655,1.237717326372637,0.11781606098249257
2.262831231212815,1.6065882919878407,0.7994143366803194
2.9477934626831344,1.3052342245216069,0.3285052676982495
2.053663699041607,1.5228782227152264,0.511322852795365
2.7776295979982786,1.6299998940149152,0.7347211885418314
2.4174720332639,1.799467078806882,0.9715567738389491
2.75967490837622,1.7895749188967176,0.877872765064197
2.5064804870786377,1.656157178397476,1.1386564285600778
2.944974821915115,1.448263461631866,1.0468288479163221
2.697396900225562,1.2011485484309792,1.1449068071801234
2.90234159115553,0.9789830464864032,1.1683236552466345
2.740884920512212,1.456854152795314,1.012137651226386
2.9138970394765886,1.0890942362518237,0.8512677688153356
2.75851212639719,1.3436245527574602,0.8975083804911601
2.388193590627941,1.382974388687832,1.0319883022372194
2.8706867767922155,1.3856778819678193,0.8619698307357169
2.0609330612762533,1.4835301418487827,0.7842019136924304
2.044542208510938,1.5729473990302711,0.9181092604485716
2.1500352058043988,1.6016126535677646,1.067772366332457
2.8222831092308795,1.5915144889694077,1.1248604300615517
2.904760793388934,1.5844298639238157,1.0622211998565276
2.7265545319290676,1.607189195090964,0.9486524779521613
2.7195905966978318,1.6500977539266781,0.8543339933348622
2.9115977739031735,1.3874764154693249,0.7559348903279052
2.7992220030170265,1.617937549758532,0.6501443671675572
2.7056958065746,1.4896763929065227,0.7676222152050381
3.0041011198802035,1.3689771960101795,0.9427875150890199
2.7342080434394775,1.3598888546657235,0.8549137343505964
2.677321995125615,1.3912628929047623,0.9828089989098049
2.6205572943418667,1.3544438956421647,0.7339288324820483
2.6585384279139452,1.3633397130584528,1.0545763867964488
2.719653635747746,1.47810922559933,0.9406186637191577
2.7833002056152516,1.5714644850778223,0.7481082633460764
2.8480518783164754,1.5452665725626495,0.8055282997136347
2.913658065434523,1.4238310031615253,0.9555616985553376
2.9750087808734684,1.3140000333359576,0.9843163902030511
2.9485961283818667,1.3025225953742443,1.1757728991261986
2.8064280491911453,1.352206597262039,0.88454139729927
2.787574163610365,1.3824685435615862,0.9952646742377153
2.7097745139046996,1.4009560122790043,0.7864558677550935
3.0136110314534,1.4433318641268935,0.6067952119048324
3.2839961299624596,1.508767401886965,0.5417981485812686
3.0665731967656304,1.4538804190533337,0.632421049926637
2.6862387360509974,1.3752247712508967,0.7994334068515634
3.0406927672161665,1.5395041293261464,0.8638754292536387
3.234782144237464,1.5182949305695475,0.7185860782874733
3.0779205022194986,1.6405340264334811,0.4471614865980968
2.8556842415575354,1.5970955139263996,0.7691501975059508
2.6793913568434444,1.4212988115283869,0.24427257947614894
2.6265527684630516,1.2973376235970062,0.5317825971748837
2.7117565639456886,1.2983486454578403,0.7661222098069175
2.8215793973704146,1.4110208147783885,0.6610401571080593
2.7870491897039953,1.5192010261449966,0.5877076755791111
2.7474480040739966,1.5299847469547503,0.7958731715681268
2.929270762616169,1.4801519277884163,0.9932768141371084
3.0702192991938113,1.607773698666144,0.9393536677682198
2.987841534602241,1.4305704113373237,0.8066702422399972
2.8209119601328356,1.3870749021097897,0.8336641554028991
2.7656630664386617,1.356260691642244,0.9299351569907106
2.949504659100035,1.4069305001581012,1.0014689652075055
3.326676920970517,1.3557058047935875,0.9393880669365976
2.918688917583226,1.5024626848566718,0.7131286243850375
3.1442495389868803,1.132764394229685,0.34834750434991474
3.361305092367078,0.5415416942325224,1.241960728873005
3.5131131718072917,0.5694925696136722,0.013276595538743986
3.714945099234419,0.3077029019455645,0.01904160636073815
3.9580792277768615,0.24316008001830108,0.21948038685273238
3.444097874386564,0.5436584594315986,1.1524501145506525
3.1084216992695577,1.0207202136998759,0.4739258822931309
3.0446277718312103,1.3842874071386924,0.39271963299892876
3.135705722038588,1.543769290967882,0.3231112296366672
3.274813904139209,1.5636223371492806,0.19165143719983066
3.1351310720979315,1.511994859252529,0.24110551740752734
3.7084921168544023,1.4203742319464132,0.46009985129485537
3.371578117455254,1.3056483311945402,1.0079934694123371
3.861375686985089,1.5089603727464724,0.17491539078641494
3.557984105625308,1.1964741302069661,0.1872407743984076
3.271479579896182,1.3658521098472236,0.23962373916159577
3.5141587050028558,1.4935227283127004,0.5945448849351149
3.2554697858763477,1.353731740322338,0.4859327788468788
3.9728250299639907,1.1900275333655042,0.5376124947969456
3.944654465541174,1.1979866001848816,0.4863722540404829
3.3475994620641876,1.2422597254151568,0.38106519313672843
3.285030419014208,1.2784050859409342,0.44622772887205747
3.378256320953369,1.3669813824229813,0.6070286882739969
3.71592470670827,1.3588523104143555,0.27583871552440753
3.652339860938658,1.1862546737907491,0.09314421363432498
3.586736711203255,0.9387744804238208,0.5284198980509722
3.2270033359527583,0.703197526583957,0.306948529348073
3.45016660779123,0.7287353133503713,0.5168451450773469
3.3795630640070162,1.364697380828681,0.6421713047961054
3.3076691411007837,1.310395069053349,0.5252453793462474
3.2347635982048053,1.4891408575154557,0.3964093346530653
3.1681512089319046,1.388686968785809,0.4064875329333971
3.1990808338373924,1.1358454246894267,0.18377662500173086
3.318630253275606,1.0812907061186747,0.25341436498439035
3.4130629334430265,1.2089193334820025,0.45314569783205155
3.3580989058767763,1.3726489922691947,0.24224500181507752
3.3261009713598906,1.4906123095743977,0.03708583564002178
3.1851719635918294,1.532645146584157,0.3088067471981069
3.157902214415231,1.4906132661878013,0.0029000707212628275
3.367151513772923,1.3712014433277362,0.045018560289059685
3.537561730485313,1.1930161363621885,0.23618915066965324
3.4788739072063324,1.2944027231010344,0.43083283109431847
3.2375233604466582,1.242333784822233,0.3572756356360422
3.0833622771783684,0.5631276105877803,0.35295572076909093
3.100959725265205,0.5354344976174784,0.41987333980427505
3.2309961678345136,1.2607350850344419,0.3122394159896721
3.1718026166449493,0.3140886190847187,0.18847297461859794
3.461533623984886,0.19439437336475482,0.47245909222149574
3.2998439629198644,1.1985009208397068,0.5047736130492444
3.3653865595642434,1.2984696481893898,0.3614359602759632
2.4718071877127867,0.40903553384809865,0.4067906114516424
3.2569820155243256,0.7426911616937734,0.14845324203684854
3.218523348143445,1.0925751005291617,0.19897629550718973
3.4199231513088644,1.1988033845101724,0.3844085270407983
3.246358273402813,1.1676493086253228,0.5717920146137399
3.4241494930850442,1.4334685664826634,0.6527175790158587
3.5468348057526757,1.241755485534668,0.5718124213427351
3.3341822929863185,1.3233803537747237,0.38443499275702614
3.15964582734914,1.090232601093412,0.19835049615571312
3.165986430541572,1.0994877175725832,0.0810555434734545
3.3313260172466266,1.3792416429517433,0.40405482006883914
3.458829860658337,1.3908526643050871,0.008097988326976597
3.4252050637101212,1.0433224760332243,0.4142646727309919
3.3405338902937887,1.4653888115478664,0.3800432347420747
3.34534525565042,1.132186760646296,0.3799615081960321
3.379856097429135,1.3073983933196578,0.27156410762329963
3.320822167278136,1.432200799556987,0.5050933805523853
3.205370980985592,1.4962047949964576,0.1490935637945795
3.153251090445525,1.272226822255119,0.005208058729990573
3.1994365144584,1.4349849051142207,0.037655217576315105
3.301812123692314,1.3256291171182482,0.2874099428615183
3.395268816740172,1.483202664635265,0.5865394782672503
3.350660601037505,1.2013935567526741,0.4266321273347959
3.2903880707484987,1.2718818285754678,0.422638546767991
3.5406356156388803,1.46401171807657,0.538668544240799
3.5948824932896577,1.5353094409570458,0.3907475143585357
3.3129589318143253,1.3079453797169602,0.20343103824488656
3.131099308773914,1.2999490395846576,0.28640963261191654
2.916077585851212,1.5508005039903086,0.430562669057014
2.8888633142845044,1.4610877535503926,0.397477461978132
3.0661363085784252,1.3322278154822211,0.4460901726718305
3.2976940017837544,1.2639048916532143,0.27073911159336433
3.3149335921472165,1.2760384062445436,0.31695040203463176
3.183977634944525,1.356425396338552,0.5438047263244806
3.5401743323139496,1.4524289423463173,0.7611517514366244
3.6141761929403176,1.5069203209478816,0.8515451066846654
3.2463128610474716,1.516296770027872,0.7614037931918314
3.589129329467537,1.5351257038706363,0.5441187836292528
3.51131526619272,1.5773419398313582,0.31080499047405635
3.119708073626825,1.5507192597250203,0.14291352993000142
3.189018696228432,1.3944182806063778,0.3638378980312555
3.2967189120510767,1.2103519613215448,0.12387836559788973
3.0336754243488575,1.1368740160381143,0.3503988330262449
3.1157032502880915,1.1946774855376556,0.5112566089924592
3.108137494961248,1.3230013139630719,0.34705957144055166
3.21495584925117,1.4524923506553784,0.11046179223625631
3.3122664884041164,1.4132010275366793,0.38414674998823234
3.012016333164238,1.2859147330808467,0.059981532457762325
2.8428931201911176,1.6189186538597067,0.4572128519298567
3.0900006749379587,1.4492316783999915,0.28143394005332373
3.450625529384033,1.4871079168422343,0.6000360909670329
3.5220006245414677,1.7660687493107399,0.8779237143591737
3.3317409162906655,1.493788079314847,0.44827666636045954
3.2631642304509283,1.2628895240935518,0.6422211040606206
3.3410638122851184,1.3060264325953692,0.7299928709298407
3.133912095930545,1.4048208076368405,0.6425494046640295
3.0599601641638623,1.365584024160727,0.4474672551844368
3.209168301138556,1.274630655265268,0.3260578008550108
3.3861238564274987,1.3576864282583097,0.45581296061896937
3.5255486964402407,1.5196195344576997,0.5986917590535134
3.410323046503726,1.2005339731197455,0.4808713708116764
3.067026106796887,1.4954478736767693,0.44739179147713937
3.3017995238872997,1.318968921474208,0.234555588993898
3.2986960948236286,1.342513484899038,0.6067903792150408
3.322226873821797,1.5329570374803156,0.47642446314689124
3.173825424450052,1.3539932046740157,0.665533985180544
3.418284843715143,1.6582704451316517,0.744116177619406
3.4914705281510647,1.2396723999884993,0.6666570808599311
3.325159661558746,1.4117489099263747,0.4827966945756189
3.2265400025101894,1.5429099366948553,0.29981738316590395
3.2444380663249897,1.2811020223902139,0.21184970464739453
2.9031359554479295,1.466752385722185,0.26117037320174236
3.2784256389326067,1.292324002028905,0.4254108543450366
3.167955634884165,1.3810045046845365,0.6111712021237146
3.3870391758576774,1.434909996498187,0.6928408231038861
3.342800332320645,1.3621177223197287,0.6080866043702027
3.218386265075182,1.2836451236688504,0.41507552381831986
3.5054060109807565,1.247178698691168,0.341512988410394
3.442929093791867,1.272576578038248,0.5189073260969953
3.241563928945421,1.3577659325842304,0.6327602826901397
3.2033679057056057,1.471824017113811,0.03606110013255779
3.284588011772788,1.5622372513962808,0.4015938790123901
3.30760955810544,1.5671071282103903,0.026629890641999974
3.449044955680789,1.4207765453332897,2.6489068028263493e-05
3.109276806891429,1.4976451253914345,0.544871661213221
3.1000257661251176,1.2516231444849462,0.6262610151633276
3.214661499229687,1.2938726116497286,0.5540819725772412
3.4384645081452887,1.5082948465530164,0.14403878501858117
3.3264905808659626,1.664497057445825,0.6585883570042522
3.2199544688766997,1.5753813943489627,0.4048589766025543
3.2696769930865566,1.396186781050797,0.0005235800664131438
3.3519129404648336,1.3446735699402625,6.982964522146764e-08
3.4347505604537316,1.4279731491440373,2.6267958586780853e-13
3.516203537021622,1.561129572880573,4.996939062033105e-05
3.595651379507995,1.660991367958528,0.29158926220812387
3.6694275752812375,1.598909568920785,0.3160237865259424
3.6725797378659455,1.5349829602035607,9.261805396589353e-16
3.4039089408853815,1.8089372941190969,1.8658498375085768e-21
3.418395618304379,2.0721369064458064,5.3431729608106007e-20
3.3439777269333533,1.5872613850148285,5.771432306616663e-06
3.494886148672913,1.8172619343169567,0.4280392229557037
3.5102348448357845,1.6246859551319004,5.771432306913329e-06
3.249722280654492,1.237456119353466,7.885508622444591e-11
3.4912975486550053,1.7656308269970893,0.0011167921037337355
3.5899212979104016,1.8605850422326353,0.27039054628511455
3.5261653144405676,1.8529832264983892,0.0011209801081139437
3.475733530933605,1.7397704063862782,0.00021474379370015477
3.4706396639158283,1.6168238358759996,0.0045903527600903455
3.268367280836198,1.5143841941965956,0.04090681097052089
3.3304533033594663,1.6975965557014332,0.15197406061561824
3.502407206512806,1.4441035740647674,0.23545112328233514
3.643755032863008,1.6658546604392037,0.26718289603844947
3.7190355205298937,1.8430739946832895,0.15363044801551307
3.680980550153436,1.636094881721181,0.28702300731619784
3.540778237595647,1.5015365577211064,0.11349338310295598
3.5592406567633628,1.6721442035097946,0.01130160195397989
3.7087679572906405,1.5534727159034571,0.020783096400499978
3.5821173259332926,1.5557487012937612,0.07337869548124627
3.4921130465721486,1.7027456507120893,0.18300845927227755
3.454525666953219,1.8411960098361935,0.32309844740998334
3.7417114451959352,1.86601303622826,0.4135701274057509
3.7767723535418827,1.7206558224222657,0.4138099049357649
3.6517512221200756,1.650104055447884,0.39178572763539743
3.5536773206701917,1.8725715036319817,0.44635683164248213
3.5246169645154994,1.9988404405005868,0.595714251291314
3.51117779820204,1.8751273784458842,0.7430604144039706
3.88490109493614,2.000106298372907,0.771491100064932
3.420429783116292,2.024215791128383,0.806562470341307
3.4588468986185177,1.8996013709860031,1.0093466026944233
3.5587160977803793,1.8155154155538942,1.1515300064907998
3.664662157835856,1.8683666871611562,1.0617640383378977
3.7205699927562286,2.0332717248815015,0.8384320217464418
3.6430032606991265,2.1057944513620286,0.5950272662293732
3.3794892500075853,2.0032142265648716,0.7047225832939147
3.085508713941068,1.952756572138591,0.291775242895117
3.0206499000156493,2.0699463778150577,0.32708185454355126
3.374260859459064,2.109786318667039,0.5082765296858711
2.740068632564592,1.9891473213872881,0.7393555757314516
2.533645824768242,1.8821734197272142,0.8600332000389855
2.5391139174890935,1.7968197603020701,0.882582913906874
2.642227369221022,1.9118083612152634,0.9868916660524649
2.607066015135531,1.6082528016913433,0.8959093226612291
2.484806119350927,1.9305206928263543,0.6179176110752637
2.8743744479762006,1.932740501419484,0.2406894671492497
3.0955085108475813,1.7191002396940158,0.2364875360741726
2.9106333587295445,1.3282169277700067,0.7429202703197438
2.378457132347661,0.9795236366440123,0.8351892742417403
1.9755102831219593,0.8595365185645032,0.9779908638008069
2.204448055047317,1.7566584152993758,0.8184654957294468
2.4993554817065777,1.9032374399820382,0.48125600293592624
2.3686569939780293,1.8170214487517355,0.2393985354087097
2.157623047576994,1.8620716679766738,0.769852688924322
2.222179487068755,2.2830211312194257,0.725257694452621
2.3434618211301737,1.1529886374295715,0.3538512080695455
1.9555283175623699,1.0944806338720339,0.04641031025209619
1.9705292421385514,2.421368965625023,0.13542315025030202
1.601135659439744,0.5262680914824408,0.4322051032087605
1.453393430296096,0.06027800904488108,0.1356945031542898
1.5362335706103194,0.07855651164108661,0.04631112854051807
1.6993041673545481,0.12780693369203283,0.30566090654347605
1.8003724300224508,1.0214071900882193,0.6267844635091119
1.800528687305022,2.7645146958617866,0.4936790105798625
1.745053919827123,2.494001555325462,0.46593200216165304
1.6737462918724484,2.86578609238992,0.5663982580137042
1.6008733923732357,1.8144358024037854,0.5066052457446407
1.529375040486318,0.8423458405058009,0.4131167504224046
1.4611404406955877,2.838433092707114,0.43068187198275815
1.4251639151298183,2.8374399796092895,0.4602139780819664
1.537885092773533,2.8215494950483664,0.38002957802816967
1.6542637764241597,2.8486469662341687,0.2727666929231189
1.4115685898819108,2.5416409694302504,0.36551458823620386
1.64101329061826,2.3254271323150055,0.5094519336842612
1.1956697160253698,2.5281653336302092,0.48754680818321144
1.611312757450586,2.7428744889129315,0.08769752209033875
1.4982650404608813,2.8950780896652977,0.1066410541556672
1.6203390153852022,2.974189153424319,0.26761725418205196
1.5600219094357148,2.978783958254467,0.4041955356408682
1.517551294690492,2.915472694804192,0.5238253686824059
1.6612653002690765,2.7981527988883927,0.5876944476732254
1.7538464839656474,2.6461619300754036,0.32190207439443885
1.6775975990638399,2.481659162648981,0.37374336952243126
1.5156036124290813,2.6630690111037048,0.6738615011797763
1.4377719206490212,2.210543312675441,0.42361209747252226
1.5241071901107657,2.2194269817040864,0.3113130076976774
1.7186693882618107,2.4938875330091426,0.5028084785353031
1.8957295010542565,2.7536930492801535,0.6172723042940741
1.6302255391813976,2.579778106138688,0.5016532348782425
1.8342673596278192,2.41968670147481,0.2701209451713782
1.7355474368299246,2.6729583484923816,0.46794784069678874
1.7667401617711436,2.582706715685478,0.08165760327202962
0.9298875757138976,2.6707377325680395,0.21135825263367425
0.7849749090946379,2.7800932270122862,0.4418021141080123
1.8229562056118853,2.840102716494336,0.5709666783863373
1.4988279981932842,2.8179098813099452,0.4628733331561869
1.7979667732674554,2.7254566137987033,0.2849907958467812
1.4373943930034494,2.65562230533946,0.2623503279355474
0.8364575754774842,2.677608417295381,0.41509795651154857
0.6394481405332667,2.7359624902329895,0.6136213968252977
1.1456459566985768,2.7496969439855596,0.7032888240279525
1.7369977180768423,2.7152355803019894,0.6125885486974808
1.6306016441609925,2.6687841219115818,0.40784338120204117
1.301087665294516,2.635322123740092,0.25519572230195164
1.5219083986378257,2.62462405187299,0.36528019124755645
1.726771849059782,2.6392493318775188,0.538195353211557
1.685141100428185,2.677792824105892,0.3496155059450791
1.5464832232426913,2.7357087942762948,0.27546826538586056
1.6095137329482008,2.80593900880357,0.504104908181806
1.7366251820295124,2.8797507435253875,0.658495789805138
1.564412670653915,2.945766864970068,0.5229180302227188
1.3912320779450056,2.90108196337447,0.3475024431051781
1.418084691778684,2.6630933893817503,0.41322709830347093
1.508678087608464,2.93444736211038,0.5176001519987535
1.5837069108338258,3.004528383496032,0.39911415206596573
1.6256712705797889,2.948275367294607,0.312174947327108
1.6367860803524146,2.8629040291314984,0.4737969637231204
1.635108351788829,2.7562585489423874,0.6079831568115551
1.6404714882607854,2.6368200071879873,0.45203572403855946
1.6510709449387775,2.519723809127169,0.19010077586434337
1.666001711435284,2.4437591552979048,0.07161732444678853
1.5892815791237969,2.478582243102534,0.640375419985874
1.4339454009286663,2.6243370279268867,0.3930438699711612
1.6247407956365898,2.6945567962290515,0.5451374010725965
1.7429501443255426,2.5438488549217473,0.4077907611652101
1.7376819003820467,2.322917807964842,0.4487397426534705
1.7125280595377197,2.2345356084288186,0.5901978789682745
1.6257972046358122,2.5703203672651487,0.5434776999438676
1.5718938146217667,2.344705313848366,0.16578199238319266
1.4228423719478425,2.4412992989443563,0.494025770147634
1.8752359493567758,2.5589559213690176,0.6726974534035928
1.6106014437294927,2.677497484670811,0.39523811563244776
1.6300124128486366,2.7888079122640166,0.046895415088628066
1.8528867519218148,2.8808218077558645,0.08913258564210423
1.7378787274256073,2.9124332892604743,0.30524810154850374
1.5812076351443292,2.8245688790965655,0.46021647213456
1.412981394577933,2.745029735187307,0.30601382922475573
1.6259169578552246,2.8510148019246873,0.5838776239228364
1.4798897207849069,2.9663880494523944,0.11604773823167747
1.683805855472031,2.7149558122096598,0.45655515002202457
1.5950688289433281,2.8910631188073697,0.3825515700811708
1.5288304976256526,2.5714472380891262,0.546396038235868
1.6361490827957357,2.7332204353047,0.658547181820428
1.724941543271393,2.6670062985573235,0.5457413935117973
1.7019270711772845,2.5953223321651238,0.31175900119420674
1.586796086935852,2.5367090036287854,0.48233632448582736
1.6488250500322343,2.495061423952338,0.04259350111722626
1.628879069242376,2.4729228741535394,0.10064202927556837
1.6361167010729094,2.4715972202426864,0.39349168462258427
1.4761771948714026,2.491410166000377,0.6312422639726973
1.532384519005796,2.5319886370824154,0.39561415663969157
1.6646995942740896,2.5923712019288883,0.13662022078127373
1.7436060280971404,2.6707709297894224,0.22358654973057193
1.6556700996672007,2.763919367771494,0.4498831347371488
1.562359899579146,2.866125871209862,0.4521087160939982
1.734692367870905,2.9680483844940073,0.2558756625887776
1.6264505055286906,2.988950135077022,0.5732716907648209
1.857247455065397,2.727598262430736,0.3262553358865875
1.6063487369179232,2.638663983101889,0.461567827108575
1.7806944892586796,3.1051537983597304,0.6065628190309275
1.83425081366546,3.0111710211033507,0.5422769287967356
1.8517538603565251,2.8746766645285082,0.47163427169055977
1.837424635790474,2.7575185884252846,0.4467713227788405
1.7320886108840714,2.7504336387247603,0.33372078702044267
1.5152202103984418,2.8343503301683413,0.32194969544278573
1.2295940548122857,2.7926328363718715,0.5273781103048076
1.5633220672607422,2.490867790037362,0.6667895636435159
0.7713661340722853,2.4304957389831543,0.5300036246066063
0.7489254723420644,1.98999790047509,0.41246950665824506
1.4958281517126246,2.1010659369233173,0.46538139886700924
0.9399946300212552,2.3465326558152753,0.22748456266838404
1.1144208287954733,2.5917286188438284,0.4588726774554636
1.6119453907956183,2.660920733564854,0.25674834675075775
1.5576927842444415,2.4521559336703103,0.45617962993174827
1.7136405996974764,2.5793939626115248,0.6594808470209358
1.8190531398938827,2.617998223679079,0.7447837959829812
1.8498094845707398,2.717246379488895,0.5753075292199322
1.816179029988576,2.457320518734336,0.45994141963360324
1.7427524597975526,2.6959285731634384,0.3819369123895453
1.660641964153078,2.718849177617453,0.5186312772764983
1.5982851739232768,2.5472417224992103,0.19297221318784752
1.574073874747158,2.653697238408326,0.18933774988164306
1.5929177726931147,2.756009342093343,0.3459148519805874
1.6470753740040305,2.841079975823544,0.6576468954296095
1.7200782859449695,2.8030190126931984,0.5503675227388956
1.7919152260816227,2.6731384227783757,0.0009880273243854927
1.8438346033246305,2.889885389449767,0.014704366477350435
1.8617867132163564,2.9135757537218447,0.2062191519848373
1.838218651930411,2.6865069043349807,0.4392089694401205
1.7723982436199193,2.554544022394751,0.605517668702508
1.6696413556444853,2.7406517896370417,0.3029935531368979
1.5398418480641263,2.9796896299426074,0.5605081392059332
1.395798607863448,2.7697489298122133,0.369899255718908
1.2639192645173918,2.4133424687254332,0.1350354734063182
1.3201195176890974,2.6614188541359356,0.17624472298987873
1.5095194813186728,2.343971110348402,0.4200144932350718
1.1337639836868254,3.1193852570715004,0.5729230534341365
1.0830883389431778,2.7767638162319632,0.41948550340720053
1.5775734790853897,2.819262960455257,0.16465650486812042
1.6127130296360563,2.5325491182375144,0.4025308326329425
1.7082701278854282,2.5134154678841267,0.03105828629036345
1.6895072386536365,2.4944382155163316,0.23067951845029705
1.1790352709760168,2.956651274534024,0.4700291964954118
1.6909170150756834,2.754679638857255,0.23037741626454916
1.4423153855013306,2.6160573689519464,0.02747887662860475
1.542547246721759,2.4173406993779407,0.2902345657348633
1.5614888508124007,2.3284634544544898,0.00034911013043170994
1.5138397563908705,2.4834724994128394,8.539602502472613e-09
1.5375297622199156,2.0398006684458525,3.354750148309804e-12
1.7287601920895121,2.0824343737203894,9.610315506020918e-13
1.9820292911758681,2.3136715315446814,1.138178936099569e-09
2.032329491992583,2.148856523183074,0.00011496646524694619
2.013238296451749,2.0013123297185555,0.1752783734393236
0.38615815140936127,0.4067212443733683,2.019908565111307
1.9643662898997694,2.121169903622828,0.18978763347054997
2.0913955124406858,2.1933675163277906,0.11948704603276525
1.9967659017253865,1.6152910397651075,0.4281546817320859
1.883678120959033,1.704770676684002,0.6561325633067097
1.7596869489782343,2.026177212409247,0.5245878256088486
1.9791858196259597,2.2228780941022492,0.6025163375451758
1.6012624860633078,0.285128345115034,0.9058922614587384
1.8444683454812896,0.17466100237749105,0.024196156906257732
2.0730333788832875,0.6364966744966071,0.17630327449257333
1.7527023516588645,2.194559279729694,0.609912537273386
1.641568034695731,0.965477670579861,0.7235606595113185
1.9874049140437529,1.0936366659773757,0.6128391285661401
1.7553992321474798,1.901661209160338,0.4972220563080212
1.7147148485850419,2.294219564224092,0.421139067140176
1.9082151799027687,1.8907013114366367,0.6532746018564952
2.091430018423218,1.0633351681091334,0.6474344703631385
2.086726879997526,0.4091575958773154,0.747756810083447
2.052599392605604,2.14881347876064,0.8539921635798384
2.4189626809371716,0.047562774876304816,0.7331751246906025
2.7341013017407434,0.5845375493187646,0.4980053200858585
2.8188390048564567,1.6364415889175452,0.5205642724356252
2.8098062128224393,0.5814404662633529,0.7217265939129588
2.045054050732113,2.0670777888897973,0.4663580071672535
2.083694934844971,0.050651413332106605,0.7879967500271226
2.1114147329532815,1.8838347300553502,0.6390632334127158
2.139556969077354,1.881421640058338,0.8495280300422362
1.8898771880780099,1.5209575438717482,0.9420617276859407
2.0899173308952683,1.9591960774798567,1.1783860554284986
1.8957601222857536,1.7617236570160322,0.9274223305187064
1.6896896145486917,0.7284551734655156,0.8961541436463465
1.5534031782671696,0.20829244548906595,1.0849636043352473
1.7009636506366628,0.036918489716151956,1.1563721376966016
1.4135249505749674,0.0054835924506488765,0.8153266600211937
1.7916999358137171,0.013393659153209113,0.8958882529572202
1.5533893802567924,0.23642232819453093,0.6645997685452284
1.6816835253455285,1.9054017540913706,0.860230899231521
1.8141258102780213,1.9076776918685727,0.5624438725415627
1.8146010191275068,1.112462893129633,0.5874091023332089
1.643800407638279,0.3759436169508764,0.586508768770244
1.3503611141348382,-0.26177978515625006,1.212276509430345
1.7798203015523577,0.5458743128240303,0.5020576448550915
2.214615899410885,0.806436871704106,0.06595261593748616
1.3877201151022183,1.688845830774202,0.190524185386886
1.8216621841692384,1.312267138243394,0.32426716763993974
0.8508114356619971,1.4706743819287729,0.18726531843520697
1.535555030906795,1.822174070351543,0.054137285998173516
1.3208339854910516,1.4712348143227862,0.28163915665267264
1.3321588547422993,1.9676403960239182,0.033965864044978526
1.2413009636742238,1.3257991071953728,0.11859350125352713
1.8059611013184862,0.869482964053646,0.23159820173308646
1.9188521251091006,1.6620153267738729,0.11859708334307373
1.8979416692970497,0.7635324069351261,0.014949862899433392
1.7326801127577958,0.6616254309952895,-0.011698371985207626
1.211693399807114,0.6436606435166833,-0.07397789730517725
1.560002645381421,1.449398355416803,-0.21752350429951056
0.7132459138949194,0.7738676186557034,-0.3116129944584215
1.971252228808318,0.6583047464825748,-0.21750061786026273
0.20983257229592084,0.8857546525341784,-0.07396751390461785
1.2944680186192181,1.7804502026624711,-0.012256236730817393
2.0678592038021937,1.7654140387751633,-0.000989484171659511
2.009530558855698,1.4011255556252165,-3.8922090104323855e-05
2.0594283649565766,1.0971242607399723,-7.459660246497115e-07
1.6603928922312066,0.8653534199063482,-6.9659047806492606e-09
2.1094986013380534,0.7212493125023814,-3.169360283138281e-11
1.6413852962910214,0.8884383977787995,-7.025888942148552e-14
0.7772320321633491,1.6628207817245293,-7.588685275895859e-17
0.24423734035001737,1.416287609432597,-3.9936260331396384e-20
0.14827906092732906,1.0337174598850398,0.6678245067596436
0.4765051726143528,1.2207728748335152,-1.2819859670382445e-27
1.2391924535459957,1.4243070154343673,-3.708654127086654e-24
1.740205238293814,1.5745780682046329,-9.738884082807456e-19
1.316016741880838,1.6453152086096456,-6.065860791911896e-14
0.643458107673379,1.3730064569303704,-1.242815915935083e-08
0.4185699634096756,1.5299981606759507,-0.00022853390602592074
0.5449816833582548,1.2169458615338142,0.2638522684574127
0.8148254689319183,0.6715893800392159,-0.623765324661244
1.1128207548590003,0.9110691427179357,-0.29819166037207906
1.334731093894356,0.979709289188095,-0.4902005646004951
1.429160705663854,0.9415403242269533,-0.21312435638179056
1.4447303820486408,0.9575871644124787,-0.017559286798511164
1.4765847870099091,1.0477084719853431,-0.0002740176521850702
1.5795247217215262,1.4430978928872067,0.2863911390304565
1.7463949726029446,1.2296704240840017,7.1771128663594354e-09
1.9431979558869417,0.6461972196331409,3.3280402758032305e-09
2.1404794656098427,1.0990019731993252,1.4273842218217854e-06
1.9364408254130667,0.9246821645594885,0.00020351827180219802
2.465499071295419,0.8037900682759231,0.009646816175010781
2.3916266488178475,0.8805106040675715,0.1501181433851651
2.0596185344345646,1.789347994428193,0.40143408215883064
3.667678164793491,1.5157868773684648,1.5073515070506758
3.5446787942866966,1.6676804365369082,1.1364228690745402
2.05604768818072,1.6463917576337432,0.27709640040146377
1.3922572135925295,1.5397509692808746,0.015965612534517656
1.5012776923851119,1.4270804064996907,0.0002509982424112542
1.4265589227142121,1.4662216110434174,1.524053872877574e-06
1.3740529678064268,1.5487399549287806,3.500978111161903e-09
1.3611403205114037,1.323694923623673,2.7326825439594363e-12
1.3391044901272366,1.5945289195882455,7.099661526395059e-16
1.2414040841839618,1.628266412897904,6.132168284770815e-20
1.0795761602819538,1.5650598197349552,1.760787906920886e-24
0.9102894789170779,1.4926954405087762,1.6809083013171257e-29
1.5050890267311086,1.5831543016329426,-3.404466761004482e-23
0.6257343457755777,1.6512665630925243,-1.444873902563533e-13
1.382582818376918,1.5977699770933502,-1.0885735614147907e-06
1.9590153058754407,1.3272897505524128,-0.014559036044512712
0.2707094974018536,0.7387443805084004,-0.34566424881593816
1.3238838359437985,1.1797547100250512,-0.014568784192967425
0.24951892081481847,1.3416492190779874,-1.0900317771277357e-06
0.6577295156387233,0.7932520853737114,1.757002728176497e-13
1.5154833237221514,1.5243975868999633,2.4405085753000945e-11
1.7002090463455923,1.566721724658315,1.3141165145518632e-09
1.7458880297056178,1.1331042082780758,5.003327649151429e-08
1.1512665689570711,0.5966206259640386,1.34696264283576e-06
2.164435159488277,0.6893153292409467,2.5640334920618964e-05
2.316694066776154,0.7915448403793389,0.0003451146254680088
0.17628710715721285,0.9390557018552121,0.003278506767953313
1.3717350412894338,1.1236483919161848,-0.0013526704420317413
3.604981695650047,0.6101482535563233,-0.26370382504996137
1.4789727996217445,0.22371444982550398,0.33039790722406026
0.3957028411519582,0.45395915171351475,0.8418441565148322
0.0843025671440003,0.8542098743451947,1.4161322377573198
0.9670635170610961,0.3758098707315971,1.6843998005000307
1.6537244190502571,-0.16336899909554273,1.416665947302207
1.6130310577134248,-0.46859102776146594,0.8427135052895275
1.6407379625137093,-0.22292491758751398,0.9331926107406616
2.01669633113504,-0.34162142877143364,0.11315240461190412
2.1328889560144693,-0.08382190216997867,0.05841597444896456
1.9777886268477565,-0.22106571683805473,0.5050810861145203
1.738126517032717,-0.32720573909961026,0.7578565064867615
2.152277231184643,-0.22109887432868497,0.5210378207972421
1.3429001888778962,-0.06821242718658678,0.880331749387152
1.2748433015965226,-0.009594668604972205,1.2057417112834192
0.8074221019889227,-0.00020646786426422556,1.3386989478746234
1.5086702905250458,0.005703469280231288,1.2046397797243185
2.428343430291283,-0.25314804336785335,0.18397125810954962
1.779308928238349,0.527717125486456,0.8593528862137596
1.7993122595182853,0.3309152741189265,0.06984865948768947
1.9027361881337241,0.7482027888730866,0.34005211503878613
2.078126997709578,-0.2997880514392169,0.7568176601966401
0.7459960966011371,0.2731691050884846,1.292856823330166
1.0496265343873108,-0.023251698432112142,0.8713035769039585
2.1968349651757846,-0.3265338287907795,0.4720385338249144
2.3545718757580842,-0.5433892927592258,0.2920938103558847
2.3647486097726254,-0.0011901792840068562,0.9761174466224123
2.349012271472924,0.0021747502488164224,0.43966286403220967
2.3109530789307926,0.007070829152811667,0.6088165218160705
2.255638315292358,0.043476696884309204,0.42199812215339566
2.196236795713931,-0.17192694544792167,0.24780622003758696
1.6583033800152243,0.7131327489954385,0.23541454947655518
1.643313955763417,1.0510149186078521,0.20930578763819527
2.114552662794974,0.8122822733612098,0.14986696008784756
1.991888301507423,0.6084296709648234,-0.3485849162946683
1.8351537835282694,0.7474021278230605,0.03901572785822007
1.7379182728957878,1.1640521425404862,-0.30225986242311953
1.9704282453359427,0.6012274814465051,0.004152351107947058
2.056415021468585,0.7725479030284773,0.3252027486220666
1.6413400974605183,0.9807807880024538,0.0004755524285012822
1.6558285565906634,1.188709454123887,2.8368201027259272e-05
1.688620302883641,1.3745769560775403,3.4216456739637405e-06
1.7296388068552904,0.945788332839349,0.7465416515410663
1.2509023708628275,2.0137319564819336,1.6717648878080527e-06
1.8306641004327917,1.6830811360278728,5.7569946951829305e-05
1.4592414207379167,1.692284682827969,0.3330435143677195
1.416345842790713,1.6740410570906192,0.018155089315691354
1.5175648853278032,1.6480653115808859,0.3533045529444506
1.4658049514667253,1.63331470546275,0.29073239922882665
1.292292079640105,1.6435900540225827,0.6345097743828145
1.2603665797602952,1.6847605500812064,0.829571621778427
1.440072079448331,1.7541299112593383,0.6346495333587036
1.7684845828128049,1.8415544723741628,0.284115679345817
2.113304311808288,1.9213329401764834,0.07478574711316785
3.2507880795934456,1.8856645318328225,0.018467958212089946
3.4520714604548814,1.786321173740288,0.11623655138653073
2.421944535767343,1.9551002007841425,0.966920493479007
2.129802298607989,1.7203247251712652,0.9982960269712403
1.690240668836662,1.7299829203946788,1.066396742191291
1.4280646044631633,1.8838170061343136,0.7091484850185416
1.561634464748051,1.7590181475940785,0.7953107703461508
1.8811570210264008,1.6485625350830915,0.10601354017650554
2.0349896670141234,1.613586716998659,1.3266404408875312
1.7951113471806306,1.6406007649053782,0.6960030498463277
1.973147158244152,1.5607442011678077,1.0455274381019486
1.9166599737974572,1.8576600948548772,0.7481378268017471
1.8415652927622979,1.8180264264320765,0.3389674034534341
1.9352808160120971,1.7059938639068255,0.26936342079416287
2.0751053222496143,1.724520707402218,1.0732855728478738
1.8034737272398724,1.7804736651893247,1.0746509903668393
2.2266725158671385,1.730485225636535,1.0993220550481064
1.7179005745635756,1.6231719545141912,0.7278715461497932
2.2694147222162986,1.5929701365447217,0.6796380616307266
2.090346999839681,1.6736518222508288,0.564237367556462
2.298265111940961,1.8151614844571522,0.9686310239512701
2.4382032334098134,1.9693580836353592,0.9441421928960383
2.3913177941502832,1.705332636833191,0.8763741846858603
2.2136393945805897,2.2328784486572038,0.48098384625268165
2.105397805054768,2.3177147963027087,0.7839937343963458
2.4312588338363503,2.3295325371722475,0.9438225591242309
3.033220676021258,2.1856215320895727,0.7860896816365025
2.6725876332141407,1.8776368826145877,0.5726598166794136
2.5009698122122663,1.6544416847760444,0.6677217327217391
2.3515660303042774,1.724549079169903,0.9090779447281576
2.791727445098796,1.888154289821355,0.8971139041423803
2.9338321990734992,1.9186349519463708,0.9827810632195113
3.0545149435878147,1.8877390280259543,0.6032457125414102
3.109146521991263,1.9168347961599566,0.417228477092636
2.934011425611792,1.8598047430029991,0.8274070068486004
2.72763488088539,1.5498195542014064,0.9294135804932822
2.983870522152298,1.9665737821368756,1.0231138471685162
