,x_coordinate,y_coordinate,z_coordinate
0,3.8797948581338266,2.0852166097614573,1.1869651979530957
1,3.3597112617927047,2.106993661611495,1.1980051824900402
2,3.834391395000308,1.854233907856714,1.1083176460971729
3,3.921013561534447,1.8647102138911869,1.3110872799718853
4,3.880118400218814,1.6063708064146744,1.0509321911732454
5,3.769689202878096,1.9732737842694474,1.177732381054132
6,3.4976918151785013,2.2835361338228113,1.3483995347890043
7,-0.031167837752655685,3.0867485960575918,1.0637015347274565
8,3.2901924648793286,2.083210756963899,1.1672528695800486
9,3.423563658603503,2.015994082046234,1.210141373286525
10,3.1789191193422246,1.9206692982278724,1.1528757628607664
11,2.9840080932039648,1.8394259661750563,1.0802818135951529
12,2.892827144091573,1.9332285712359192,1.1332193559890962
13,2.702558642238877,1.8226153705820887,1.0889528155567787
14,2.934898585110603,1.9470606482747086,1.206479420008651
15,3.2375656325508544,2.1174671956449713,1.3418367555553161
16,3.298260574632611,2.144414741399297,1.3683548239050591
17,3.2350200011704353,2.1007469123069016,1.3423317124078635
18,3.146939172027858,2.0421433303082996,1.3057460366615734
19,3.0558221854010656,1.980543099805723,1.2677825860499983
20,2.96613316675001,1.9179444740194092,1.2303037317934178
21,2.881740757697366,1.8556917176903924,1.194864376962182
22,2.8075322391511253,1.7953907601131187,1.1634174204013479
23,2.749298453424752,1.7392626767620287,1.1382702949765435
24,2.781893967907146,3.2000535730586916,1.1336553344564535
25,2.703981069183634,1.6451921835884196,1.1161630999122787
26,2.7243086951691513,1.609445306852792,1.1224265610187734
27,2.7644515941124674,1.5741294226668072,1.140584337754022
28,2.7723150848629663,1.4949793631516493,1.1704669523697648
29,2.6845344957998147,1.3212873677278394,1.2099595423645317
30,2.641250728133022,1.1946657921349215,1.243959890718276
31,2.8102188863253317,1.2837446030771327,1.2549650814348008
32,2.987745478829361,1.410561723775872,1.2461028447471423
33,3.005056941941395,1.42616743516737,1.2210270120785123
34,2.909628334446833,1.377456920871709,1.1754774371464702
35,2.752612364937517,1.3086796032472423,1.1091889205617496
36,2.557589829334865,1.2327152156616745,1.027371293838964
37,2.360128246589186,1.1667923271380756,0.9398139696119412
38,2.2557973959748603,1.1698023764118808,0.8650407125853451
39,2.3413699208584497,1.3007896307749423,0.8222646236108696
40,2.4125106988724085,1.4021424363174522,0.7924289787808643
41,2.2307532516970743,1.2982091121322392,0.7516773156597443
42,2.066195295981185,1.1960840547818494,0.7384161952261287
43,2.1222230665907946,1.25409203784909,0.773134847794543
44,2.27097833932581,1.3548053174971184,0.8193748457356818
45,2.3698127607738386,1.3798670735766927,0.8380031155150421
46,2.3512290773032083,1.331480564719455,0.8187307463277462
47,2.2578807859328807,1.2704044528533835,0.7880590727917471
48,2.25014247573964,1.2644900453498267,0.806788877922893
49,2.2655447465425715,1.2762337924899085,0.8320887560497946
50,2.0767945489465536,1.2057333212452812,0.7544315980914812
51,1.9317837397165143,1.1559557390293498,0.6878980946402294
52,1.942769676499517,1.1731353236019628,0.6870591212157768
53,2.0053458313973564,1.2125558209744685,0.707131092264011
54,2.077992654461581,1.2561730108706721,0.7307282001950341
55,2.153565186363498,1.3005694447774334,0.7552095386268836
56,2.2298835599216664,1.3444939324253704,0.7798098346477811
57,2.30512062757791,1.3868646870922163,0.8038864036550436
58,2.375597852836899,1.4258527896052016,0.8261109233761937
59,2.4245183906865146,1.454392224186291,0.8398672150919683
60,2.3928444820187162,1.4485789883724616,0.8213002166614097
61,2.238223346963801,1.3911647767187532,0.7534164917502627
62,2.1355480540247367,1.3508259636918747,0.7085611371840778
63,2.245866914585853,1.3855663363485697,0.7561456551634882
64,2.3212452463834885,1.379973222088846,0.8036021587571439
65,2.171325580036075,1.2554660584536974,0.774469307549593
66,2.0308882261198002,1.1576897536042146,0.7370369557837556
67,2.1234499200690142,1.2202526764635158,0.7590125919512535
68,2.3007623268896515,1.3404883026646808,0.8030454885560185
69,2.373670783265913,1.3918353116791822,0.8191035565415689
70,2.355828838726446,1.3830691585409447,0.8110213883025105
71,2.312097574760223,1.3570899093469146,0.7962654175609705
72,2.268571865455396,1.3310351123942892,0.7819547323559162
73,2.23119807473205,1.3086706951956053,0.7698183972922144
74,2.202042977756036,1.2912172835713274,0.7605275235178616
75,2.1824592617354295,1.2794558746161935,0.7545356939453506
76,2.1733442890784223,1.2738991506818975,0.7521456012700706
77,2.175142455290098,1.2747921561348279,0.7535083983057135
78,2.187848510451589,1.282113342607992,0.7586244281178104
79,2.211024954906875,1.2955844318921819,0.7673488492023551
80,2.243834001099839,1.3146892474252228,0.7794022463130801
81,2.2850830976807583,1.3387007809537523,0.7943858352357661
82,2.3332749007594353,1.3667097261386725,0.8117973803370575
83,2.3864592016404993,1.3974989848540822,0.8309580517809464
84,2.43929073451169,1.4272656607110061,0.8496961550743205
85,2.4644147011106776,1.4352749028620542,0.8560616342386328
86,2.3823007936888074,1.3606261461930105,0.8149070364483229
87,2.163341509797202,1.1809077537085937,0.7133097981659922
88,2.037706260510872,1.0737621143791822,0.654954214619437
89,2.071778779258916,1.0888667650263129,0.6855970409652865
90,2.066879626984117,1.0776858527551767,0.7143053611052238
91,3.5294663245978435,1.4377967095505277,1.3110854356903818
92,2.28694227448675,1.3586252915868569,0.8009453725199154
93,2.3622465893586777,1.3914890772795565,0.8326483819159606
94,2.288169850978066,1.3415113710730904,0.8109425346204899
95,2.2917462072100383,1.2672761001111694,0.8313056756284358
96,3.658825927816795,1.516992778828748,1.426922841207669
97,2.0049961045240705,1.1009366110240504,0.7363796638172346
98,1.8191657933906678,1.066070083191318,0.6578286899143871
99,1.9662718547056914,1.141559910273031,0.7126817311706931
100,2.155208776145918,1.2395718482443812,0.7823615334103271
101,2.3202886285666047,1.3242673841205568,0.8436456693020081
102,2.420447928724473,1.3732993773136062,0.8812255123708802
103,2.4284158082698477,1.3723271757250628,0.8817197327513167
104,2.3142540982904367,1.3060262034715404,0.8275365429260609
105,2.110059775860812,1.1918280755254569,0.7317339508707382
106,1.9819094646071185,1.1176457011771046,0.6753784739981583
107,2.051162509862555,1.1476732293858891,0.718082087623317
108,2.2085528693345324,1.2244571103669362,0.8044426324813162
109,2.3043124803410096,1.269139942193465,0.8590809328108099
110,2.327041177391591,1.2757542478476995,0.8761669690737152
111,2.3238693761086133,1.269160449009741,0.8792923641698924
112,2.3199644807921382,1.2626313650098087,0.881067077035924
113,2.320985437692446,1.2591495910029846,0.8843392859442814
114,2.3272987265848526,1.2589255872677791,0.8893016911493065
115,2.3374321856319162,1.2614562761829582,0.8950327627739036
116,2.343522583816904,1.2643833265183027,0.8962155423873552
117,2.3195534635848816,1.2601624997702956,0.8749649732392659
118,2.228153990746753,1.2380051143739679,0.8055358992627737
119,2.091598177061103,1.2040911067324787,0.7035544377453178
120,2.03773332674386,1.1946292976274864,0.657853788788015
121,2.1522039158659254,1.2335328313576321,0.7278216732729553
122,2.3296024406248366,1.2881724790599656,0.8390120778475902
123,2.3838382097279043,1.2969264477117364,0.8576744817506313
124,2.253469454226726,1.2350836305772974,0.7442138084669837
125,2.079385657671953,1.1411030936473312,0.6696088886732162
126,2.020455254076609,1.0820822150770553,0.7555036625087999
127,2.1020891973728673,1.1402890656235565,0.771455371511534
128,2.0248393940030023,1.117963435557542,0.716494940862139
129,1.9159288686062292,1.077572363631899,0.6837558683905841
130,1.9998551873595596,1.1292069181115703,0.7411791053972054
131,2.2549138401021223,1.24397603226285,0.8380931501167842
132,1.8802769476648467,1.0882229706738098,0.6104586047951226
133,3.6494379403534714,1.5723570112652259,0.9066319634031057
134,2.381143462227643,1.6135617956149224,0.8322050054861194
135,2.388416283812538,1.4073713629159912,0.8644700151017914
136,2.249406722742524,1.1717857710695398,0.8216617496989177
137,2.0118509159665927,0.9964700728545338,0.711180492012419
138,1.9971744310865551,0.8272952838485681,0.6714252853772132
139,2.223961712351388,0.7731102092909187,0.7355201007553885
140,2.2721730702249165,0.9272700639270699,0.8119864293746252
141,2.106148947290715,0.8422654821340227,0.8214602945810425
142,2.2169939130118177,0.8140914405283094,0.8327688374701241
143,3.9054846957403413,1.4310698599306908,1.5022958417001364
144,3.16972376341082,1.5875405658917574,1.2156973408865055
145,2.1822258618435564,1.2438034591898517,0.7738414284964907
146,3.791220334282832,1.4936236484989627,1.4220592077950824
147,2.249333013325784,1.6044838481099115,0.914520957202467
148,1.9672347260315257,0.9910944414196369,0.732310065036143
149,2.1199438993728923,0.7370646525320603,0.6936815863975399
150,2.2950961308891786,0.9013633098414242,0.7885885585962615
151,2.0367740860641916,0.8324025674466747,0.7183925811075765
152,1.9477500373647014,0.9418363472187998,0.6725322226144475
153,1.9518904485624824,1.050678110263417,0.6657286643627242
154,2.029424073894696,1.1014668148135336,0.6994588854812084
155,2.2059359751509753,1.1921793811753176,0.7801026187566783
156,2.3586641169527014,1.279876504034929,0.8526995897364158
157,2.3804049633635573,1.3159612479836913,0.8698584577361436
158,2.263832635467842,1.2936207453123465,0.8273099618394384
159,2.10062012374415,1.2447351958528843,0.7626056297787289
160,2.012955180724991,1.2123592680483495,0.7259659645741974
161,2.0646380429365356,1.2198822077800342,0.7438698296403626
162,2.2196900332148637,1.2589357283888376,0.8026136763916217
163,2.3506869622793016,1.303732154992261,0.8531666466000685
164,2.269463383211603,1.3347417282933107,0.8251993743932301
165,2.126062495546552,1.3425784033070038,0.7721957302211783
166,2.230649060302742,1.319979371109922,0.8073808772809361
167,2.1694305572327544,1.2705313459776983,0.7839075655861552
168,2.006242512322414,1.228098903683652,0.7221722434670959
169,2.1502795664439738,1.225949109513435,0.7657194089002172
170,2.358864965149281,1.231352113886768,0.8312934711436272
171,2.4096989940852094,1.2184070728275236,0.842095273418015
172,2.3860619811795845,1.1968417435680723,0.827002034775557
173,2.352362738981732,1.1742966398434214,0.8085857722632658
174,2.3211328596984595,1.1527909674829193,0.7923359055107326
175,2.2990289317155828,1.134746739318755,0.7842072641155409
176,2.300118536291389,1.1256731845705825,0.7976857215223755
177,2.3473590650250085,1.1357046042417616,0.8531805471034002
178,2.4607899635200297,1.182146898737502,0.9560644381911163
179,2.630676749286299,1.277562363873152,1.0726039095914122
180,2.7983067401885493,1.3636196293711165,1.1967475696176775
181,2.8845669152732722,1.3588936276952683,1.324563921675761
182,2.8567475674201837,1.3022794919697827,1.3483277073823787
183,2.7584877903171545,1.2466537023018345,1.2578041477216089
184,2.6725271731070395,1.207763362030148,1.1574780710861534
185,2.65803846467863,1.1989510454273944,1.119567786427665
186,2.722664917144126,1.2222842554041784,1.154257707380019
187,2.8398715742614553,1.268822132442173,1.2368350568309316
188,2.9597482544020846,1.3211409919875503,1.322827652305954
189,2.955588809184858,1.3270642284855974,1.3065408788539115
190,2.876239286091203,1.3127448466207376,1.2023577729197608
191,2.9987793135930176,1.388214118192031,1.2235813248147118
192,3.047729818555965,1.3906139240694368,1.220319791038973
193,2.9581767476915517,1.3432735902935689,1.111617219374459
194,3.0550518690676873,1.4571704832258763,1.1899617560062525
195,3.0872128467370707,1.5025481850704698,1.207856681445774
196,2.91273137867091,1.3796851606709342,1.0587932407600604
197,2.7652168915671065,1.296609777537841,1.0088708313428894
198,2.709831309129255,1.2926785778654253,1.054796323239287
199,2.7197588328288314,1.3344455054138777,1.1248735736460955
200,2.7615463565264906,1.3938278502220194,1.1964072954977218
201,2.7602457762941346,1.4058496026878189,1.2016250122776513
202,2.6702859771356358,1.335233958986243,1.1027280035308682
203,2.524597038146626,1.229489690797753,0.9526255481188483
204,2.406035005931446,1.199257991353179,0.8639072658873995
205,2.380371813383535,1.331865038446717,0.9283579802643456
206,2.4371953523277963,1.5686432975654365,1.1281532057516541
207,2.425960646064663,1.6239658334031368,1.1983816910342786
208,2.361565481426316,1.4494307214510698,1.1572501901317758
209,2.5498457883256913,1.4665226665074353,1.5337714266354308
210,2.6493493158905106,1.4163766776057973,1.6690092708217446
211,2.6000767220064502,1.2918024899885876,1.4704667045056377
212,2.5340041503619437,1.273722563126605,1.2327175336262501
213,2.499142404270057,1.4421215042899553,1.0915272595338708
214,2.4810451614089173,1.5922944207199716,1.0493006452495885
215,2.446942482488466,1.4776471942948741,1.0468854216029493
216,2.4229316974568684,1.321445770068733,1.099410708867382
217,2.4311479467275587,1.3118838764428744,1.2086543504717424
218,2.460254377727908,1.3697706025507634,1.324034525200097
219,2.5021254835096705,1.422935530812666,1.4059396780809836
220,2.5561982321100327,1.4523988115393007,1.4358747729665948
221,2.6227106402064395,1.4546897282407578,1.4081107035761207
222,2.70041934556586,1.4318156798707464,1.3281739628753653
223,2.7852485982035065,1.3898643499196561,1.2183318681447637
224,2.8672277890596334,1.3380092837040987,1.1355752722621195
225,2.931762655550278,1.2868016018179258,1.1665432836636715
226,2.9819044332946376,1.2445582069543888,1.3075026984657114
227,3.059152655394963,1.2163758554844295,1.3702377284497629
228,3.201585350805281,1.2117296934880408,1.2470423644549522
229,3.389898255808446,1.2421827925402817,1.1323044435155696
230,3.5685670568763332,1.2949159435908904,1.1719005951716746
231,3.68864712108006,1.3265653747817288,1.2035100043122657
232,3.7367168353645632,1.3087493526923706,1.0480141202113187
233,3.7515811572952056,1.2619966823871291,0.7674628819320549
234,3.802235936946487,1.223205176743468,0.5288078955829282
235,3.9599541812386656,1.200688426618834,0.393858026433102
236,4.266264331017679,1.179480548460996,0.320080750062779
237,4.64179127379246,1.1605401872406607,0.2635397160803593
238,4.881274642575531,1.191695632797651,0.18338744610883365
239,4.883509231409223,1.3352428109726613,-0.002749111998633381
240,4.709986901677604,1.4833740471332002,-0.1271505660918166
241,4.2211163204403945,1.72805786203836,-0.28858425847158975
242,4.42332428755859,1.4509577059865082,0.20962515693878647
243,4.582078710852639,1.5772401263043159,0.030198376492753642
244,4.733408478229081,1.698583209158197,-0.18729605908346114
245,4.679899489453088,1.6624751134281306,-0.18749820152840563
246,4.5696665206982,1.6007247008448755,-0.2015453192681454
247,4.545381997214597,1.5764354038014485,-0.24680776827056589
248,4.5342233809176244,1.4631401226484402,-0.11787900249356253
249,4.450527168365128,1.2222376583253205,0.08674254202898328
250,4.414679846002847,1.0763885243719487,0.21362232787682658
251,4.559186728849298,1.2145973508606023,0.2533734443102
252,4.704876290020744,1.441902782890771,0.14736429280952668
253,4.697270714209877,1.5570711549683496,-0.101723314951984
254,4.636692343696716,1.5743480786946553,-0.26663166542939093
255,4.622194006807788,1.539884733500571,-0.18007740376910414
256,4.606286876614155,1.4785095516522222,0.008875024199648144
257,4.532500562219359,1.4137133571545781,0.09981173440670649
258,4.445080772305406,1.3670722967451199,0.09341279554791564
259,4.426460466369225,1.3534016873307597,0.09089238796658876
260,4.519125288595816,1.3474021087819992,0.25799484825846203
261,4.688460187614473,1.3551233251155783,0.5428791211907515
262,4.763904376780063,1.5209215237201612,0.35990326499693626
263,4.709144156932623,1.6205716208829988,0.21583612881729133
264,4.724733281584093,1.4725731852611228,0.2901199375347015
265,4.632598021579623,1.3048827989158325,0.30687013510792277
266,4.648811418687987,1.3036835538113904,0.2926823282375703
267,4.834767191675138,1.395441215750593,0.3311912850981876
268,4.824409310487244,1.295123928657354,0.32329425334966627
269,4.646330480280029,1.0901507675811266,0.26769032160479234
270,4.780740340697389,1.2399394249963431,0.33313285510538343
271,4.799431947151531,1.3117364964836817,0.35725373505275093
272,4.617790208294489,1.198900272169536,0.30798064264168495
273,4.510267626142155,1.1407430360262818,0.28892006264033965
274,4.9003385656224925,1.5520451677965192,0.4997568296444126
275,4.645167665972149,1.2703580268902819,0.3709775511584747
276,4.698886565880316,1.2694340855578943,0.3783617348569527
277,4.645859302006511,1.1331415191274499,0.3179549124669897
278,4.5703431971846475,1.029746727040292,0.2765557590699132
279,4.590565107972377,1.1461586694359394,0.34946922559452553
280,4.638348280117657,1.3321593156630402,0.45879832364725726
281,4.624370878775453,1.411124579119215,0.5133315421489136
282,4.564932605332442,1.406553843446489,0.524853378885581
283,4.494904556301066,1.3788318766995689,0.5241596209508526
284,4.426561030643828,1.3480726779695364,0.5213640837569533
285,4.362775326504709,1.3173839645514938,0.5178467329436839
286,4.306380877571612,1.2874442386342437,0.5138703116496601
287,4.276113367860625,1.260132597195809,0.511628751568241
288,4.353031729261667,1.2471110540234713,0.5192107401818793
289,4.585792758169072,1.2989015611001262,0.5225387022512203
290,4.643718608548403,1.4803090754916068,0.44018880936539034
291,4.34945688533275,1.6003164682536746,0.33169394165696875
292,4.23775832681815,1.4349606309946168,0.39786029280843466
293,4.437302835924992,1.2711318092202546,0.5410873117786313
294,4.588256543634666,1.231921720534225,0.5991516172599817
295,4.506233907913444,1.185845177829657,0.55343102271501
296,4.3610499496292245,1.1305437969586596,0.48206084297743
297,4.339056605163035,1.115979186717364,0.46137585963398847
298,4.460655795294452,1.162483669627558,0.524787051260702
299,4.677454460565071,1.2595320774786938,0.6601638478734424
300,4.835839971089433,1.3197265818862585,0.7348501244247263
301,4.810142163012874,1.2787649197913817,0.6396610407566562
302,4.6203602821899565,1.290687696103639,0.4698457167389485
303,4.487740677963371,1.3965222908195816,0.401746211197916
304,4.926363735444564,1.207163452196465,0.5872558263643798
305,4.879506059561465,1.1529067629995216,0.3995337323161277
306,4.896575265540427,1.1670553014040494,0.3487297913758975
307,4.932999822576894,1.1803097850671243,0.34287157724556144
308,4.867720169682337,1.1918193515178968,0.34058199801217387
309,4.629141619827799,1.199937665688278,0.34301070259905736
310,4.467660324021266,1.2031152560668303,0.332776655841721
311,4.626557574308969,1.1681576400843496,0.23472862050624135
312,4.707429221856466,1.0566290337429827,0.062134606932774894
313,4.614253092531436,1.0025837849016934,0.05987299884045444
314,4.780267282189578,1.1088445318900426,0.19539020005626578
315,4.98332793786117,1.2195109005819875,0.29536702173107876
316,5.01348659182462,1.2208691929884845,0.26097945664553324
317,4.935521006011097,1.1164036438851888,-0.022005251940662884
318,4.677039621753383,1.5858622869979269,0.2972065432142764
319,4.851766883953522,1.287204333264657,0.3381254870331576
320,4.816061851837819,1.2451951511652115,0.33950783621660513
321,4.750111518894809,1.2387631408594293,0.343818028168469
322,4.680911428600191,1.231177325163956,0.34847305299402326
323,4.609662377023472,1.2225897185135042,0.3534088026146213
324,4.537494996180941,1.2131990069346839,0.35856932595743546
325,4.465474953988798,1.2032052576454515,0.3639046552606609
326,4.394584748813078,1.1928050137350243,0.3693713582603192
327,4.325715204239394,1.1821879515245413,0.374932297343092
328,4.259937741011327,1.171590540285413,0.3805360471448042
329,4.2047170519532635,1.1625861195461675,0.38568279586058096
330,4.216881265756715,1.1669118179876747,0.38633189977013294
331,4.41008781660508,1.205824749547491,0.3725781676797913
332,4.630764631300679,1.2334728264640342,0.3438813862506168
333,4.669706697512147,1.173946430355127,0.28993761195074336
334,4.8324076801571065,1.0604663784613753,0.17088333864209254
335,5.076957341886447,0.9204937289486873,0.024573572114082207
336,5.108975966335,0.8317441678045463,-0.02882782692170167
337,5.040999808576525,0.8799553420758558,0.036021186452751985
338,5.054739110275088,0.974588916166075,0.11046948735326702
339,5.065251343838572,1.0210707120474982,0.14783200275259645
340,4.872762592415977,1.086963777325925,0.2309820353302893
341,4.536847247536234,1.269091901053913,0.39163033301135186
342,4.940280231845333,1.075339672587635,0.2302170337882618
343,4.6593323363772585,1.0406329665055223,0.43342496666818375
344,4.348626562801621,1.0849835036285,0.40789922164435066
345,4.349241588960107,1.1301174532566647,0.28743227646527875
346,4.5340355357254944,1.2595840457663734,0.2579124706306641
347,4.677330579269767,1.5060276600937532,0.34105413164269266
348,4.8047208821275955,1.0534442116134946,-0.4321998640904676
349,4.825639437579218,1.1961087361463025,0.11356823114540651
350,4.632248100583882,1.1726536645942898,0.21196762209852044
351,4.401819502007912,1.1478020402841953,0.32762462615644744
352,4.216763108708062,1.1283726690417895,0.4246528892570481
353,4.109313883588973,1.1180109223308685,0.48917519818135835
354,4.069052524393992,1.115509887252711,0.5255405488280563
355,4.069998611273312,1.1178807409792992,0.5447440709301333
356,4.092152943535863,1.1222627394676197,0.5551087700840777
357,4.153722499703133,1.1204477968236628,0.5465517296563439
358,4.365335968837725,1.0855889657256224,0.46321580082840663
359,4.586592474087653,1.0467469187029455,0.3743969541556652
360,4.510681061467554,1.0629538376399006,0.4298803629758994
361,4.5415768017237585,1.033023520362356,0.42394215942401614
362,4.661950874791598,0.9944484883946006,0.37713830797192244
363,4.568192748043579,1.053979357895064,0.45489093043898776
364,4.418571609199782,1.1374958233792787,0.5642767813231923
365,4.376865103542569,1.174307969559916,0.6112700900617782
366,4.394437000163116,1.1846247547091482,0.6223322400642302
367,4.431423040434186,1.1735131782977297,0.5920532507342738
368,4.519191535409515,1.0745948601812951,0.37779759158339193
369,4.608486504153232,0.9706361745107329,0.1532462155854185
370,4.568039205060914,1.085258884339696,0.3881788879113822
371,4.5313726011002124,1.2008333980446095,0.5716564617807348
372,4.557595241949649,1.2800924519320607,0.2152581460069225
373,2.815804114171542,1.4054566298207498,0.18527554248835365
374,4.667693243120609,1.2434032799039532,0.263834410171539
375,4.642125776293318,1.2371703485640113,0.4656552666681696
376,4.60885266661195,1.2315629656629783,0.6380946706966596
377,4.617107399058237,1.2258772210976898,0.6286944266049479
378,4.640569751981118,1.2034493521161802,0.5042550862886541
379,4.672943131192377,1.1633239507041078,0.28827727040077933
380,4.691155977294828,1.1409907126107215,0.16740959042309278
381,4.676800157024705,1.1650576396221544,0.2912896017777658
382,4.648172057486724,1.2069181334605816,0.5102648313403745
383,4.628011502272898,1.231055107478398,0.6385162096331141
384,4.616415863039,1.2384149091335948,0.6761530074494762
385,4.696441921531892,2.0129496282876627,0.923123540517334
386,4.588081300121533,1.2409661008233583,0.675947879770395
387,4.533600243848426,1.2679792506816305,0.6315401061206418
388,4.400193895226505,1.3538306197423797,0.5029270707770517
389,4.2943578773532085,1.4163142121886727,0.40745209194976356
390,4.353151088076099,1.350415570640933,0.501370705528462
391,4.404835597832583,1.2810737030350574,0.6501460973971971
392,4.268004664412691,1.3317524716779843,0.78216555226064
393,4.105548677464081,1.3964826774891463,0.8632038310915717
394,4.142091057057394,1.328961000895376,0.7904401316898143
395,4.12504183164888,1.25690030785435,0.7119771676177343
396,3.9136187704733625,1.2564175332985568,0.7113762254490679
397,3.6528861745248262,1.2774639370575829,0.7339374967790301
398,3.5110124741280253,1.2864277342433275,0.7429842309603906
399,3.560593104640538,1.2743967103175768,0.7294557768244113
400,3.7054096098619476,1.2564953517577766,0.7128993002774048
401,3.747965190532732,1.2686684318963217,0.7319097622095404
402,3.5722937445037664,1.3514168537020603,0.7756119329515747
403,3.300507325955631,1.5003277797033443,0.7421500624879739
404,3.224655107594853,1.573375831888601,0.6712726403901369
405,3.3879253993000717,1.475362173284889,0.7487001725168173
406,3.4732351061330413,1.383671665996257,0.9251673143800025
407,3.3709889927297425,1.396520162493754,1.091904442471104
408,3.2038193039889653,1.450507781845638,1.235558766542749
409,3.057593829633882,1.4977591415193596,1.339180055599991
410,2.9667427813886174,1.5215075553740502,1.37594396238116
411,2.941939574380952,1.5170437660262985,1.3344029154753834
412,2.9734427722503254,1.4886027828853068,1.2282582036245902
413,3.0360037986158215,1.444805470373842,1.1053806959315886
414,3.0989840999583675,1.3886904257695083,1.069125396950742
415,3.139589908209166,1.3239720293623904,1.1887520861837988
416,3.156162257327413,1.2867543318849304,1.258282050560748
417,3.1628921216451285,1.3069777871699493,1.0720509790195873
418,3.176500240631083,1.3457980236976308,0.8827183697172182
419,3.2137619303934932,1.3640109619845917,0.9396474188449752
420,3.2607342766676535,1.3701936349571846,1.1415580558408611
421,3.2570980833571306,1.3885685444009217,1.2566490999302296
422,3.1669654261788156,1.4297845444107171,1.174457672046206
423,3.0379106132388856,1.4814772474838365,1.0085760362675944
424,2.943874153201136,1.52451416065689,0.9407683028317365
425,2.909068361830762,1.5525627462448317,1.0306277415549312
426,2.910471944969972,1.572500370420822,1.2147051407850982
427,2.9127281580485036,1.5960909915345263,1.3887570270287726
428,2.8877670053740623,1.6337029408690822,1.4636541980962021
429,2.824543336792607,1.6895146949831732,1.403189586470858
430,2.7322934574935114,1.7594696797953386,1.239408375330197
431,2.602854653826143,1.8387659586539549,1.0881134820366163
432,2.3582088491277413,1.9100984826994702,1.2787779885751125
433,2.5875784404489397,1.8378008293662587,1.2284898069493115
434,1.919345636407057,1.8329610537620036,1.3936989704815321
435,0.17301828171620093,1.5366256690752251,2.6213125945004805
436,1.7718786918315237,1.9716152508152247,1.2252757563561518
437,2.2953845910479815,2.0683381772443363,0.7971240301052342
438,2.2647550677219637,1.9173166058550073,0.888386324027176
439,2.2232269182542344,1.7095133608068478,1.0113905046537837
440,2.1887962639195435,1.6309476600564807,1.0754577227973143
441,2.1681576799282394,1.766408074476053,1.0264116907316325
442,2.1611208981780523,1.9080831983321966,0.9039534758314738
443,2.16262736209208,1.8259874884770406,0.7790284978847455
444,2.163468097613707,1.659640515038801,0.6752672757457822
445,2.1581638490823907,1.6380986868260903,0.5771705402072855
446,2.1331099910872897,1.8165121745750823,0.5422204028237749
447,2.0722201235816544,2.19264538111836,0.6377119153563899
448,1.9951990567722255,2.515023106649263,0.7505115960434012
449,1.9128702029666598,2.5960177297757747,0.7768822399271774
450,1.8084717884807102,2.506724820104335,0.7370737391038503
451,1.6815070351697197,2.3458543916216845,0.6698166450281331
452,1.5632425755919994,2.1957783558687076,0.6068098697973988
453,1.495724887265037,2.138053112677425,0.5783993367901982
454,1.4953033107397136,2.204420195007206,0.5944895062048527
455,1.53311271299299,2.3427103706258654,0.6308309385390588
456,1.5191461212078137,2.4601194036532985,0.6111441437979234
457,1.2833400822141514,2.6425614517406113,0.3992576136071396
458,3.699720937567935,2.3580677430746713,1.3482531205553294
459,1.4110016502870049,2.4174037133805752,0.5125986220471072
460,1.2803950604432301,2.208037295509555,0.3885019929633878
461,1.2714357361385722,2.2290010723990608,0.4079838066236147
462,1.2845278523519477,2.2868975096019657,0.4523187383830545
463,1.2557339509001404,2.278941188140169,0.44578144164544153
464,1.1739721232086233,2.1846494977567725,0.37627765845237493
465,1.1226553420729866,2.1308240925842403,0.34510556263673536
466,1.1531807350297694,2.2057011922216017,0.43177970599986354
467,1.1170954788286458,2.234624207148331,0.5486902838387946
468,0.9863374108293371,2.182767844911869,0.5066825174608557
469,1.0165557787929826,2.337416251947911,0.24688820872609163
470,1.0439819781873523,2.428738405694435,0.06506392569327163
471,1.0827251466347156,2.391118360846631,0.21314458227848476
472,1.141021317273767,2.344399282189162,0.4333030405880282
473,1.1402132866349644,2.3479647826935826,0.3786558016138967
474,1.0897767236072287,2.412795650404671,0.05208354899905603
475,1.0377804357248919,2.423739750191579,-0.1659740187149526
476,1.0143768228616055,2.287914071820048,0.014573871206930154
477,1.0225132037391895,2.1475566009337426,0.3288434162335793
478,1.0773455446510884,2.192880774688067,0.4701551746706515
479,1.1732648555505818,2.3980484054536584,0.4667253925140065
480,1.2132243351769025,2.499265482374281,0.43834147312266547
481,1.1290405152939993,2.3286781188864087,0.4376435470297523
482,1.0169384649593345,2.0947417501806327,0.4555828401395919
483,1.001418642221932,2.061390568054672,0.4641507889246517
484,1.1112748421104435,2.2208062335324894,0.3971712005734634
485,1.2518068731508605,2.4231387056859015,0.3029325465559261
486,1.251466325119755,2.5555615246840637,0.40346400699291013
487,1.18079817806568,2.513548630650665,0.4662555619911826
488,1.1037185477771083,2.377367602023345,0.45125830229057917
489,1.1063297084309913,2.392567732785489,0.44427960099688335
490,1.1525956997561193,2.5043498299290903,0.44648378923023047
491,1.0751361778766455,2.384186516965415,0.42339731343217973
492,1.0316955493675262,2.337526787526246,0.40749708030343545
493,1.0747179839645946,2.459465154434139,0.4093809837890012
494,1.1282463686468316,2.5887593587635984,0.4127757508843225
495,1.1594806238244941,2.6450087220979985,0.409899489283759
496,1.1548352980408199,2.5883291167412574,0.3970278712294623
497,1.1165165499807417,2.427998076548863,0.3748208615265483
498,1.0685669044463186,2.2439561188862154,0.35015025664124255
499,1.0399182574528039,2.1193013127208826,0.32816915905545246
500,1.0074859135984333,1.894336504200253,0.28017164247313686
501,0.997212424522393,1.713002030290113,0.2313705964220169
502,1.1425896253084364,2.169144946002655,0.29757165421530796
503,1.1935320668065088,2.1016192400854616,0.3540589917615972
504,0.9091093160030436,2.137072439473542,0.3355974800581382
505,0.9132584787851353,2.1957322529183547,0.7369133490050218
506,1.3123161383792292,2.3772569676892115,0.3529461775091322
507,1.2965655891024712,2.2997086109845397,0.31999430052676936
508,1.1697599976145638,2.4290610769119376,0.3903901751401797
509,0.9907972533818228,2.079011805999828,0.534730646584063
510,1.026490811872607,2.1055247497506064,0.3573870867665927
511,1.010862560045357,2.0614105582295097,0.2448811734882633
512,0.98441892719044,2.053598114118098,0.18097906696173396
513,1.0309852115620173,2.2511096446053953,0.088514388491754
514,1.0646494364665158,2.459007452405478,0.04364455225787984
515,1.020671651943817,2.477425722606863,0.11785658864196598
516,1.0526467048402695,2.4944863599047498,0.25754531034758255
517,1.0777689644505517,2.5078863385588006,0.3383586312156289
518,1.0529013287986326,2.4167993252782867,0.3562155992747795
519,0.9992313643989965,2.24190697683603,0.36843920421953996
520,0.9642478265928327,2.16870774138953,0.5105601031939769
521,0.9740865793803769,2.2241224715661514,0.6902607846713755
522,1.0089500327981828,2.177362730773862,0.5325270838967057
523,1.0731989023160098,2.2232225681245947,0.4079565303819858
524,1.1446194044187992,2.364204852988082,0.41528370443454915
525,1.1146710341186603,2.3276559824062923,0.4877981225574313
526,0.9472224493581519,2.0384347662859303,0.5729742372648838
527,0.9513360043189274,2.1024517808959287,0.386921390148753
528,0.9239345096362084,2.0545796961235374,0.27433072054109753
529,0.969409174976471,2.0994094196886524,0.3011193810631179
530,1.0963990050209862,2.3277698153129567,0.3783658398364167
531,1.1213503179066042,2.427909004350683,0.4250130963885325
532,0.9899041556584374,2.257669308447914,0.4153944213766398
533,0.8952369312976456,2.117318726826743,0.3754711580552552
534,1.030750914538619,2.336386171838078,0.17187176317163566
535,1.2302423461311327,2.632076453023523,-0.07577443384727325
536,1.2010787140416939,2.5324538108862464,0.23799866989420912
537,1.0636622731431695,2.244662174961522,0.46185843628656026
538,0.9718176266787537,2.054215506882397,0.47059531485585054
539,0.9340751110225157,1.9796178854583082,0.45454254922480924
540,0.9443621954548067,2.0048965232778277,0.4412952928832576
541,0.9965505733167096,2.1155603495427413,0.431474568352542
542,1.0749614419842826,2.2770576132936027,0.4230903853259498
543,1.1544800551416945,2.433239751563784,0.41235742525472197
544,1.205256779416214,2.516241687267787,0.39438408338850306
545,1.2042807163168352,2.4744228749583685,0.36560851759780105
546,1.152379263561394,2.316601329517802,0.3279048259808619
547,1.0832175171887803,2.1449372283662584,0.2915354168924774
548,1.0454789897358543,2.1052067158027423,0.2704369179440724
549,1.0589264149041335,2.194301058159466,0.26522733292287803
550,1.1009367516294888,2.2813023221006907,0.2642285593188565
551,1.1403451314748063,2.3534950672681068,0.26426534608806945
552,1.152614941619613,2.3970734323388787,0.26249130588876207
553,1.130321018284104,2.369076422740869,0.25489194399167747
554,1.0860330362477149,2.2844612853442157,0.2431837716962243
555,1.0411639638789847,2.1897648846574995,0.2323559652036454
556,1.019268694864371,2.13401655800146,0.22820486155021286
557,1.0399469148552356,2.1556733139517763,0.23559287243719024
558,1.1026467419640837,2.2557049509938523,0.2541950224775671
559,1.1716696677758325,2.3725163524170667,0.2745768734538902
560,1.1921801331104807,2.4105869548012415,0.282348973584432
561,1.1374217477884,2.3237571538817448,0.2703341220321408
562,1.0418094045704887,2.180496237217623,0.243638072593843
563,1.00524099058468,2.1953158220953273,0.19886329297655
564,1.0876756640933165,2.3913517998013716,0.11949391632376717
565,1.1223260357791025,2.358592808424715,0.08096631001767501
566,1.0231620812128188,2.22382146279738,0.1639041857727767
567,0.9912763814757483,2.2584820174597113,0.23163280142790033
568,1.0399555131810128,2.399756070249037,0.2557278789352761
569,1.1020530288740353,2.554609813726427,0.27287539821740636
570,1.1592812516814375,2.6793996248751193,0.28114903138946445
571,1.1948095470831943,2.6919953590497796,0.2526900624765464
572,1.1951832608191937,2.5323281490485128,0.1736490302788347
573,1.1836112505242051,2.359934981198067,0.13128675051824268
574,1.1919678722563622,2.3588784399893012,0.20370094710950828
575,1.239788022199449,2.492836684575646,0.2661808857709793
576,1.2840930509125446,2.5709347269261915,0.25945016645213725
577,1.1960760828939458,2.2996988717214957,0.3450140699311204
578,1.1535559686508698,2.2009298385959317,0.40077838552653683
579,1.1820754131689646,2.3379236236089076,0.40617702267293265
580,1.21885080811299,2.5115802879082683,0.4044129344317569
581,1.240194868508354,2.6294602476899236,0.40260234636776754
582,1.2333587927656433,2.6641496886929867,0.41026357774465977
583,1.1331293184361155,2.6640532753848105,0.5208395440456383
584,0.77611601991936,2.7460266836990557,0.9644888932145617
585,0.465040165016544,2.7922843399293726,1.346376330496053
586,0.7243069906791939,2.5633628240803192,0.9714343255700715
587,1.0365281008446303,2.3251531300532373,0.53533805463723
588,1.1080137456598242,2.2271124454138134,0.43253097811287444
589,1.1110587402526086,2.1852181176757637,0.43286437100943725
590,1.1149546918259174,2.164739978229232,0.4432691294401785
591,1.1253883424592945,2.1613585352726052,0.4552661830708716
592,1.1417768099943337,2.1731543339031907,0.46841231000952527
593,1.163219769565505,2.1979318784654756,0.48246830201233715
594,1.1887374814153078,2.2333175085889163,0.49717556320183776
595,1.2166230443871433,2.2765263378749574,0.5117895628353691
596,1.2296432095642487,2.315999474766795,0.5152060096233918
597,1.1459142860675293,2.2945114885389737,0.4555381580023471
598,1.0035053661671358,2.1867394182317024,0.37032378951551764
599,1.061988426448366,2.1776604438143483,0.4233132325245743
600,1.1997140644746005,2.319389019715544,0.5028943328088047
601,1.2140670466924222,2.3841606100041006,0.5039045208275689
602,1.1104695924917074,2.303644687295086,0.4486684695857029
603,0.9878918354715173,2.191187554388948,0.3878153051222914
604,0.9366315849032222,2.146875930410296,0.36948955515535015
605,0.9875655303890802,2.199392030913711,0.41694501089625763
606,1.0865847392944985,2.28658918482083,0.5128299061911463
607,1.1467934487545206,2.3148968199745403,0.6178753066353009
608,1.1317585171067064,2.2524603950623105,0.7024930405572801
609,1.0862588625620218,2.2276619860774014,0.8260672106870706
610,1.16571955198793,2.54627227520029,1.1995869070979868
611,3.29569922069243,2.022995651441251,1.2256933654857431
612,1.2932138848118722,2.2996788598717104,0.7165358306569662
613,1.331262056942546,2.4352602247941397,0.7038266972353746
614,1.3687479874414556,2.390874727451789,0.6569365361530625
615,1.3639805968503753,2.2843893327820814,0.6142353597773097
616,1.3667070294299637,2.2447221346011297,0.5830411815953987
617,1.3850394856106694,2.2479576802120986,0.5679657382450726
618,1.465374112154176,2.335254035539464,0.5882220775766226
619,1.5584441996974419,2.299034387294111,0.608601246956894
620,1.6148434185307785,2.0692841626019924,0.6064344612072353
621,1.631250740252561,1.9055359105825154,0.5987530212730444
622,1.603430790885185,1.9720300544271605,0.5962714047523782
623,1.5644861972945345,2.1503597777940455,0.5919808991987829
624,1.6477883824614736,2.156554129514876,0.4730468374210739
625,1.8444638729906098,1.971848743192702,0.26148426064377744
626,1.681651773354827,2.15347736600532,0.4928199577722792
627,1.6188859306409737,2.234184480011046,0.6347784960150553
628,1.6731891380136779,2.2065913709106297,0.6660779595967803
629,1.7470546287698283,2.1777967384878862,0.6967076567975545
630,1.8322793190519922,2.1535287435123287,0.7321606505801557
631,1.9248199288371448,2.1321915994697354,0.7705333598933669
632,2.019176535691332,2.111386389828983,0.8091564530392246
633,2.1087545081569963,2.088168614471459,0.8448372822669384
634,2.1864255251963125,2.0594853134343674,0.8741781135878518
635,2.2390675052627644,2.031684621242595,0.8948065016359467
636,2.1906525181277616,2.104931252625498,0.9135765602721403
637,2.07378475967498,2.225444564024518,0.9239585723761744
638,2.17915882420525,1.9716430458337741,0.8870798758715908
639,2.2250581585111946,1.778376429473763,0.849766351244766
640,2.20895975445035,1.7463007622772653,0.8468812370351654
641,2.2587263783581966,1.8558012883913377,0.9205641288782158
642,2.3701964879353694,2.0729265697186534,1.056133589189219
643,2.383550938620108,2.138795898585323,1.096823695778695
644,2.203545925906939,1.8933182242938589,0.9429566223416853
645,2.2241864289944915,1.9054311268070514,0.9012922210877842
646,2.519424418287368,2.301164010087202,1.0650104078068954
647,2.638285826242137,2.1815261108463595,1.114622718257514
648,2.7243904219527773,2.162647100423639,1.2018050156009157
649,2.666527856706295,2.111605826671364,1.1987505369711264
650,2.7286516383595396,1.9084875748889156,1.198981342669579
651,2.809102406640529,1.9826373805013595,1.2511493172985286
652,2.5921879034810034,1.6942989317013037,1.0042110058329656
653,2.406097397982031,1.455903583284218,0.7608615060194911
654,2.707336840220616,1.732052454218923,0.9072723692496868
655,3.0603198214742973,2.0470168277615852,1.108876398831556
656,3.144557832395992,2.061376848730145,1.129589921787732
657,2.960803840322685,1.8052603864309733,1.0308716368404804
658,3.131112252465131,1.8689725416458112,1.0538490954076989
659,3.075135210843651,1.6734890988557192,0.9943882036049937
660,2.9864350930017336,1.440656383817565,0.9674962519072683
661,3.01611977403104,1.3707330630639742,1.0835566147750617
662,3.1551995186266,1.4454003675807479,1.2800361569908734
663,3.290940661175456,1.5081605719659565,1.3938984780204242
664,3.3448805347376926,1.462354938242867,1.3400484333906646
665,3.3213510731998688,1.3334462039257664,1.184121311660433
666,3.4835613988191554,1.3298026661734519,1.2909248512040221
667,3.5244374177934157,1.288741920343525,1.4169759546080678
668,3.3286782431724804,1.2076636580688973,1.2201705175732906
669,3.5234477691219013,1.2888684314232248,1.154292523396492
670,3.814038731184139,1.4157915440658744,1.2338657167581273
671,3.6001482166265655,1.3690911865901751,1.335181526120177
672,3.3841421064439783,1.2706044213023913,1.3463663941617914
673,3.493701704986665,1.2225213960470933,1.2285794624409008
674,3.6964855807602706,1.2093613682769346,1.056275626723449
675,3.7944397726346297,1.246933768585866,0.9088888864135767
676,3.7713395877930047,1.330443976736754,0.816532855731193
677,3.8267741181927852,1.3711698595401338,0.7338546699107015
678,4.1147019574424855,1.3019180650053506,0.6156891842836147
679,4.488808716701535,1.1866829788490303,0.49655716220200524
680,4.744053486086463,1.1245517787501678,0.41983364445337207
681,4.860243309563149,1.2341585429531687,0.3055087971844418
682,4.87757738621144,1.434502253586623,0.13222393764837986
683,4.754510561895882,1.2469316922546112,0.11673754390170767
684,4.631770343194244,1.1265249216317104,0.07448961138754517
685,4.736686305575207,1.1203121272677243,0.22159767446524717
686,4.788177031838625,1.128291718741822,0.38413789178802327
687,4.615934505076291,1.148635256903059,0.436395027075522
688,4.350768392830753,1.1737777489311343,0.4583005329730531
689,4.195161015105083,1.1837271214052096,0.46910340875765066
690,4.260234762596593,1.1663690728248082,0.46403558211626256
691,4.4387527254779,1.1339964256707595,0.4504992825249679
692,4.559196795146269,1.1061549292408521,0.4401887331764545
693,4.571897337828467,1.088659645896556,0.43657882913944246
694,4.520235706542449,1.0766661348803743,0.4370086146120846
695,4.450248502664668,1.063981728121664,0.4394759210303832
696,4.395364083001421,1.042322422567656,0.4455843710157155
697,4.3964378107332776,0.9970369786086314,0.4607865966871185
698,4.484268608817205,0.9170772580697371,0.48951174717985635
699,4.611956405465611,0.8233999668007075,0.523904982240902
700,4.649008159375617,0.7716290030421817,0.5427730940823561
701,4.523543326983617,0.7942807326382332,0.5339639180803184
702,4.327525348022842,0.8576045212591391,0.5110328374211053
703,4.207353696915126,0.9050688488678383,0.4962610753869087
704,4.217369936439601,0.9154933057656692,0.49794253255244153
705,4.322503335686719,0.9006505078968601,0.5111335169581844
706,4.467279408166209,0.876671754812825,0.5286562055551555
707,4.605644479173028,0.8527721857053637,0.5455797217285346
708,4.701394994047268,0.8334474592717808,0.5586877825212742
709,4.7297515160874575,0.8210612742554199,0.5659120721329562
710,4.682997629409751,0.816339136137568,0.5665209153609467
711,4.57318708330144,0.8183325375251003,0.5612863655046485
712,4.4284050217966255,0.8247506817567583,0.5522109156086187
713,4.283793226151999,0.8327032008558974,0.5418678401150698
714,4.171244123782525,0.8395510477078976,0.5326428605379391
715,4.111794186972637,0.8435346932074022,0.5261781591762702
716,4.112840300938525,0.8440045841712143,0.5231760992985649
717,4.169815456581701,0.841283972958878,0.5235326013250142
718,4.270331025309388,0.8363286412169028,0.5266477407371588
719,4.398582932301774,0.8303653277090122,0.5317460894416343
720,4.538633783282701,0.8246233677285675,0.5381018693456823
721,4.6762098658432825,0.8201888612094415,0.5451428877859148
722,4.798962231421842,0.8179790973435102,0.5524347373668956
723,4.892117082959633,0.8190357152087742,0.5593431622195172
724,4.918275411922151,0.8258530183819742,0.5635782344098997
725,4.799885836437305,0.8431371645756165,0.5595064952670454
726,4.52949411556207,0.8685990373808825,0.5437174352949695
727,4.330445839547943,0.8797239200424449,0.5233686550337232
728,4.385575974916631,0.8546461007670405,0.5005057196121818
729,4.512924034695168,0.8051413960644316,0.4620621465978123
730,4.50648757287884,0.7644475770825555,0.4148423591467552
731,4.403317298522815,0.7618060322575958,0.3957189497681847
732,4.298685995038435,0.8064424224057183,0.4282446877236088
733,4.220745157757302,0.8782035522568877,0.49490874510451244
734,4.1616550897241575,0.9432646425381501,0.5586776110707097
735,4.119784121547674,0.9802002294658291,0.5972428306282501
736,4.107792226403795,0.9861766716869259,0.6106830746444838
737,4.141038307120554,0.9665418487000184,0.6080686166769023
738,4.22618821582985,0.9270199088650334,0.5966978844047401
739,4.355040773997395,0.8744986748911082,0.5810246265560716
740,4.481757021383087,0.8312085818843743,0.5683860787346238
741,4.481790022594744,0.8582767584582708,0.5771027744800853
742,4.447185644709683,0.9036292659414114,0.5920001003001232
743,4.642956793540425,0.8259073712596967,0.5714975678317985
744,4.767189481430766,0.7802258747709252,0.5613462193511606
745,4.7036899337036475,0.8265904192006439,0.5798144621427105
746,4.598078195466698,0.8796301187970503,0.617957018193251
747,4.635921557565643,0.7938678059711686,0.7069669006000433
748,4.724268709582145,0.6747865127992888,0.7873217133834189
749,4.5232229011249485,0.8551281915006446,0.7114173597413572
750,4.447527506614796,0.9556563034111382,0.6049923301284137
751,4.581721702652358,0.878401930840253,0.5344126644219016
752,4.685180055755333,0.8038780727898472,0.49290041457160144
753,4.672823011292329,0.7761424182753347,0.48166478051621536
754,4.6065858378292,0.7462060132273854,0.47365356206854803
755,4.567237524212571,0.6934997311304006,0.4546547607256145
756,4.547671917017975,0.6860683434215579,0.454680572673105
757,4.500632887122203,0.7804340122521075,0.5001033147884224
758,4.431148227256691,0.9159005074485905,0.5612200311381071
759,4.3883976309948425,0.9710887780959099,0.5790994722585554
760,4.399150601259525,0.8995000591937041,0.5325449955973757
761,4.444263660253292,0.77585345364242,0.4620348408543289
762,4.486692946687488,0.7213968337480865,0.432163162723774
763,4.504809580251776,0.7909875716107765,0.47285413469284454
764,4.502716956309424,0.9211890932113497,0.5520512229586749
765,4.498007104102233,0.9857410193303827,0.6047136049319082
766,4.504044412623118,0.9149228230294175,0.5929513863157372
767,4.522760434040358,0.7740727294200649,0.5432724451670843
768,4.548671275100353,0.7125935336344476,0.522114003239901
769,4.574769212755126,0.8129657515078188,0.5674466936415341
770,4.594389419178388,1.0017384971780183,0.6490600956266735
771,4.600893743058524,1.1243017586478685,0.7008044281197534
772,4.590183077014662,1.0845129335066237,0.6812986145006232
773,4.56710123870996,0.9087675822580106,0.6023664728541821
774,4.548765939505055,0.7157436356117917,0.5165056452284457
775,4.55507494217637,0.634441449403919,0.48045777435604115
776,4.569492774658006,0.6966735367553625,0.49481572115405975
777,4.537866443123427,0.8086396616263203,0.5177707522842051
778,4.536821757165696,0.8822063706239154,0.5972272686508038
779,4.503457663557091,0.7492573266104681,0.47588449452062753
780,4.566128995390599,0.9073876466739323,0.5426886607746861
781,4.639507073334763,1.0952974084136358,0.646801978735276
782,4.62609508017126,1.0549002457979333,0.6240228388536825
783,4.566743766401767,0.9067336565938486,0.5411008071963341
784,4.554089741153424,0.886028946555967,0.5277654845851071
785,4.5568757438258345,0.9421716089708421,0.5634645217601562
786,4.450730557831208,0.7933042515741199,0.5032944805410806
787,4.398091686927494,0.7221806527854476,0.4796731928877268
788,4.449956184614875,0.8141576222299984,0.5309357743526385
789,4.523637605828615,0.9244020011117684,0.5879352955881637
790,4.556556415356008,0.9688767756860474,0.6157954933215327
791,4.516900390439229,0.9115736973070214,0.6002489087138975
792,4.436192580620537,0.7992573163797135,0.5572550196799202
793,4.398049329778727,0.7473299605194974,0.528362600382857
794,4.452879793305866,0.8249965954148236,0.5392261077750075
795,4.559972574923592,0.9768300113956976,0.5708752350061067
796,4.639056065106859,1.0931941875493383,0.5849264163344516
797,4.651417048129314,1.1208881797616703,0.5635356766733924
798,4.610647282515287,1.07780731572701,0.5146822115796701
799,4.545525334711537,1.0023697861602339,0.4539578385982335
800,4.4781523181156615,0.9243730981053082,0.396477013302856
801,4.438008102720853,0.8884102562673013,0.381949528139796
802,4.466220327670061,0.9593854211275972,0.4749710742449541
803,4.495368789431981,1.023247489421358,0.5513234299641151
804,4.4408540319993595,0.9323520298163588,0.4351924396674844
805,4.46889861502832,0.9425504919371129,0.3448151160930137
806,4.654604952093647,1.1777822362984478,0.4091891871967102
807,4.7914610052826925,1.3528203161786652,0.48046608915665234
808,4.720041851278398,1.2508397543919656,0.4531302442569578
809,4.569296248184046,1.0457923346756008,0.3883743988117594
810,4.529489875543177,1.021978057655425,0.4317167655860376
811,4.656537107163939,1.3205017969751436,0.7268854527079792
812,4.563960455928884,1.1016038369854684,0.4637921559831113
813,4.613464671743554,1.0639928647358288,0.37931236329260876
814,4.885082975792607,0.9897249079403154,0.2667222732275894
815,4.6339391191697965,1.0882663028395707,0.32271648401785535
816,4.70361818728544,1.0063157890577756,0.26822819015095667
817,4.782473832592217,0.915667859806774,0.18874683969040107
818,4.57068600774096,1.0032243349904613,0.15559660535708203
819,4.325250433424469,1.1200984500998876,0.1402047555177419
820,4.2322690192352175,1.1618060257288552,0.12440110864237172
821,4.223250553401714,1.1819176437859014,0.127532994761717
822,4.254984026914424,1.2125462896490882,0.1599978077595685
823,4.316905276786585,1.258437925811268,0.22082486162419557
824,4.3703161402859845,1.3368951271887068,0.3072055768412774
825,4.240476293953548,1.5547134664840097,0.43454175772941067
826,4.029209631815635,1.8100337635909447,0.5543388650926859
827,4.198556434460972,1.740604874405371,0.5472470399097656
828,4.245975940686475,1.7017932083892415,0.5091754363585763
829,4.078001151812803,1.7756822166794881,0.4842848264743336
830,3.9061688107180195,1.8283381112087334,0.46562936317144127
831,3.7862836764138894,1.829514300411959,0.460765082499157
832,3.7352514545860758,1.792254239672263,0.4777920037736503
833,3.785317592951578,1.7443651889574454,0.5323166687561016
834,3.8889717607970344,1.7107434338405174,0.628722952799016
835,3.809066641254721,1.70972448074644,0.7409326072691386
836,3.624701438260389,1.7148008337747003,0.8139588642285602
837,3.7166838717217554,1.6772374874202796,0.8101527491684276
838,3.739619111119438,1.6368734030701504,0.7676279733301093
839,3.5777093999788154,1.6143020130351733,0.7194464615682352
840,3.4242838972058984,1.5960065978371747,0.6745455665080895
841,3.3410533163915437,1.5780522819981813,0.6432225629884961
842,3.312056092053036,1.5602263938726413,0.6370042790155781
843,3.2961278918149874,1.5416406847204736,0.6657511610949557
844,3.2530920549354927,1.520565090593528,0.7342753089191695
845,3.165815643391916,1.4955129316253364,0.8388362864914429
846,3.0499901189651033,1.4669505300265078,0.9653776365769825
847,2.948175588462983,1.4384513565539558,1.0911634931165914
848,2.911809379339739,1.4160855235971215,1.1905624638760484
849,2.976132081442346,1.4066258762059503,1.244652249168437
850,3.120752298670604,1.4210411316783698,1.258116076299763
851,3.212840164509771,1.489027829431975,1.284445284049421
852,3.1316973274545323,1.625328193213206,1.3720422556073948
853,3.149422038386446,1.721972508377195,1.3981831010933337
854,3.5542475961190214,1.6736183242652287,1.2350480958664
855,3.8584759335330463,1.6214349576008122,1.0749441518199516
856,2.736889509853705,1.9059872310286887,1.291942108770607
857,0.06739173692428418,3.3457017364455597,2.559544746465865
858,2.523931330524979,1.8842667977933494,1.3044050222056887
859,2.7631914156194632,1.9011415264224991,1.3016978059249427
860,2.6968581839173558,1.8601819208972963,1.1857750113527465
861,2.505229836527146,1.9426336398013402,1.1625481683594383
862,2.5928162204548166,1.9613395464847987,1.1166272298912963
863,2.700327344831969,1.8993322489160496,1.110995432956616
864,2.6393374259357434,1.7997310197404162,1.1449197867098766
865,2.474160527065725,1.6817561317573775,1.167955557396802
866,2.3451967845273827,1.803189985787984,1.2104743830191127
867,2.2319163280558523,1.85629825068277,1.2312595060028215
868,2.1627631948298482,1.8532529020146153,1.2319079322061597
869,2.1541767096526443,1.8332311420480913,1.2176214565346473
870,2.2031580633569194,1.7988557580451952,1.1897237990242002
871,2.2993375226358683,1.754104880640602,1.1513229393459194
872,2.426868831479802,1.7052124014335561,1.1072388886844564
873,2.5662676220051504,1.660336438753035,1.0636316003197297
874,2.69678091029706,1.6287796843683642,1.0273529960237662
875,2.7992468346750825,1.6195474600444733,1.0049271706000438
876,2.859287188806506,1.6391770544978166,1.0011457676217095
877,2.8704046295460715,1.6891534509945187,1.0174782874400528
878,2.8361566198836803,1.7637433778363847,1.0507892421270852
879,2.770332759518811,1.8494169913575904,1.0930429849656742
880,2.694336523881853,1.9268057853426774,1.1325402737799668
881,2.631909257579906,1.9752250513624952,1.1566847423826754
882,2.6026064025994837,1.9785062880965905,1.1555221617963687
883,2.6163232448857086,1.9299743071201423,1.12476775809997
884,2.671008821529979,1.8345478265530464,1.067145574825647
885,2.7544264940652727,1.7072735368142895,0.991701426208963
886,2.8491151617771275,1.5702907797966557,0.9126791426597692
887,2.938884363758152,1.459667045109823,0.8578524916354868
888,3.0153980633287665,1.4601096310444492,0.9021659256228607
889,3.077208622883176,1.648201318593587,1.1159297682187113
890,3.114968213979922,1.8245998770405785,1.3169115366580255
891,3.121559886506572,1.7565944737074521,1.2921321869234068
892,3.1157001986409685,1.666028538793379,1.244865077503719
893,3.1205769324715615,1.7219353619444617,1.321930781092091
894,3.1646131968420517,1.7529114248550988,1.34801048681779
895,3.234373776035239,1.7100955539732536,1.290973444806281
896,3.2379714727310853,1.6750093710018163,1.321548581890581
897,3.2512865296219067,1.5969100797507632,1.266024618312015
898,3.336062303213421,1.7836224660269264,1.1826522333082377
899,3.2952239764021627,1.8174201467292257,1.0514570074760041
900,3.1257890110051263,1.5686943596987633,0.8883494709862447
901,3.0130955796886765,1.3844473084350628,0.820997506323373
902,3.0173160565289128,1.377984081641849,0.8672816195005008
903,3.01223206502522,1.3853247761165215,0.8960036574459291
904,2.889046669662257,1.267376902665885,0.8151213229046426
905,2.741729796334364,1.1585064424273346,0.7491089177702361
906,2.69753142216552,1.2232258135556362,0.8342844480477506
907,2.7015833183929785,1.3161203221291395,0.9300182871167872
908,2.6631720792664986,1.2546964476050286,0.8685656988814678
909,2.645526646736724,1.187352006599512,0.7925157432800382
910,2.7125416016526533,1.2681057090263224,0.8505612597556923
911,2.8181445289115903,1.424392539692963,0.9825484689773989
912,2.8901058619535034,1.5342615873346916,1.0852504562933647
913,2.830157737079498,1.4854240229400189,1.0619623627275565
914,2.7186754835529205,1.361568883042775,0.9815376654326959
915,2.7955468402249988,1.4066014685834496,1.0467716220353303
916,2.7299532278872856,1.3287099389064636,0.9801332559564474
917,2.588377772668807,1.204423621689993,0.8478749234278333
918,2.640451007048347,1.2907202153279964,0.8875864389748604
919,2.7701554109031843,1.4491418272305727,1.0018321671376589
920,2.757448029409894,1.4428472745016057,0.9999558523506004
921,2.719860801008418,1.4049224047365247,0.9776254081550504
922,2.7785018737719094,1.4718610846218199,1.0369813579384253
923,2.85767444353755,1.5652799454058257,1.1158315936455856
924,2.858226649713689,1.5635456411393867,1.1349130858023482
925,2.7291000819550053,1.355737011632146,1.0477353681188304
926,2.816743490380234,1.4310185925163708,1.067119887807254
927,2.7174481671822925,1.413967184211486,1.0260643128612759
928,2.9044044556767017,1.4888590792057579,1.1284865716410755
929,2.8172147426313545,1.4064124367705588,1.0495618065073657
930,2.8431654231498715,1.4091720185519578,1.0278267544393556
931,2.8397788037671705,1.390225735267646,1.0481735182458478
932,2.860799287712073,1.3966392838908974,1.060595888209664
933,2.7918061149412896,1.3482831774557291,1.0222281526131296
934,2.6565021698354467,1.2580503404107002,0.9461808718392017
935,2.5549398261925718,1.1898548048407969,0.8931272105741789
936,2.626622799512036,1.235534737024233,0.9463877865943359
937,2.8014255257847935,1.354311013333609,1.0494520978150934
938,2.7981641191827276,1.358913817477195,1.0313075893045374
939,2.650812674393343,1.2597600185099445,0.9379002214671619
940,2.6349528254601338,1.2435591090847347,0.9305966428397591
941,2.757720180166454,1.3224879143161996,1.0025710579956708
942,2.845339065358667,1.3842484445762588,1.0570647125718182
943,2.777298038932884,1.352286011696192,1.0294377842470208
944,2.7007728533576394,1.3127283449418492,0.9925681889313276
945,2.7981275102624017,1.3734355687011097,1.0380260792890075
946,2.8629488045683313,1.4115687142469067,1.0612650366372591
947,2.7711405234925754,1.355558471796593,1.0046075428918664
948,2.6710251994204897,1.2970638174390317,0.9513889598423456
949,2.6723614647672274,1.3013287808707628,0.9585493513868776
950,2.76095260801461,1.3542745979748916,1.0088845416774006
951,2.854097594720323,1.4037489161298151,1.053183072664008
952,2.8652257823651786,1.4079126058952967,1.0609202742019865
953,2.784904904568674,1.368599888469706,1.0408382802754368
954,2.707613506908748,1.3290760472124639,1.026728286421993
955,2.7250475398808405,1.3298705064055247,1.0473841942786892
956,2.8141727137043775,1.365178263756915,1.095752325075929
957,2.860125183301789,1.3831520503522012,1.1237988585879357
958,2.8019647300603987,1.3484127853276657,1.09937179525225
959,2.7236515665693366,1.3003797161758062,1.0628369172188945
960,2.7302813942094435,1.2991944413310967,1.0697512745949846
961,2.8001136121745693,1.342713728161754,1.1089131449834486
962,2.8400014704746472,1.3844150896962624,1.129678702226673
963,2.823485990134855,1.402109388399973,1.1167269835532478
964,2.807319835621396,1.4091939665308402,1.0975862729303858
965,2.8471327954125774,1.4092035180952223,1.0923364132781817
966,2.8784981055507197,1.3935270054237663,1.0813414126157692
967,2.766413604436964,1.3460008105365335,1.022021042851998
968,2.8259320568799957,1.4158086774922016,1.067083079073954
969,2.6859909717725605,1.317873447840169,0.9778068252191077
970,2.874537060389772,1.470047523234854,1.0941895428056652
971,2.8757324000425113,1.5033661098634508,1.0969037088091818
972,2.695208012005865,1.360974944674413,0.9674031434528738
973,2.6951949780244417,1.302652257677144,0.9450658569768173
974,2.8571330255923555,1.4270676223032337,1.0732065002942064
975,2.914734145912481,1.4997363993905588,1.1427935690730657
976,2.8581118416290745,1.4714112776056838,1.123769174828722
977,2.7828532813219455,1.424121223479339,1.088567906248796
978,2.719939125227303,1.3835339474312887,1.0595146484084028
979,2.677387305910627,1.354857005704009,1.0410467330143385
980,2.6589794293830202,1.3403963445808518,1.0349814210379407
981,2.665550723096775,1.340687491678345,1.0415750462423097
982,2.6948698610635122,1.3544255656726472,1.059468465611929
983,2.7418255378127414,1.3785767903340653,1.0857875557542354
984,2.7990005264187965,1.4087220763067143,1.116451129497944
985,2.857585226243617,1.4396036857981884,1.1466615174886723
986,2.908516493071254,1.4658066064346469,1.1715168636717401
987,2.9436767700584907,1.4824761329427427,1.186656459072434
988,2.9569676729295935,1.485961317671335,1.1888395619081398
989,2.945093953685194,1.4742889635629717,1.17637259139046
990,2.907966102228477,1.4474215833469057,1.1493469173635307
991,2.848751967823254,1.4073373352210585,1.109733087774653
992,2.7737509155350684,1.358070313717627,1.0614773034781309
993,2.69232674873171,1.305883433948114,1.010774877679782
994,2.6169202362602113,1.2595468501895484,0.96647378687625
995,2.5625211390143314,1.2301370428460559,0.9399537710955996
996,2.5442319461192184,1.2291313582204517,0.9431328121781395
997,2.5717877616507807,1.2637889501962334,0.9834936474605372
998,2.64221346566189,1.3308348719188867,1.0572334621713522
999,2.7353520410716667,1.4125596981694262,1.1450135841925742
1000,2.8180859780333445,1.480401280889983,1.2158284229569118
1001,2.858310316861927,1.5069528859963524,1.240035333209929
1002,2.8414751214641223,1.4802356619997366,1.2049521903281781
1003,2.779630018617222,1.4119045788108557,1.124913136951049
1004,2.7116468692878275,1.3395320441733214,1.0491507082901477
1005,2.6940675303286596,1.320654854139511,1.0603854542919169
1006,2.7484322254120763,1.3751063010309654,1.182081816675682
1007,2.797657893458146,1.4116032055002656,1.252880064652853
1008,2.767974474804082,1.3458987110190779,1.129689166461751
1009,2.7168130976703004,1.2485869811268369,0.9409341418272282
1010,2.716980489324807,1.2077944018894922,0.8447583039681029
1011,2.7608408146154835,1.2163468054128628,0.8317079294857843
1012,2.8195372331241253,1.2413750223572022,0.8461556508909559
1013,2.8811447860042794,1.2693891427610504,0.865348906979407
1014,2.9431651337515943,1.2977853084285604,0.8851064169758031
1015,3.0039251922111396,1.3260548130951368,0.9051571930146579
1016,3.0488752096557676,1.3528068333558385,0.9284179051114773
1017,3.0083847930969196,1.3719500390697337,0.9696222322297698
1018,2.814514342541704,1.377424053351139,1.0430210005147398
1019,2.6961433737030807,1.3880732083993141,1.0987407110530545
1020,2.817741393075627,1.4246940698385278,1.095627480677471
1021,2.6650134061083004,1.3234287939665295,1.08617922572157
1022,3.513283860917361,0.8650195846340454,0.8164677582746536
1023,3.0644529062243575,1.2328053870750908,1.0002020685013941
1024,2.879704135573285,1.3687030264597815,1.0730616735857124
1025,2.668800133859986,1.326828718411267,1.0925691615510862
1026,2.5704551629469097,1.3012643154269499,1.1017409724555147
1027,2.6388677637971676,1.316815011465376,1.1017116163812828
1028,2.8184004426423344,1.3586033915326872,1.0939110681397572
1029,2.9956231096764814,1.3965108972908635,1.0817471523619788
1030,3.089077128041241,1.409108266751042,1.067926893554695
1031,3.0860281022037097,1.393432539141908,1.0533718113014008
1032,3.0162703288344788,1.3580639270583394,1.0380503894046553
1033,2.9146713359364833,1.3131876494019812,1.022116791748691
1034,2.8057579434650424,1.2664821765296648,1.0063541524035358
1035,2.71258937463317,1.2258108268230865,0.9924169230114402
1036,2.7012491020607716,1.2131509791755537,0.9846351525325625
1037,2.8604443006073375,1.2577550232514825,0.988556975161603
1038,2.995318460398749,1.297507933777405,0.9948447826612331
1039,2.881857205810619,1.2613510123902225,0.9963035774395358
1040,2.892866364981936,1.271153145426127,1.023609241752746
1041,3.053254688375267,1.3313482711776166,1.0589120186514713
1042,2.9639910163922787,1.3071268348632352,1.0470785841959611
1043,2.8740277051140786,1.2834737226606425,1.033252926064479
1044,2.9432662634331894,1.3140767686188772,1.0433432576057597
1045,3.058475347123363,1.359514058193637,1.0590083270594866
1046,3.1689909503076765,1.401686128506149,1.0718406769085052
1047,3.263144492310252,1.4358367440204658,1.0796086832896776
1048,3.3300771273564256,1.4545646828811938,1.0736560306931757
1049,3.306122538695651,1.4038888833523813,0.9823419591795627
1050,3.081023354802225,1.267987142735054,0.9109231804322494
1051,2.9195726914583306,1.2650978146688845,1.1335275770123268
1052,3.100336293764212,1.3473351559703386,1.1254095347540651
1053,3.243953772772143,1.3783211219493146,1.0120922738171807
1054,3.1919560896544326,1.3610984301667308,1.0496558205264863
1055,3.02510438975729,1.4118400255244121,1.323031624326458
1056,2.9031249763647553,1.4694379834439826,1.0701402482059912
1057,2.9077657453797805,1.2667200593658936,0.8845267375911492
1058,3.0904077908575607,1.407038727550463,1.0470173796846716
1059,2.9118703757650612,1.183957771102469,0.8535582487843356
1060,3.0649636376452993,1.256089941430178,0.9220344362847505
1061,3.2827772612858728,1.360457831834388,1.0166786666422425
1062,3.38033211478375,1.407761384064725,1.0599548230749256
1063,3.2462097809080843,1.3442539025720326,1.0051725063562378
1064,2.9980685531137516,1.2255122550481907,0.898914525473833
1065,2.872635696871176,1.1547239709015569,0.815900463252348
1066,3.0456567141650477,1.1925755483654048,0.7765045047798316
1067,3.2665161757550876,1.262537144602572,0.7746181284827923
1068,3.14323131878858,1.2484531518637845,0.8083687457146829
1069,2.994345412059967,1.2308369193518647,0.8492511267306615
1070,3.0190888652395707,1.2612175465975333,0.8819633049926136
1071,3.099447042029086,1.3063544180285214,0.9092360814725803
1072,3.175020891819051,1.3459154845886248,0.9227517816638819
1073,3.208593725793071,1.3511860989086428,0.8721049792722654
1074,3.156535197911762,1.2846260744354883,0.6866641685960735
1075,3.1015802477812784,1.2267303794578597,0.5158257104640007
1076,3.1558997933224364,1.284653926295705,0.559122949039166
1077,3.2008303402067404,1.3476792072027408,0.6102935566909029
1078,3.1544228661091496,1.3358704618273582,0.5236538041958725
1079,3.071126085833837,1.293068246672511,0.3882114088735187
1080,3.0005386550078854,1.256659284600319,0.28245184498767356
1081,2.9673964020548023,1.2420631188319013,0.2422168886730314
1082,2.980674975529968,1.254383524327783,0.2793964419377704
1083,3.03300563705728,1.2891216462727204,0.3814702456866317
1084,3.100180394001403,1.3297025778469764,0.5032640537167196
1085,3.137806983775832,1.3391933209764277,0.540662985219867
1086,3.1114976892046005,1.2891661531910101,0.41345672064312483
1087,3.082793014677819,1.2525324049256783,0.3375786048546392
1088,3.122350441669492,1.307234947494563,0.5523890197677432
1089,3.1370868718651725,1.3440860690099699,0.8179011185511491
1090,3.0352051583380604,1.239946534119629,0.8615506460346608
1091,2.9882500673730124,1.1433189540482505,0.6077556765769311
1092,3.089475566450828,1.2311324551033582,0.36803028566136364
1093,3.054217980706419,1.31104898193422,0.5975628919897529
1094,2.9624753709273035,1.28855432928522,0.7981987201693598
1095,2.987007319097583,1.2029679240244433,0.6842887432762129
1096,3.0203365831784414,1.1260120045686106,0.5365493278068492
1097,2.94586161376098,1.1514567593964113,0.6039495670308459
1098,2.993792521532926,1.1985349094809692,0.6322956124710624
1099,3.0834863046700467,1.2032391291892304,0.5721145314760231
1100,3.0018862424414237,1.187891616713132,0.5817629679563074
1101,2.9972521981292,1.1939800923328443,0.5789576445139584
1102,3.0733097809483203,1.2146492196400525,0.5576993643562422
1103,3.042173795859015,1.2332002504590795,0.6150670506609408
1104,2.9982135444067595,1.1977808709896212,0.5933662329553211
1105,3.1074851316892227,1.2410904295134093,0.5951921359146447
1106,2.958354458359771,1.1998781746392104,0.6086130107287241
1107,2.743984566276359,1.1352196207157186,0.6246075944167504
1108,2.7355458873134024,1.1316054408312495,0.6277234396517378
1109,2.8831682028991468,1.1742374614748907,0.6205895152066461
1110,3.0557239240929266,1.2239646777868667,0.6105244286199188
1111,3.1762488709084122,1.257095527625519,0.5995232778938643
1112,3.209434414782565,1.2624403003069922,0.5883012101950079
1113,3.161901710765515,1.2338847217473023,0.5911814050614302
1114,3.089326071630105,1.184336081787693,0.622241784097841
1115,3.1467821065876356,1.2172321103216277,0.5937409720792381
1116,3.203745076423315,1.2271411651071207,0.6328685298555479
1117,3.1169992611133086,1.2232152095009363,0.604089347005689
1118,3.244112662737464,1.2933977226238311,0.652519779103473
1119,3.1416597549535457,1.2613656425480833,0.6480288435666457
1120,3.040205733835302,1.2256394266992112,0.6375619741989375
1121,3.06187591720489,1.2323429604154865,0.6396700226256036
1122,3.0887252153642453,1.2430629013779668,0.6422145467345645
1123,2.970926369527268,1.2067884570818395,0.6281847082666464
1124,2.8034797592777165,1.1550533935310745,0.6088768129812986
1125,2.7503074086919206,1.1428366130861642,0.6035058615442901
1126,2.8190285175162026,1.1720544903351864,0.612706902879407
1127,2.9350541615665557,1.2167689319762087,0.6273784956463109
1128,3.0500089681572233,1.2600752519348626,0.6415631378087803
1129,3.1474151561940427,1.2960204023724131,0.6531437996502889
1130,3.2224790546492295,1.3227266127925732,0.6614698020056196
1131,3.2740765364304707,1.3396803488259634,0.6664229707746515
1132,3.3026051582982046,1.346957508444332,0.668204745227435
1133,3.2595444865718526,1.3244841801818852,0.6636836008141328
1134,3.0887522677437262,1.2490451790163906,0.6493065775124435
1135,3.2401949528300373,1.3054543679655288,0.6578360450228237
1136,3.241661892113975,1.2902050007798078,0.6567184348337533
1137,3.098032120725505,1.2021740871733713,0.6416346587575167
1138,2.9275145752233733,1.1495841774285067,0.600160329791085
1139,2.8921730823035117,1.1286013900665042,0.5868105792389934
1140,3.0206999796711083,1.1441363599461067,0.6147864964354385
1141,3.2250906217391284,1.2277130694131841,0.6440049127233702
1142,3.263937926119436,1.2697555753047436,0.6570460403664967
1143,2.9613091845332327,1.155230578433617,0.5848777186758178
1144,2.9689123229086913,1.139690079337629,0.5960552053649033
1145,2.9416403653872516,1.1650555007151489,0.6204250592845474
1146,2.87837489803184,1.1745068907688339,0.6285096488257098
1147,3.0006669857576425,1.2065268623582777,0.6370040538746781
1148,3.0283004490605663,1.2075538491727194,0.6199759092759548
1149,2.921489396854405,1.1723131794221695,0.5905468743681214
1150,2.993397930363012,1.1829511766744294,0.6030812383165022
1151,3.1107399178260717,1.2055367324877893,0.6258305215045256
1152,3.100666062499096,1.1962275294821896,0.6239646524838242
1153,3.0257625710282756,1.172629113470089,0.6098390922881811
1154,2.9540674082146725,1.1536689406466052,0.5969044744187788
1155,2.906142735767663,1.145585955378539,0.5892183338760743
1156,2.8878422032795874,1.1502521747568384,0.5878755794121897
1157,2.899837475818506,1.167494615118862,0.5928706601329915
1158,2.9381857268038427,1.1951817239397697,0.6032067432429727
1159,2.994697532332765,1.2293884814708707,0.6169804486411473
1160,3.0580566511220186,1.2648964993400063,0.6316309289113621
1161,3.1155898013628995,1.2959787609191697,0.6443305694490338
1162,3.1553780389453507,1.3173329056883014,0.652449654480944
1163,3.1682902138984397,1.324976824446856,0.6540025320065745
1164,3.1495130602703756,1.3169171945626132,0.6479812520247294
1165,3.099279520264669,1.2934583758579978,0.6345103029383797
1166,3.0227948450072724,1.257153471948876,0.6148200842688215
1167,2.9299142245018515,1.2126508471797413,0.5911531194595635
1168,2.8358234139053895,1.167006863297795,0.5668615414104063
1169,2.7634865694268,1.1308117028984992,0.5468583727067072
1170,2.7441301604019355,1.1184185706888596,0.5376796263230132
1171,2.805163016998889,1.1424249561517803,0.5450287453346855
1172,2.9406875747025927,1.2001881954999347,0.5678300885910419
1173,3.089365393423101,1.2637027275155162,0.5937762699094281
1174,3.1620269307474365,1.292230638255691,0.6049008676666946
1175,3.1131975055370953,1.2650202476952626,0.591998212472371
1176,2.9818220023071387,1.1999342080003932,0.5628413339321898
1177,2.8519346338481077,1.1354567620716265,0.5342776297091032
1178,2.7823307689673467,1.0985216010092163,0.5180784813275484
1179,2.7797518619729806,1.092245380516874,0.5155456733895207
1180,2.8212263601697396,1.106148107743725,0.5220116647406483
1181,2.883066834914563,1.1294187372810303,0.5326775417292823
1182,2.951771256706705,1.155902981164221,0.5448059879121455
1183,3.021824176262734,1.1830992984029354,0.5572763477101529
1184,3.0911023312796053,1.2100795960428583,0.5696634529275844
1185,3.1556936108076696,1.235393155079331,0.5812710258276448
1186,3.193516252552487,1.2511177913979836,0.5882735360517428
1187,3.142174356648812,1.2348954807603898,0.5798532218325491
1188,2.980811476077188,1.1791227122023866,0.55214726250381
1189,2.8822731745524948,1.145066176556607,0.5338855772441127
1190,2.9687846977504284,1.174998474368954,0.5434136554099558
1191,3.0268876427690663,1.1911432935643258,0.5413391786248897
1192,2.924432512257251,1.1493701527219657,0.5123374686510124
1193,2.8588016995869707,1.1366902155123375,0.5345660084911973
1194,2.955875411439632,1.1878017117646322,0.6180755421655909
1195,2.982136142656833,1.1556904833208304,0.6019283900357247
1196,2.9359921462340983,1.1016324075429367,0.5884566416760764
1197,3.1628593859022716,1.2068408976174154,0.6389725460064285
1198,3.2838671618288577,1.2730624434993452,0.6775480230993859
1199,3.155661455406143,1.223587706534871,0.6839353970766188
1200,3.0048505159555075,1.162191923729582,0.6833116236516933
1201,2.9534140065304175,1.1435813374230563,0.685730543364566
1202,3.0270480520156777,1.1792969467280743,0.6918912347201052
1203,3.1739181744072646,1.248578745483893,0.6977771263266281
1204,3.3095197563755385,1.3548038697894174,0.7365803161657888
1205,3.4020155814101543,1.578532312222988,0.9048117376795694
1206,3.249190456379222,1.3577955675352265,0.6994441076862743
1207,3.1917090713704757,1.30336714656376,0.6426768873951934
1208,3.2518208343856516,1.3255707706407824,0.637596705065376
1209,3.351195394648591,1.3533727809595464,0.62988842855067
1210,3.3807715194380936,1.3452413685212004,0.6029365687643371
1211,3.3087642496488847,1.2955530291332358,0.5582837037578603
1212,3.199955432910352,1.2414918810045108,0.5174321232532743
1213,3.143718028372859,1.229869907972078,0.505718585063836
1214,3.1862930002440986,1.2832276101213402,0.5344298664695685
1215,3.311527029836338,1.3880557820118227,0.5933236479624499
1216,3.4555608758020644,1.4999630847149394,0.6509661654840094
1217,3.516936796345744,1.543194346018501,0.6477479786490941
1218,3.4246029233890383,1.4607758696404525,0.536423115180551
1219,3.336179442209427,1.3757624217916473,0.42593385035912934
1220,3.440239329495169,1.437430306249372,0.4470364020817412
1221,3.5796087587740737,1.5230718840308817,0.4891613320124518
1222,3.6098380574542026,1.528486447335246,0.4604859052712893
1223,3.583548280382361,1.5131160655481737,0.41669535880590314
1224,3.5545591266322716,1.5351621896129592,0.41239567871319927
1225,3.5353951598419187,1.6103263623576924,0.46279219517292813
1226,3.7867174386458067,1.831587706571994,0.6837106004969894
1227,3.8222107201056597,1.9351428117601477,0.7296747754889584
1228,3.7981788573561266,2.103435670113307,0.8848267075368934
1229,3.5834091793819804,2.13856931639999,0.969848730434468
1230,3.772335500138055,2.176813012310789,1.1675501601243758
1231,3.5432263866655482,2.340720501576278,1.1254769975924626
1232,3.6705740224023624,2.2875711800830953,1.1397393183836266
1233,3.3607070738147633,2.5369250080747507,1.2197026315118176
1234,3.480173498324863,2.2716415411292985,1.1577434440371914
1235,3.4927892621925385,2.1877704514434027,1.089850639352458
1236,3.3939483505941395,1.8732431204504008,1.0607385940074237
1237,3.1307262975894514,1.8705540131677827,1.1532256871076212
1238,0.058546211149727294,3.357505822122632,2.5592877541175385
1239,2.5532221798514567,1.8994543690039736,1.2264805047654108
1240,2.7560346376676716,1.9037654551380039,1.1377017590530007
1241,2.738211055193454,2.0550922997471446,1.1848816533562452
1242,2.6851915321752235,2.0280571969955354,1.2303851241081936
1243,2.6357637604501694,1.8885294851655745,1.2706778453227885
1244,2.605947203071288,1.8419377002433874,1.2784717326444277
1245,2.5785623109891382,1.9893774331785112,1.2292306440651624
1246,2.5338859815812333,2.1842013482058933,1.155879198302905
1247,2.4447875064259055,2.226196520051124,1.121105649163841
1248,2.237060237924238,1.9576661269047095,1.2343030731481945
1249,2.0142919335791287,1.6328724451073469,1.3618597075039458
1250,2.043605158691662,1.815425445258028,1.1538060403092814
1251,2.0648650906476775,1.9831694490241325,0.953907145714609
1252,1.9967206532802604,1.964743995203786,0.8833542754675813
1253,2.032254942312001,2.0578905887694945,0.8306571220157419
1254,2.142228699632386,2.2535568791817724,0.7757640645107401
1255,1.9033627596989335,2.1004612490223282,0.739141962125119
1256,1.8085423952804702,2.2122334031374424,0.7057450427351981
1257,1.7767736223669017,2.4397630753818675,0.6385452266504283
1258,1.4987166781142454,2.4212488901164346,0.4698973401077998
1259,1.2128993042500686,2.345443158227533,0.3132301632654029
1260,1.2316168490190693,2.2904074436649746,0.3540356523624662
1261,1.311406515420387,2.3155970582417456,0.41609778752034043
1262,1.3035921280091176,2.4257575494188766,0.3989768305749378
1263,1.2681243573682892,2.544246160440194,0.3598241803782899
1264,1.2295058288484444,2.635273392079954,0.3221597019672951
1265,1.188227792440462,2.68441759322228,0.2885604368534485
1266,1.1436091975015816,2.683043353718267,0.25976462722150107
1267,1.2068700555209875,2.4835020915281274,0.3191297349109449
1268,1.1995190086136698,2.44810397428968,0.3420580408082625
1269,1.1579356243080003,2.36344105251396,0.2998476385125273
1270,0.9485427313384369,2.2403095595983693,0.19409154634739773
1271,0.911550017731269,2.1017809083045655,0.19026740380147633
1272,0.9069225147934054,2.019961656454947,0.20117541951223725
1273,0.9464177350861154,2.0398115820247926,0.22989554928414546
1274,1.029422095856348,2.1666216142292583,0.27499808523096103
1275,1.1231742731322412,2.330004748566952,0.32128747344504893
1276,1.1762899942634388,2.4147761683549076,0.3457836869876866
1277,1.1622033517050285,2.360354998618316,0.33687995432128637
1278,1.104824367561099,2.2198112156941514,0.3055989188854294
1279,1.0532285719081467,2.1027718185864743,0.2742909196534036
1280,1.0384927924112606,2.077555830753205,0.25744312231527344
1281,1.0603180353357706,2.1410687529171617,0.2556867228506954
1282,1.1029494585606094,2.2553242377484377,0.2627882427034803
1283,1.1519548690220338,2.385788737098738,0.2730407349555838
1284,1.19901736047224,2.5123081514604424,0.2833669180245626
1285,1.2398782436924491,2.624383830366947,0.2924000995515881
1286,1.2699901791954062,2.7118077333253825,0.29854025767149633
1287,1.2659401248238231,2.7277110360582535,0.2915880210056311
1288,1.177066354992669,2.5707783576173977,0.24892439130340394
1289,1.0855229136070323,2.360509513696015,0.2061877283790459
1290,1.1370700034374654,2.362017624210085,0.22833255469006603
1291,1.1015094271070776,2.290907933346615,0.22690713234924476
1292,1.1581326247642851,2.450780392488171,0.24420955618210893
1293,1.1970913287537852,2.598565595929685,0.2763956631348456
1294,1.1968050732007367,2.4979783342909103,0.26382597242375433
1295,1.073549027857469,2.3328735880060423,0.2473495582165503
1296,0.9932592389687686,2.1894456837997263,0.23163014715353228
1297,1.2417075704298157,2.614786456896811,0.254991765908495
1298,1.2035107409493635,2.584191448322394,0.25323815102447667
1299,1.2630951315084995,2.679348878188742,0.2749734607123295
1300,1.2247497451075746,2.613871939661656,0.24393946589019283
1301,1.219933741879652,2.5587053833278657,0.26448833753203643
1302,0.9901385360074078,2.109650826282561,0.23560237580057877
1303,1.1310599647969635,2.3597780800479664,0.26446275645403056
1304,1.070509621007964,2.218861224096307,0.2529482004938464
1305,1.0388646232963874,2.0605454695545773,0.25635502591919657
1306,1.2352898062679987,2.366502003668732,0.3141764087733107
1307,1.262105023780513,2.44969908981282,0.29409007790274366
1308,1.2594700736079054,2.4802364549817857,0.2687327489332816
1309,1.2799633153380672,2.5221675816590454,0.2676956141415834
1310,1.2246914370698512,2.412417881483135,0.2554652972887994
1311,1.1738724585395144,2.3000314786304643,0.2462961023845671
1312,1.1588921617574408,2.247953386578358,0.24617747491870376
1313,0.9026215585465178,1.7873461193094193,0.19323765265432954
1314,1.209902176034852,2.4212378051443224,0.27461534200134285
1315,1.1780691630583402,2.397505132311435,0.2396182030629562
1316,1.18591780540333,2.4843916219525166,0.26028874901366383
1317,1.045805766646519,2.194331118183964,0.228792774549411
1318,1.1577972705862654,2.425787289915057,0.2535661323302495
1319,1.1397283305138128,2.386756188751912,0.25944040384065736
1320,1.0691419326456348,2.260593140086237,0.2337079719315842
1321,1.1456836569466167,2.4238441968281252,0.2500880030547544
1322,1.179034787019196,2.4957660139472737,0.2563403740888737
1323,1.169708452514555,2.4776981694240425,0.25267508031304386
1324,1.1368425663061301,2.4097593784938756,0.2435902490607713
1325,1.1023786603393537,2.3379413682332206,0.23423705212499205
1326,1.0821385191659125,2.295373375056936,0.22834024148533963
1327,1.082028395238674,2.2943514050384053,0.22731263467082463
1328,1.0996332099355146,2.329690478007103,0.23062600877526723
1329,1.1284257248473801,2.387570788060988,0.23679162855921682
1330,1.1615593008275569,2.4535088160463463,0.244243707440713
1331,1.1938254234052563,2.5164695087092293,0.25179644684382907
1332,1.2218813153411097,2.5692812200362325,0.25872961438627823
1333,1.24261681825342,2.6044657111197163,0.26478487101375436
1334,1.246634889736595,2.59678441191805,0.2705622405754033
1335,1.211116017469217,2.4839925035399633,0.27802688722178326
1336,1.1323698181545254,2.2559552076073146,0.2875249877080205
1337,1.0810139201960902,2.105538661417295,0.292813039101234
1338,1.1173585508923642,2.1973458399017405,0.28861840374466596
1339,1.1820896613669911,2.3689222084158277,0.2804170586499766
1340,1.2055522615500363,2.429495972244699,0.27464504573515747
1341,1.1923082629876252,2.3911419100685736,0.27112270457342
1342,1.1658565506141674,2.317722557298767,0.26799537151271635
1343,1.135886076851214,2.235450826874636,0.2646570694748907
1344,1.105174005944406,2.1519194484251774,0.2611366988049809
1345,1.0768448789735778,2.076745938032386,0.25755437264275804
1346,1.0608734743964001,2.0422919997701916,0.25401046464794513
1347,1.0778862562791371,2.116092299484862,0.25057229229594374
1348,1.1298220794432468,2.3049781251460884,0.2472342217348288
1349,1.1605045911707719,2.4260976511857004,0.2438821410699839
1350,1.1249286538463663,2.3329176121750965,0.24043255739383035
1351,1.0708222119301871,2.1811802542537078,0.23700703908304377
1352,1.0559263163647867,2.158140424323169,0.23387898013917574
1353,1.077924246633535,2.2533143162723155,0.2314156716701316
1354,1.113737054888645,2.3869298205435143,0.23012473865025027
1355,1.1494853793818274,2.5084137492590415,0.23062370772263352
1356,1.1780116806877532,2.5893563683381506,0.23350920607332581
1357,1.1949889994167795,2.6120238377794807,0.23920427034411035
1358,1.1987659270564337,2.5698290660501226,0.2478408854870022
1359,1.190661880164768,2.468676692124734,0.25921678536216036
1360,1.174564840398075,2.325569071314044,0.27283856851947774
1361,1.1559980683966868,2.16792105036457,0.28799765523869697
1362,1.141501886902053,2.046751769464839,0.30369286705735254
1363,1.1380668642566336,2.0519869207185035,0.3182453053579706
1364,1.1466910989314743,2.213217487374955,0.3249450923890647
1365,1.149633700837071,2.3639884887599796,0.2876033377010894
1366,1.1362336829516315,2.312355695476932,0.2293279751355568
1367,1.1248127174213425,2.1370008480274927,0.26037820391964916
1368,1.102273735460188,2.1764360805394283,0.257955511127318
1369,1.0821854654540577,2.374677558349194,0.21536306236229605
1370,1.0969189063835405,2.508168777671222,0.2017670024897493
1371,1.1506988031625094,2.491381305686978,0.2326324341384483
1372,1.1981463548105613,2.3952558548973726,0.2706555872004167
1373,1.1787015278371191,2.350430729518059,0.2614928471634054
1374,1.1011927226504905,2.398720515816605,0.20485112994245708
1375,1.0563366287158975,2.4531178068208113,0.1678254421644701
1376,1.082002832579847,2.4259818520191847,0.1866410286379337
1377,1.092428863606108,2.3415244819631313,0.2075217425463377
1378,1.0399614003231594,2.2805902492555408,0.18874843015704634
1379,1.0292263643921042,2.282681328870999,0.18289945269986696
1380,1.1543266416034061,2.3326612993134317,0.24662183704903495
1381,1.3348574709913295,2.3917909982301095,0.3418491074131361
1382,1.410901027686026,2.426164945576415,0.38445027555386313
1383,1.3185045679531369,2.4248050289422975,0.34010109103199415
1384,1.1223348805355242,2.4016655510912903,0.24176380767330313
1385,0.9520901859683761,2.379690209508001,0.15483155984570385
1386,0.9725922880021414,2.3399676071924587,0.1605124470000108
1387,1.1704609391996093,2.3140857948048503,0.25461823689475815
1388,1.2023709824338713,2.331843387313385,0.2902062306039452
1389,1.1619909618628048,2.2134140617637956,0.3081599202208236
1390,1.1907751403384383,2.354764257844777,0.39663726075672057
1391,0.913763628730629,2.2747347342240927,0.6416804676726803
1392,1.066409958493734,2.334220099072094,0.33809736782378985
1393,1.2662138287872091,2.389500641213605,0.3496965118832868
1394,1.4148563113514236,2.34532310642544,0.48655112892279284
1395,1.3124954137780225,2.1871856380237404,0.5698269557370258
1396,1.21620237169957,2.4569382273606712,0.547727306160928
1397,1.1407874466308405,3.0260045596793517,0.3249392340455798
1398,1.2683376759333564,2.447332810818111,0.5660740638275065
1399,1.550277278529724,2.324717187656681,0.6364869212122983
1400,1.6690524271569012,2.368591919503389,0.6133217340424509
1401,1.840925624828075,2.5486879399899425,0.5953525347113213
1402,2.9195272099724643,2.475193189298573,1.0137333476446255
1403,3.828182896987462,2.4651182251066746,1.3570431038372484
1404,3.526707995856362,2.332848276836872,1.320255694495146
1405,1.6045520464341254,2.4872984785806773,0.8523607840161493
1406,1.7538039130983003,2.2842824125416175,0.7417518590096649
1407,1.8506783366538972,2.2592584073462487,0.7141920015113703
1408,1.7160178735959626,2.234686935125372,0.6630413076664005
1409,1.5874744372898055,2.2043846138402707,0.6070887877194187
1410,1.7007051986444504,2.285089729863627,0.6063603499694228
1411,1.7645320440657304,2.2822124094861156,0.5704690603922943
1412,1.6648164059862927,2.11513942642168,0.47198549919607696
1413,1.6035231462679334,1.9841004784367635,0.3972178570794791
1414,1.6875076579836004,2.127801648119763,0.4112139959116454
1415,1.8586554155096542,2.268211143948812,0.46543190099413584
1416,2.005257327595699,1.9868011528101157,0.4755570898399389
1417,2.084407302853891,1.7461479119922896,0.4812648761922551
1418,2.115959157623162,1.8368075124299794,0.5219295805688394
1419,2.1425370553716885,1.9381801010952848,0.5556460869032119
1420,2.1623303482400114,1.8104858615262112,0.5665060522861245
1421,2.097244847226532,1.7805581169884597,0.6594454603066835
1422,2.0976052653418167,1.9305917598005118,0.7694426736351196
1423,2.137394739299272,2.0128353586388092,0.8691015572867118
1424,2.1575508044824847,1.889076182711121,0.9509560780046107
1425,2.1565069389154004,1.70197451050371,1.0080572900310645
1426,2.136646413025111,1.5795268436229557,1.0349382820267388
1427,2.1021060397515536,1.557092886080386,1.0355531763787678
1428,2.0659428623694938,1.6116240523289094,1.0306051376423426
1429,2.0441371252633345,1.6878736556213714,1.0478035577877072
1430,2.039887450276147,1.7275109505686452,1.0989320060757917
1431,2.036510258293279,1.6968670277466151,1.1666003620854333
1432,2.0236472419479283,1.607271868057117,1.2310106704348034
1433,2.0218488627019844,1.5114707177008828,1.2999557110820295
1434,2.036967919338766,1.4589456038990127,1.3656166336184536
1435,2.020461787325852,1.4561331138045244,1.367251815762239
1436,1.9328499261670382,1.482055217543908,1.2618562931634851
1437,1.8015571140776898,1.5174690893928504,1.0829846762092694
1438,1.6913382786930842,1.5485128234947945,0.9020915172410773
1439,1.6562360663758622,1.5644300938466928,0.7747364823222233
1440,1.7139318630225944,1.5601555984544462,0.7211838866036965
1441,1.8330433906413348,1.5365882101815824,0.7261607068752357
1442,1.9394497421703898,1.4976316916879888,0.7491548004448143
1443,1.9528514069239662,1.4479074157001666,0.7461028876476106
1444,1.8379682641638788,1.3932470535173855,0.6936757248006391
1445,1.6521619830127474,1.3508401826984175,0.5920166911011476
1446,1.600775072086353,1.3817741477164607,0.43202604556232904
1447,1.7116637846078349,1.5044445228957612,0.32830585538412516
1448,1.7002191678411576,1.6226237396007213,0.4601557320863761
1449,1.6800512929859746,1.7041165416686734,0.5739901333332956
1450,1.571269616025419,1.6683429662776188,0.531708715598206
1451,1.3707480861097825,1.5665361503814266,0.46060989286339116
1452,1.0184224918014668,1.4006785305440816,0.5069214081256185
1453,1.4134272091819877,1.6180549620865439,0.41303592788765253
1454,1.4723168229703205,1.4628289361529625,0.2501513831875234
1455,1.496743159325111,2.2092952358679865,0.4189287679570481
1456,1.5458733245294438,1.7160371139992372,0.41155942475516466
1457,1.4739029822254481,1.630532477755896,0.37829654153314407
1458,1.381784098482364,1.5291421449287568,0.3355544704562351
1459,1.3020878389333739,1.445540090293165,0.29236542863982323
1460,1.314321983602911,1.5443014905175696,0.2930178817882228
1461,1.4206699017186788,1.8109732196400161,0.33419136764736423
1462,1.3518605529511298,1.5616682873779457,0.23226989317708316
1463,1.3636351657788168,1.4670176995221573,0.1715202687972515
1464,1.4467448320204384,1.5346890867778267,0.15729539907281112
1465,1.5239417146560847,1.6024343111352646,0.1490580884166311
1466,1.5728485160824264,1.6433922572466146,0.14238080949447984
1467,1.5790908293564454,1.641923907876716,0.13394551711811772
1468,1.1752109312032477,0.7897261814771072,-0.21686565005369518
1469,1.4690632648278026,1.5385654003393199,0.11732977693280164
1470,1.6025493222041194,2.0414345847239828,0.33915210692635434
1471,1.6297974953613648,2.0099841503337728,0.06315884616878767
1472,1.2491044739289494,0.9327031826882372,-0.0614352201054265
1473,1.3826976016579422,1.432380901383657,0.18215064338253875
1474,1.6376567033505718,1.8945075751213822,0.42184710831855154
1475,1.45310973717982,1.8697090026090144,0.12361341291064988
1476,1.4393724657028928,2.182073813418106,-0.13693321533474964
1477,1.3343890510210465,2.1373581638172,-0.09500374238753623
1478,1.3776399030031143,1.792095209002914,-0.7087164511840055
1479,1.390950231975359,2.025846092270447,-0.17613116556629815
1480,1.3410631047111115,2.029042463463725,-0.05961717328248153
1481,1.2800285394460746,2.0457892692508297,0.08329338735604397
1482,1.1498293588753445,1.6318439206629087,0.07661659504204946
1483,1.3108123655061354,1.824760076821274,0.4025916084710426
1484,1.1612868310796665,1.3691962300484266,0.2067726656159794
1485,1.4235927738367977,1.6323883255809613,0.3925391223754324
1486,1.265043311519852,1.3736978216091564,0.2885831287396134
1487,1.3263936024685232,1.378623572751799,0.34477707235037736
1488,1.5112495390810194,1.549497308405446,0.4624605623637409
1489,1.5466653324954323,1.5885794690093902,0.38620924971787207
1490,1.5641476013318,1.61410725634097,0.29279181812740995
1491,1.5191865459077012,1.5986461154231488,0.23715341841661555
1492,1.371632797968525,1.5019458584599212,0.16346234619680855
1493,1.7014603925411935,1.7791072112435526,0.2624160275250601
1494,1.8685989852133216,1.8839437544468705,0.2930386619437237
1495,1.8123159273050213,1.7168269729224845,0.21709095938194314
1496,1.763241343275031,1.586126232529398,0.15844000793906463
1497,1.876904272617565,1.782447798978633,0.22784609580740856
1498,2.0059989355934325,2.021892119714152,0.3171750214813172
1499,1.9391424932441572,1.8487367998809907,0.23124850356209192
1500,2.004137157641826,1.844840076137679,0.3516976248864762
1501,1.9948883535307405,1.8226979673058537,0.3752892481340819
1502,1.9694183338224853,1.7078364884901613,0.37620601544445814
1503,1.9633287683773126,1.6782079521330873,0.5459848715868459
1504,1.778786827883723,1.6739896530802727,0.4658246696544555
1505,1.56910127003616,1.5828904116476878,0.37228571142166367
1506,1.692313834000646,1.6012681809019995,0.32248869460141544
1507,1.947747038754438,1.7351966095120752,0.3842123191328305
1508,1.985766125368836,1.6355484743887785,0.397619242930721
1509,1.908377964873301,1.497160677297927,0.33934664984132473
1510,1.9767539338480378,1.7983342418669321,0.36539180171371244
1511,1.9405259213350816,1.8051865112012055,0.12823328115854202
1512,1.9316335926724368,1.7092216033090584,0.3589520000497082
1513,1.8710853703308827,1.7748807111053513,0.2591297929570294
1514,1.7486517825475074,1.544445954479915,0.1714015073921928
1515,1.682120225499105,1.611164235138895,0.21830002385311614
1516,1.6020839214025073,1.6854247268813105,0.27119640388307276
1517,1.4750074904519817,1.611467855281228,0.25919820350885675
1518,1.349456321154121,1.5219243630347148,0.224151194849685
1519,1.3025380468232628,1.5580080717550855,0.17580654909048657
1520,1.2662407498436012,1.618013731286748,0.12774821055178465
1521,1.0747414079535882,1.45111637423253,0.11053675537566074
1522,1.0075982726483923,1.5079358876571947,0.17650261948881604
1523,1.1340053394031437,1.8971949502300893,0.3028406291356642
1524,0.9404290875890109,1.751837684992279,0.11125510957996237
1525,1.3757843798570752,1.4594189692433526,-0.21170636247256386
1526,0.5278477923004571,2.2830501379626096,-0.07941228118601378
1527,0.920764906048005,2.222247987642135,-0.05822993783548447
1528,0.9554615605263029,2.324309206154415,-0.06779077929449956
1529,0.9658803985872335,2.328005219922943,-0.06809778103337516
1530,0.9599474024766029,2.2414110700964107,-0.059946838513214674
1531,0.9472257066640856,2.105941943809633,-0.04209946522934552
1532,0.9864180485738631,2.0690223038811055,0.09639811147692892
1533,1.0944100104548498,2.186062533211325,0.3731522173887562
1534,0.992130819215248,1.885338451652237,0.12041112511829456
1535,0.959483666288,1.756741495831787,0.003421480222122221
1536,0.954854057549294,1.7460964092790732,-0.006459002508642989
1537,0.8523985309961231,1.6748866880966824,-0.04349867746258179
1538,0.7724654849284787,1.6344350041325084,-0.07592123696354908
1539,0.93478878821321,1.8046928870485393,-0.03835975423439033
1540,1.1256015194547209,1.9820335354668537,0.03091030556261081
1541,1.2361702468170397,2.0381640502411384,0.1432570382314801
1542,1.2970862327762422,2.045165228391593,0.22316840430037607
1543,1.252098256180479,1.964031743693643,0.11930849644169692
1544,1.1275498707052531,1.6204798568753156,-0.041219431662095345
1545,1.0590685429191622,1.369049585314357,-0.11121724909995406
1546,1.1464105976888765,1.686514428919964,-0.0730675140589779
1547,1.2652221761821043,2.1147096436970108,-0.010578775682069325
1548,1.6409036573894156,1.795914245688009,0.41449705557366356
1549,0.5622007475723027,2.458197783269122,-0.284506948159992
1550,1.4297305352964067,1.0925197717791084,-0.5038345014767799
1551,1.1365568408509352,1.6904146955335966,0.022959391652598145
1552,0.9971094650346792,1.680265303042197,0.17761217999677237
1553,1.062853016248156,1.761178640367252,0.18232157387692338
1554,1.1397260809147365,1.716113098371239,0.3611335138619235
1555,0.9449841625742671,1.821330447346307,0.2296435812897559
1556,0.7620713867927712,1.7042339434911098,0.26895287841377746
1557,0.8735451699119966,1.7605921510062807,0.16997765499453146
1558,1.0189264016565722,1.838494286557528,0.04545169722422001
1559,1.0505166674707307,1.7835883964835852,-0.034155760946547625
1560,1.1120575271612936,1.61178593000519,-0.24327481707501794
1561,1.159198169048053,1.4431250558790172,-0.43062603683042844
1562,1.023388410338853,1.4518784282850006,-0.24145530482204947
1563,0.8830352938910587,1.4795365995621739,-0.03276046534230641
1564,0.8346665767521609,1.4659878125765786,0.018551079496156603
1565,0.8356472282237661,1.5062478121678322,0.034144424461074414
1566,0.8750573239611583,1.6392999175289966,0.054805227429366186
1567,0.931314430347518,1.8074785084361094,0.07649616552757756
1568,0.9603381572306354,1.8850414805228677,0.0853427326033887
1569,0.9411578066488109,1.809345146068368,0.07331160486158275
1570,0.9008135188452686,1.676344681775059,0.05819994966884428
1571,0.854203585541871,1.6958175126855748,0.12755660389990725
1572,0.8529089964033386,1.8260275835395108,0.23236579178699984
1573,1.011319450548898,1.6229239858467057,0.16640389395933222
1574,1.1597040228796813,1.4181963437139262,0.13809558171526698
1575,1.1989193240719636,1.6935629622199773,0.06391764353648818
1576,1.1970856677264274,1.8848893555625814,0.023359277812114502
1577,1.1793972992496398,1.8403901236480822,0.05186672938713157
1578,1.150008638284357,1.7352066479275958,0.09787219346636658
1579,1.1260798985493212,1.6345049108789533,0.1468984514058559
1580,1.1223971718941084,1.5678167292139253,0.19425930049928805
1581,1.145265609134701,1.5476900190159437,0.2376593845062382
1582,1.1928414205578044,1.5721179203515234,0.27661782837948595
1583,1.1658917250173273,1.7394495798283112,0.2679910362934062
1584,0.6139894197899656,2.5568420131460656,0.0036901942279564137
1585,1.3166037547949971,1.8954861498440587,0.3286398269822624
1586,1.4351524686066135,1.8196544502206111,0.38130881503369357
1587,1.3527033391875454,1.750921638613483,0.3495122531746915
1588,1.2633354905943621,1.6778974057727587,0.31033949665776384
1589,1.1867481229384256,1.637076840735099,0.24996841966342212
1590,1.2207248331489837,1.6719784423881223,0.2331494992676495
1591,3.477112762539581,1.784448941107165,1.1380211029454719
1592,3.407272100565408,1.6375631399285862,1.273689110062392
1593,1.8901966569853146,1.773448776826199,0.9336796540829233
1594,0.9290204335636828,1.6677556762221886,0.8510636099898069
1595,1.1829614051554198,1.5973116449043607,0.6392391098714054
1596,1.3860813548603788,1.4477372774821067,0.4277303532379441
1597,1.2937103746831902,1.2057986459333434,0.34823127491749106
1598,1.2217506571626213,1.0596998780996802,0.3299757098989916
1599,1.2558089523547198,1.077593323166451,0.3665286267965241
1600,1.43696614465612,1.2941890645862555,0.4481698168470913
1601,0.45289599000690517,2.8054343650093925,1.8015811613147035
1602,1.6694415945503513,1.5708850805600953,0.6046929577624738
1603,1.6603124748956648,1.5368516551514462,0.6489446554203351
1604,1.689858438126863,1.5325319141313476,0.6832165300638514
1605,1.7102152319486212,1.5093137330926731,0.7114333208936768
1606,1.7329044276986847,1.484357452072785,0.7422837839967812
1607,1.7669569203964877,1.4656097811831692,0.7943678455909808
1608,1.8245566305396084,1.4537879396028628,0.9165097216986702
1609,1.9187543624067123,1.4467166838362657,1.1681633470866042
1610,2.0378549636773897,1.4463369296648019,1.4975901014807544
1611,2.1328639105412943,1.4618247075939919,1.6829835298964817
1612,2.1693926917212205,1.497209724403523,1.580056539055692
1613,2.1529044237737343,1.523078251338433,1.3559367393228836
1614,2.0533773768780983,1.4613951130506142,1.298575081865737
1615,1.9825796319544045,1.3968394654429184,1.3581659597810005
1616,2.102220352137607,1.4829399432304584,1.2701847196986575
1617,2.1199949326907883,1.4766070869753338,1.184291234084318
1618,2.072709000435033,1.415833412811063,1.180176098629411
1619,2.199807020671621,1.5117996907654654,1.1812750285621765
1620,2.3318842648942364,1.6153445016648975,1.156773178129076
1621,2.3198796985499337,1.5944622038117142,1.1117010850147584
1622,2.2624682215213845,1.534072006998507,1.0746701444078097
1623,2.275058449145587,1.5327063685050608,1.0790595170930295
1624,2.3885285686725917,1.609839212861917,1.1338366210388418
1625,2.54056493321712,1.6893924852142377,1.2029652876345236
1626,2.6494951805493683,1.6915270279575498,1.243140809179294
1627,2.7615258129195843,1.7281450085288523,1.2893332703357607
1628,2.951209636448675,1.9223617807095865,1.3810349595637643
1629,3.121428032933683,2.0842090040333643,1.4161124479823004
1630,3.180684394287055,2.0352622836058867,1.3064446878711193
1631,3.1889683898152477,1.9612385595408826,1.2174346669840124
1632,3.218153435732121,2.074462673023581,1.3267826847472564
1633,3.248360827640666,2.2370152544314483,1.488328695681996
1634,3.2502968117024174,2.300698080145327,1.5542093833824784
1635,3.4309248943404143,2.287238980756698,1.3053758364739256
1636,3.39017455395876,2.355715204029369,1.3303760748557336
1637,3.3660339050330927,2.2278286278476087,1.3752580448607026
1638,3.5811692082454467,2.1446996542186976,1.1569020549724747
1639,3.364401475786525,2.041323510608899,1.2510348188150344
1640,3.387995374675709,1.9069238892195175,1.243107535786295
1641,3.7442808133454792,1.8986569461392118,1.1351350656888686
1642,3.8872323904442503,2.0323829162265734,1.1312615484720454
1643,3.5130538121183275,2.073838267692546,1.206985242241402
